,UK CPI: Consumer Price Index of All Items in the United Kingdom,Long-Term Government Bond Yields: 10-year: Main (Including Benchmark) for the United Kingdom,3M SPLICE SERIES,IR3TTS01GBM156N,IR3TIB01GBM156N
DATE,GBRCPIALLMINMEI,IRLTLT01GBM156N,3M SPLICE SERIES,IR3TTS01GBM156N,IR3TIB01GBM156N
1/1/1960,5.611996913,5.33,4.54,4.54,
2/1/1960,5.611996913,5.4,4.55,4.55,
3/1/1960,5.601783998,5.59,4.62,4.62,
4/1/1960,5.632422744,5.67,4.65,4.65,
5/1/1960,5.632422744,5.69,4.56,4.56,
6/1/1960,5.66306149,6.04,5.68,5.68,
7/1/1960,5.673274405,6.01,5.55,5.55,
8/1/1960,5.637529201,6.03,5.59,5.59,
9/1/1960,5.642635659,6.1,5.57,5.57,
10/1/1960,5.688593778,6.1,5.09,5.09,
11/1/1960,5.714126066,6.14,4.64,4.64,
12/1/1960,5.729445438,6.17,4.35,4.35,
1/1/1961,5.734551896,6.15,4.17,4.17,
2/1/1961,5.734551896,6,4.4,4.4,
3/1/1961,5.754977726,6.06,4.49,4.49,
4/1/1961,5.785616472,6.03,4.41,4.41,
5/1/1961,5.800935845,6.09,4.44,4.44,
6/1/1961,5.852000421,6.34,4.54,4.54,
7/1/1961,5.852000421,6.56,6.69,6.69,
8/1/1961,5.908171455,6.69,6.7,6.7,
9/1/1961,5.89795854,6.68,6.55,6.55,
10/1/1961,5.908171455,6.11,5.73,5.73,
11/1/1961,5.969448946,6.21,5.39,5.39,
12/1/1961,5.979661861,6.25,5.4,5.4,
1/1/1962,6.000087692,6.2,5.24,5.24,
2/1/1962,6.006087779,6.27,5.53,5.53,
3/1/1962,6.03008813,6.27,4.41,4.41,
4/1/1962,6.114089358,6.28,4.05,4.05,
5/1/1962,6.132089621,6.28,3.82,3.82,
6/1/1962,6.174090235,6.19,3.92,3.92,
7/1/1962,6.150089884,5.81,3.89,3.89,
8/1/1962,6.096089095,5.62,3.75,3.75,
9/1/1962,6.090089007,4.89,3.64,3.64,
10/1/1962,6.084088919,5.05,3.86,3.86,
11/1/1962,6.10808927,5.17,3.69,3.69,
12/1/1962,6.138089709,5.14,3.72,3.72,
1/1/1963,6.162090059,5.23,3.49,3.49,
2/1/1963,6.216090849,5.43,3.43,3.43,
3/1/1963,6.222090936,5.45,3.76,3.76,
4/1/1963,6.240091199,5.29,3.71,3.71,
5/1/1963,6.234091112,5.17,3.64,3.64,
6/1/1963,6.234091112,5.08,3.7,3.7,
7/1/1963,6.198090586,5.06,3.76,3.76,
8/1/1963,6.180090323,4.96,3.72,3.72,
9/1/1963,6.198090586,4.9,3.67,3.67,
10/1/1963,6.222090936,4.97,3.74,3.74,
11/1/1963,6.240091199,5.21,3.74,3.74,
12/1/1963,6.252091375,5.24,3.72,3.72,
1/1/1964,6.282091813,5.27,3.76,3.76,
2/1/1964,6.288091901,5.45,4.31,4.31,
3/1/1964,6.312092252,5.46,4.3,4.3,
4/1/1964,6.366093041,5.49,4.3,4.3,
5/1/1964,6.42009383,5.55,4.38,4.38,
6/1/1964,6.444094181,5.64,4.46,4.46,
7/1/1964,6.444094181,5.76,4.65,4.65,
8/1/1964,6.468094532,5.75,4.66,4.66,
9/1/1964,6.468094532,5.77,4.65,4.65,
10/1/1964,6.474094619,5.84,4.7,4.7,
11/1/1964,6.528095409,6.07,6.63,6.63,
12/1/1964,6.552095759,6.38,6.63,6.63,
1/1/1965,6.570096022,6.35,6.54,6.54,
2/1/1965,6.570096022,6.36,6.44,6.44,
3/1/1965,6.594096373,6.52,6.55,6.55,
4/1/1965,6.720098215,6.6,6.38,6.38,
5/1/1965,6.744098566,6.69,6.36,6.36,
6/1/1965,6.762098829,6.73,5.54,5.54,
7/1/1965,6.762098829,6.79,5.63,5.63,
8/1/1965,6.774099004,6.68,5.56,5.56,
9/1/1965,6.780099092,6.47,5.49,5.49,
10/1/1965,6.786099179,6.43,5.44,5.44,
11/1/1965,6.816099618,6.41,5.4,5.4,
12/1/1965,6.846100056,6.59,5.52,5.52,
1/1/1966,6.858100232,6.42,5.48,5.48,
2/1/1966,6.864100319,6.55,5.62,5.62,
3/1/1966,6.876100495,6.73,5.6,5.6,
4/1/1966,6.960101722,6.7,5.64,5.64,
5/1/1966,7.008102424,6.76,5.66,5.66,
6/1/1966,7.026102687,7,5.73,5.73,
7/1/1966,6.996102249,7.34,6.68,6.68,
8/1/1966,7.038102862,7.49,6.73,6.73,
9/1/1966,7.026102687,7,6.75,6.75,
10/1/1966,7.04410295,6.92,6.51,6.51,
11/1/1966,7.086103564,6.86,6.74,6.74,
12/1/1966,7.098103739,6.63,6.53,6.53,
1/1/1967,7.110103915,6.57,6.08,6.08,
2/1/1967,7.116104002,6.4,6.04,6.04,
3/1/1967,7.116104002,6.43,5.5,5.5,
4/1/1967,7.170104792,6.37,5.41,5.41,
5/1/1967,7.164104704,6.42,5.25,5.25,
6/1/1967,7.194105142,6.64,5.28,5.28,
7/1/1967,7.152104529,6.81,5.35,5.35,
8/1/1967,7.134104266,6.71,5.29,5.29,
9/1/1967,7.128104178,6.74,5.48,5.48,
10/1/1967,7.182104967,6.9,5.73,5.73,
11/1/1967,7.224105581,7.1,7.55,7.55,
12/1/1967,7.272106282,7.31,7.48,7.48,
1/1/1968,7.296106633,7.3,7.52,7.52,
2/1/1968,7.332107159,7.27,7.37,7.37,
3/1/1968,7.35610751,7.3,7.11,7.11,
4/1/1968,7.488109439,7.27,7.08,7.08,
5/1/1968,7.494109527,7.36,7.24,7.24,
6/1/1968,7.524109965,7.61,7.24,7.24,
7/1/1968,7.530110053,7.69,7.06,7.06,
8/1/1968,7.542110229,7.55,6.95,6.95,
9/1/1968,7.548110316,7.5,6.58,6.58,
10/1/1968,7.584110842,7.52,6.49,6.49,
11/1/1968,7.602111105,7.73,6.79,6.79,
12/1/1968,7.704112596,8.01,6.78,6.78,
1/1/1969,7.74611321,8.26,6.73,6.73,
2/1/1969,7.788113824,8.4,7.71,7.71,
3/1/1969,7.818114262,8.66,7.78,7.78,
4/1/1969,7.90211549,8.65,7.8,7.8,
5/1/1969,7.890115315,8.97,7.85,7.85,
6/1/1969,7.926115841,9.29,7.88,7.88,
7/1/1969,7.926115841,8.98,7.83,7.83,
8/1/1969,7.908115578,9.02,7.79,7.79,
9/1/1969,7.932115929,9.06,7.81,7.81,
10/1/1969,7.992116805,8.84,7.74,7.74,
11/1/1969,8.010117069,8.92,7.74,7.74,
12/1/1969,8.064117858,8.91,7.65,7.65,
1/1/1970,8.130118822,8.89,7.51,7.51,
2/1/1970,8.172119436,8.68,7.59,7.59,
3/1/1970,8.220120138,8.54,7.18,7.18,
4/1/1970,8.346121979,8.55,6.77,6.77,
5/1/1970,8.37012233,8.8,6.86,6.86,
6/1/1970,8.394122681,8.85,6.85,6.85,
7/1/1970,8.454123558,8.5,6.83,6.83,
8/1/1970,8.44812347,8.33,6.82,6.82,
9/1/1970,8.490124084,8.43,6.81,6.81,
10/1/1970,8.580125399,8.42,6.81,6.81,
11/1/1970,8.640126276,8.69,6.82,6.82,
12/1/1970,8.700127153,8.93,6.82,6.82,
1/1/1971,8.820128907,8.8,6.77,6.77,
2/1/1971,8.868129608,8.59,6.72,6.72,
3/1/1971,8.940130661,8.34,6.62,6.62,
4/1/1971,9.132133467,8.21,5.68,5.68,
5/1/1971,9.192134344,8.09,5.63,5.63,
6/1/1971,9.258135308,8.14,5.59,5.59,
7/1/1971,9.312136098,7.71,5.56,5.56,
8/1/1971,9.318136185,7.69,5.81,5.81,
9/1/1971,9.330136361,7.47,4.75,4.75,
10/1/1971,9.38413715,7.24,4.56,4.56,
11/1/1971,9.438137939,7.05,4.28,4.28,
12/1/1971,9.486138641,7.09,4.41,4.41,
1/1/1972,9.54013943,7.03,4.35,4.35,
2/1/1972,9.588140131,7.05,4.36,4.36,
3/1/1972,9.61814057,7.39,4.31,4.31,
4/1/1972,9.708141885,7.44,4.27,4.27,
5/1/1972,9.756142587,7.85,4.3,4.3,
6/1/1972,9.822143551,8.95,5.64,5.64,
7/1/1972,9.85214399,8.9,5.76,5.76,
8/1/1972,9.93014513,9.05,5.83,5.83,
9/1/1972,9.984145919,9.29,6.63,6.63,
10/1/1972,10.12214794,9.1,6.89,6.89,
11/1/1972,10.15814846,9.09,6.93,6.93,
12/1/1972,10.21214925,9.36,8.31,8.31,
1/1/1973,10.27815022,9.17,8.13,8.13,
2/1/1973,10.34415118,9.33,8.06,8.06,
3/1/1973,10.40415206,9.78,7.94,7.94,
4/1/1973,10.60215495,9.66,7.67,7.67,
5/1/1973,10.68015609,9.74,7.2,7.2,
6/1/1973,10.73415688,9.88,6.96,6.96,
7/1/1973,10.78215758,10.43,10.89,10.89,
8/1/1973,10.81215802,11.22,10.97,10.97,
9/1/1973,10.90815942,11.48,10.94,10.94,
10/1/1973,11.12416258,11.29,10.67,10.67,
11/1/1973,11.20816381,12.08,12.45,12.45,
12/1/1973,11.29216504,12.64,12.42,12.42,
1/1/1974,11.50816819,13,12.03,12.03,
2/1/1974,11.70380705,13.46,11.82,11.82,
3/1/1974,11.80738057,13.51,11.98,11.98,
4/1/1974,12.21016645,13.82,11.48,11.48,
5/1/1974,12.38278898,13.33,11.21,11.21,
6/1/1974,12.50937883,13.81,11.24,11.24,
7/1/1974,12.62446051,14.17,11.19,11.19,
8/1/1974,12.63596868,14.52,11.25,11.25,
9/1/1974,12.77406669,14.17,10.98,10.98,
10/1/1974,13.02724639,14.61,10.89,10.89,
11/1/1974,13.25740976,15.76,10.98,10.98,
12/1/1974,13.45304862,16.32,10.99,10.99,
1/1/1975,13.79829366,15.07,10.2641,10.2641,
2/1/1975,14.02845703,13.33,9.7704,9.7704,
3/1/1975,14.30465306,12.24,9.3694,9.3694,
4/1/1975,14.85704514,12.42,9.2403,9.2403,
5/1/1975,15.47848622,13.11,9.4459,9.4459,
6/1/1975,15.77769859,12.99,9.4826,9.4826,
7/1/1975,15.93881295,12.75,10.4272,10.4272,
8/1/1975,16.03087829,12.77,10.3805,10.3805,
9/1/1975,16.16897631,12.76,10.4835,10.4835,
10/1/1975,16.39913967,13.51,11.4103,11.4103,
11/1/1975,16.59477853,13.66,10.988,10.988,
12/1/1975,16.80192556,13.57,10.7708,10.7708,
1/1/1976,17.02058076,12.64,9.2987,9.2987,
2/1/1976,17.23923595,12.13,8.6161,8.6161,
3/1/1976,17.3313013,12.55,8.4177,8.4177,
4/1/1976,17.66503818,12.47,9.9432,9.9432,
5/1/1976,17.86067704,12.37,10.9983,10.9983,
6/1/1976,17.95274238,13.45,10.9919,10.9919,
7/1/1976,17.98726689,13.56,10.8693,10.8693,
8/1/1976,18.24044659,13.67,10.9403,10.9403,
9/1/1976,18.48211812,14.18,12.3748,12.3748,
10/1/1976,18.815855,15.67,14.4337,14.4337,
11/1/1976,19.08054286,15.46,14.0342,14.0342,
12/1/1976,19.33372256,15.17,13.5094,13.5094,
1/1/1977,19.84008196,14.07,11.7386,11.7386,
2/1/1977,20.03572082,13.34,10.7662,10.7662,
3/1/1977,20.23135968,12.44,8.7643,8.7643,
4/1/1977,20.74922725,12.18,7.4973,7.4973,
5/1/1977,20.91034161,11.86,7.4337,7.4337,
6/1/1977,21.1289968,12.52,7.4502,7.4502,
7/1/1977,21.15201314,12.87,7.3008,7.3008,
8/1/1977,21.25558665,12.29,6.4184,6.4184,
9/1/1977,21.37066833,11.03,5.3013,5.3013,
10/1/1977,21.46273368,10.31,4.4776,4.4776,
11/1/1977,21.56630719,10.72,6.4265,6.4265,
12/1/1977,21.68138888,10.7,6.2931,6.2931,
1/1/1978,21.80797873,10.61,5.7692,5.7692,
2/1/1978,21.93456858,10.39,5.9755,5.9755,
3/1/1978,22.07266659,11.2,5.9962,5.9962,
4/1/1978,22.3948953,11.91,6.9988,6.9988,
5/1/1978,22.52148515,12.28,8.4825,8.4825,
6/1/1978,22.69410768,12.48,9.2726,9.2726,
7/1/1978,22.79768119,12.37,9.1136,9.1136,
8/1/1978,22.94728738,12.23,9.0466,9.0466,
9/1/1978,23.03935272,12.38,9.1659,9.1659,
10/1/1978,23.14292624,12.72,10.2846,10.2846,
11/1/1978,23.30404059,13.09,11.566,11.566,
12/1/1978,23.49967945,13.12,11.5635,11.5635,
1/1/1979,23.8449245,13.55,12.0863,12.0863,
2/1/1979,24.04056335,13.99,12.2281,12.2281,
3/1/1979,24.23620221,12.08,11.4397,11.4397,
4/1/1979,24.65049627,11.39,11.2863,11.2863,
5/1/1979,24.84613513,11.75,11.4209,11.4209,
6/1/1979,25.27193735,12.56,13.3295,13.3295,
7/1/1979,26.36521333,12.34,13.3459,13.3459,
8/1/1979,26.57236036,12.26,13.3397,13.3397,
9/1/1979,26.83704823,12.56,13.3638,13.3638,
10/1/1979,27.11324426,13.09,13.4713,13.4713,
11/1/1979,27.35491579,14.76,16.0988,16.0988,
12/1/1979,27.55055465,15.02,15.8421,15.8421,
1/1/1980,28.22953658,14.41,16.1858,16.1858,
2/1/1980,28.63232246,14.74,16.1236,16.1236,
3/1/1980,29.02360018,14.93,16.2838,16.2838,
4/1/1980,30.01330265,14.42,16.0629,16.0629,
5/1/1980,30.28949868,14.11,16.0608,16.0608,
6/1/1980,30.57720289,13.78,15.6801,15.6801,
7/1/1980,30.83038259,13.08,14.7076,14.7076,
8/1/1980,30.8994316,13.7,14.9497,14.9497,
9/1/1980,31.09507046,13.47,14.3317,14.3317,
10/1/1980,31.29070932,13.2,14.3641,14.3641,
11/1/1980,31.54388902,13.34,12.9502,12.9502,
12/1/1980,31.71651154,13.78,13.0161,13.0161,
1/1/1981,31.9121504,13.97,12.6095,12.6095,
2/1/1981,32.1998546,13.84,11.5857,11.5857,
3/1/1981,32.68319767,13.66,11.5305,11.5305,
4/1/1981,33.62686746,13.66,11.2851,11.2851,
5/1/1981,33.84552266,14.4,11.4452,11.4452,
6/1/1981,34.04116151,14.69,11.878,11.878,
7/1/1981,34.1907677,15.28,13.8014,13.8014,
8/1/1981,34.4439474,15.23,13.1867,13.1867,
9/1/1981,34.63958626,15.81,15.1231,15.1231,
10/1/1981,34.9503068,16.34,15.6619,15.6619,
11/1/1981,35.31856818,15.72,13.7564,13.7564,
12/1/1981,35.53722338,16,14.6701,14.6701,
1/1/1982,35.74437041,15.94,13.5681,13.5681,
2/1/1982,35.75587858,15.09,12.4972,12.4972,
3/1/1982,36.06659912,14.01,12.4717,12.4717,
4/1/1982,36.79161371,14.2,12.618,12.618,
5/1/1982,37.05630158,13.89,12.2195,12.2195,
6/1/1982,37.15987509,13.75,12.2313,12.2313,
7/1/1982,37.17138326,13.35,10.7246,10.7246,
8/1/1982,37.18289143,12.21,9.6954,9.6954,
9/1/1982,37.15987509,11.51,9.499,9.499,
10/1/1982,37.34400579,10.69,8.5089,8.5089,
11/1/1982,37.52813648,10.8,9.6493,9.6493,
12/1/1982,37.45908747,11.58,9.7204,9.7204,
1/1/1983,37.50512014,11.87,10.9366,10.9366,
2/1/1983,37.6662345,11.79,10.8439,10.8439,
3/1/1983,37.7352835,11.38,10.2175,10.2175,
4/1/1983,38.26465924,11.06,9.6765,9.6765,
5/1/1983,38.4257736,11.16,9.6863,9.6863,
6/1/1983,38.51783894,10.99,9.2647,9.2647,
7/1/1983,38.72498597,11.53,9.3989,9.3989,
8/1/1983,38.89760849,11.72,9.3386,9.3386,
9/1/1983,39.07023101,11.25,8.968,8.968,
10/1/1983,39.20832903,11.02,8.8307,8.8307,
11/1/1983,39.34642705,10.68,8.8624,8.8624,
12/1/1983,39.45000057,10.77,8.8391,8.8391,
1/1/1984,39.42698423,10.77,8.859,8.859,
2/1/1984,39.58809858,10.87,8.8473,8.8473,
3/1/1984,39.71468843,10.66,8.3829,8.3829,
4/1/1984,40.24406417,10.85,8.3629,8.3629,
5/1/1984,40.39367036,11.38,8.9245,8.9245,
6/1/1984,40.49724387,11.59,8.8638,8.8638,
7/1/1984,40.4512112,12.07,11.356,11.356,
8/1/1984,40.83098075,11.41,9.9324,9.9324,
9/1/1984,40.91153793,11.23,9.9807,9.9807,
10/1/1984,41.16471763,11.1,9.8771,9.8771,
11/1/1984,41.29130748,10.73,9.0559,9.0559,
12/1/1984,41.25678297,10.87,9.1225,9.1225,
1/1/1985,41.40638916,11.36,11.815,11.815,
2/1/1985,41.72420136,11.49,13.4035,13.4035,
3/1/1985,42.13281704,11.33,12.3571,12.3571,
4/1/1985,43.04085189,11.07,11.9039,11.9039,
5/1/1985,43.22245886,11.23,11.8015,11.8015,
6/1/1985,43.31326234,11.03,11.9659,11.9659,
7/1/1985,43.22245886,10.77,10.9861,10.9861,
8/1/1985,43.35866409,10.69,11.0009,11.0009,
9/1/1985,43.31326234,10.68,11.0069,11.0069,
10/1/1985,43.40406583,10.52,11.1373,11.1373,
11/1/1985,43.54027106,10.69,11.0153,11.0153,
12/1/1985,43.5856728,10.78,11.1662,11.1662,
1/1/1986,43.67647628,11.13,12.0967,12.0967,12.863
2/1/1986,43.85808325,10.73,11.8481,11.8481,12.71875
3/1/1986,43.903485,9.69,10.7444,10.7444,11.77679
4/1/1986,44.35750242,8.94,9.847,9.847,10.5767
5/1/1986,44.40290416,9.15,9.34,9.34,10.26705
6/1/1986,44.40290416,9.45,9.3029,9.3029,9.82292
7/1/1986,44.26669894,9.61,9.5021,9.5021,10.03805
8/1/1986,44.40290416,9.66,9.3369,9.3369,9.89435
9/1/1986,44.62991288,10.28,9.6865,9.6865,10.18892
10/1/1986,44.72071636,10.92,10.5631,10.5631,11.1644
11/1/1986,45.0839303,11.08,10.6692,10.6692,11.24609
12/1/1986,45.22013553,10.98,10.6646,10.6646,11.40421
1/1/1987,45.4017425,10.27,10.5618,10.5618,11.10085
2/1/1987,45.58334947,9.97,10.1969,10.1969,10.89219
3/1/1987,45.67415295,9.11,9.3157,9.3157,10.0142
4/1/1987,46.21897386,9.14,8.6988,8.6988,9.83097
5/1/1987,46.26437561,8.8,8.4947,8.4947,8.86792
6/1/1987,46.26437561,8.93,8.7617,8.7617,8.93608
7/1/1987,46.21897386,9.29,8.9371,8.9371,9.24796
8/1/1987,46.35517909,10.13,9.867,9.867,10.0997
9/1/1987,46.49138432,10.21,9.7727,9.7727,10.19602
10/1/1987,46.71839303,10.14,8.8733,8.8733,10.0277
11/1/1987,46.94540174,9.23,8.4842,8.4842,8.99851
12/1/1987,46.9,9.63,8.209,8.209,7.97283
1/1/1988,46.9,9.71,8.2125,8.2125,8.88691
2/1/1988,47,9.52,8.8106,8.8106,9.28795
3/1/1988,47.2,9.22,8.0952,8.0952,8.91304
4/1/1988,47.8,9.2,7.8262,7.8262,8.37426
5/1/1988,48,9.41,7.1506,7.1506,8.06676
6/1/1988,48.2,9.51,9.7074,9.7074,8.97514
7/1/1988,48.2,9.84,10.2638,10.2638,10.57366
8/1/1988,48.5,9.91,11.4865,11.4865,11.44429
9/1/1988,48.7,10.1,11.3908,11.3908,12.19034
10/1/1988,49,9.69,11.5015,11.5015,12.0439
11/1/1988,49.3,9.86,12.5769,12.5769,12.31818
12/1/1988,49.3,10.14,12.5083,12.5083,13.15767
1/1/1989,49.5,9.96,12.3125,12.3125,13.16122
2/1/1989,49.7,9.72,12.5059,12.5059,13.06406
3/1/1989,50,9.88,12.394,12.394,13.0625
4/1/1989,50.5,10.18,12.2335,12.2335,13.18359
5/1/1989,50.9,10.17,13.2667,13.2667,13.22215
6/1/1989,51,10.55,13.6226,13.6226,14.18253
7/1/1989,51,10.15,13.2363,13.2363,13.96317
8/1/1989,51.1,9.91,13.4198,13.4198,13.89572
9/1/1989,51.5,10.21,13.4431,13.4431,14.07217
10/1/1989,51.9,10.45,14.4398,14.4398,15.06818
11/1/1989,52.1,10.55,14.5739,14.5739,15.15412
12/1/1989,52.2,10.56,14.479,14.479,15.15179
1/1/1990,52.4,10.89,14.4529,14.4529,15.19837
2/1/1990,52.9,11.33,14.3421,14.3421,15.14922
3/1/1990,53.1,12.42,14.587,14.587,15.31676
4/1/1990,54.4,12.74,14.62,14.62,15.25744
5/1/1990,55,12.41,14.4826,14.4826,15.19429
6/1/1990,55.2,11.8,14.3198,14.3198,15.01302
7/1/1990,55.2,11.84,14.3317,14.3317,14.9858
8/1/1990,55.7,12.15,14.2896,14.2896,15.01664
9/1/1990,56.2,12.1,14.2333,14.2333,14.95117
10/1/1990,56.7,11.74,13.1273,13.1273,14.06216
11/1/1990,56.9,11.37,12.6947,12.6947,13.68111
12/1/1990,57,10.84,13.0581,13.0581,13.8817
1/1/1991,57,10.59,12.8363,12.8363,14.01087
2/1/1991,57.2,10.13,11.8831,11.8831,13.29532
3/1/1991,57.5,10.29,11.5556,11.5556,12.4628
4/1/1991,58.7,10.19,11.17,11.17,12.01492
5/1/1991,59.2,10.38,10.7438,10.7438,11.56522
6/1/1991,59.5,10.58,10.7456,10.7456,11.29844
7/1/1991,59.3,10.28,10.4456,10.4456,11.12976
8/1/1991,59.9,10.03,10.0676,10.0676,10.93324
9/1/1991,60.1,9.64,9.6979,9.6979,10.33408
10/1/1991,60.4,9.72,9.9402,9.9402,10.45823
11/1/1991,60.5,9.77,10.0806,10.0806,10.52977
12/1/1991,60.7,9.66,10.1879,10.1879,10.84837
1/1/1992,60.5,9.46,9.8765,9.8765,10.71773
2/1/1992,60.8,9.3,9.7383,9.7383,10.42031
3/1/1992,61.1,9.68,10.2134,10.2134,10.67045
4/1/1992,61.8,9.43,9.5628,9.5628,10.65483
5/1/1992,62.2,9.02,9.4278,9.4278,10.109
6/1/1992,62.2,9.12,9.4619,9.4619,10.05078
7/1/1992,62,9.05,9.6127,9.6127,10.20245
8/1/1992,62.1,9.35,9.6875,9.6875,10.4122
9/1/1992,62.3,9.19,8.2261,8.2261,10.03729
10/1/1992,62.5,8.65,6.7575,6.7575,8.39347
11/1/1992,62.5,8.19,6.4577,6.4577,7.26711
12/1/1992,62.6,8.32,6.3574,6.3574,7.23132
1/1/1993,62.4,8.29,5.3246,5.3246,6.98363
2/1/1993,62.7,7.95,5.3717,5.3717,6.23086
3/1/1993,63,7.72,5.3346,5.3346,6.03193
4/1/1993,63.4,7.89,5.29,5.29,6.02379
5/1/1993,63.6,8.15,5.2123,5.2123,6.04427
6/1/1993,63.6,7.96,5.1541,5.1541,5.9517
7/1/1993,63.4,7.62,5.0739,5.0739,6.00355
8/1/1993,63.7,7.07,5.1336,5.1336,5.91406
9/1/1993,64,6.96,5.2048,5.2048,5.95987
10/1/1993,64,6.87,5.0037,5.0037,5.81362
11/1/1993,63.8,6.85,4.8142,4.8142,5.6076
12/1/1993,64,6.4253,4.8934,4.8934,5.38281
1/1/1994,64,6.3794,4.8533,4.8533,5.44345
2/1/1994,64.2,6.7572,4.7129,4.7129,5.26328
3/1/1994,64.4,7.417,4.929,4.929,5.22758
4/1/1994,64.9,7.8401,4.8485,4.8485,5.28981
5/1/1994,65.1,8.2825,4.7991,4.7991,5.22727
6/1/1994,65.1,8.7105,4.9525,4.9525,5.18786
7/1/1994,64.7,8.533,5.6029,5.6029,5.26637
8/1/1994,65.1,8.6524,5.3537,5.3537,5.57745
9/1/1994,65.2,8.8959,5.471,5.471,5.76811
10/1/1994,65.1,8.7797,5.4342,5.4342,5.9747
11/1/1994,65.2,8.6361,5.7182,5.7182,6.12536
12/1/1994,65.5,8.5814,5.9162,5.9162,6.42685
1/1/1995,65.5,8.7349,6.1071,6.1071,6.63778
2/1/1995,65.7,8.6557,6.1884,6.1884,6.80391
3/1/1995,66,8.5938,6.1134,6.1134,6.72554
4/1/1995,66.4,8.4378,6.6146,6.6146,6.73633
5/1/1995,66.7,8.1802,6.0766,6.0766,6.77616
6/1/1995,66.8,8.1097,6.6197,6.6197,6.71484
7/1/1995,66.6,8.2613,6.5992,6.5992,6.87686
8/1/1995,66.9,8.1169,6.578,6.578,6.87568
9/1/1995,67.2,7.9486,6.5378,6.5378,6.79539
10/1/1995,67.1,8.0967,6.5346,6.5346,6.81783
11/1/1995,67.1,7.7752,6.2358,6.2358,6.72088
12/1/1995,67.5,7.4926,6.2159,6.2159,6.54985
1/1/1996,67.4,7.4408,6.009,6.009,6.44718
2/1/1996,67.7,7.7618,5.8748,5.8748,6.24554
3/1/1996,67.9,8.057,5.7999,5.7999,6.13988
4/1/1996,68.3,8.0602,5.794,5.794,6.08452
5/1/1996,68.6,8.0871,5.8344,5.8344,6.11651
6/1/1996,68.7,8.054,5.5318,5.5318,5.93477
7/1/1996,68.3,7.9162,5.5143,5.5143,5.82167
8/1/1996,68.7,7.8219,5.5148,5.5148,5.83647
9/1/1996,69,7.8151,5.5516,5.5516,5.86365
10/1/1996,69.1,7.5413,5.8592,5.8592,6.01953
11/1/1996,69.2,7.5952,6.1328,6.1328,6.38579
12/1/1996,69.4,7.5716,6.1647,6.1647,6.43164
1/1/1997,69.2,7.5552,5.934,5.934,6.41491
2/1/1997,69.3,7.1962,5.7574,5.7574,6.28848
3/1/1997,69.4,7.4544,6.0361,6.0361,6.30413
4/1/1997,69.7,7.638,6.1348,6.1348,6.45437
5/1/1997,70,7.1681,6.2108,6.2108,6.53214
6/1/1997,70.1,7.1418,6.42,6.42,6.66462
7/1/1997,70,7.0577,6.7348,6.7348,7.04144
8/1/1997,70.3,7.0893,6.9241,6.9241,7.24349
9/1/1997,70.5,6.8216,6.8969,6.8969,7.29687
10/1/1997,70.6,6.5109,6.8999,6.8999,7.35615
11/1/1997,70.6,6.624,7.133,7.133,7.62617
12/1/1997,70.7,6.3739,7.1058,7.1058,7.7179
1/1/1998,70.4,6.0978,6.7291,6.7291,7.5854
2/1/1998,70.6,6.0461,6.9691,6.9691,7.54395
3/1/1998,70.8,5.992,7.0934,7.0934,7.56676
4/1/1998,71.2,5.8249,6.9342,6.9342,7.53533
5/1/1998,71.5,5.8648,7.0563,7.0563,7.4881
6/1/1998,71.4,5.7743,7.3602,7.3602,7.71396
7/1/1998,71.2,5.8319,7.2971,7.2971,7.80622
8/1/1998,71.4,5.5706,7.0995,7.0995,7.72824
9/1/1998,71.7,5.151,6.7547,6.7547,7.46768
10/1/1998,71.7,5.0114,6.555,6.555,7.22061
11/1/1998,71.8,4.9292,6.2371,6.2371,6.97448
12/1/1998,72,4.5175,5.5552,5.5552,6.46034
1/1/1999,71.8,4.2868,5.3188,5.3188,5.92171
2/1/1999,71.9,4.4319,5.0458,5.0458,5.53197
3/1/1999,72.3,4.6554,4.8669,4.8669,5.42287
4/1/1999,72.6,4.592,4.9215,4.9215,5.31773
5/1/1999,72.8,4.9068,4.9214,4.9214,5.34875
6/1/1999,72.7,5.1716,4.7086,4.7086,5.22114
7/1/1999,72.4,5.3721,4.8593,4.8593,5.16688
8/1/1999,72.6,5.4312,4.8373,4.8373,5.25409
9/1/1999,72.8,5.6909,5.3095,5.3095,5.4107
10/1/1999,72.8,5.8801,5.2526,5.2526,6.02564
11/1/1999,72.9,5.3145,5.2094,5.2094,5.8725
12/1/1999,73.1,5.389,5.6154,5.6154,6.05531
1/1/2000,72.6,5.8227,5.7646,5.7646,6.13632
2/1/2000,72.8,5.6347,5.8426,5.8426,6.23781
3/1/2000,73,5.3707,5.8425,5.8425,6.22838
4/1/2000,73.3,5.3213,5.9577,5.9577,6.29647
5/1/2000,73.5,5.4033,5.95,5.95,6.30356
6/1/2000,73.6,5.2097,5.846,5.846,6.22682
7/1/2000,73.3,5.2388,5.8431,5.8431,6.19247
8/1/2000,73.3,5.3312,5.8606,5.8606,6.21754
9/1/2000,73.8,5.3873,5.765,5.765,6.20569
10/1/2000,73.8,5.2179,5.727,5.727,6.16274
11/1/2000,74,5.0983,5.6396,5.6396,6.08629
12/1/2000,74,4.9118,5.6113,5.6113,5.95539
1/1/2001,73.5,4.8471,5.4937,5.4937,5.84578
2/1/2001,73.7,4.8248,5.3881,5.3881,5.75655
3/1/2001,73.9,4.703,5.2231,5.2231,5.55126
4/1/2001,74.4,4.9468,5.0461,5.0461,5.40449
5/1/2001,74.9,5.1153,4.9599,4.9599,5.24858
6/1/2001,75,5.1951,5.036,5.036,5.25854
7/1/2001,74.5,5.2037,4.9775,4.9775,5.25436
8/1/2001,74.8,4.9854,4.6553,4.6553,4.99658
9/1/2001,75,4.9876,4.2828,4.2828,4.72946
10/1/2001,74.9,4.8253,4.1157,4.1157,4.42821
11/1/2001,74.9,4.6271,3.7711,3.7711,3.99675
12/1/2001,75,4.8928,3.8333,3.8333,4.0506
1/1/2002,74.8,4.9171,3.8597,3.8597,4.04677
2/1/2002,75,4.9251,3.888,3.888,4.05268
3/1/2002,75.2,5.2202,4.0002,4.0002,4.13055
4/1/2002,75.6,5.2331,3.9409,3.9409,4.17319
5/1/2002,75.8,5.2689,4.001,4.001,4.1537
6/1/2002,75.8,5.099,3.9311,3.9311,4.17758
7/1/2002,75.6,5.0027,3.7153,3.7153,4.06054
8/1/2002,75.8,4.746,3.8193,3.8193,3.98654
9/1/2002,76,4.5006,3.7742,3.7742,3.98872
10/1/2002,76.1,4.616,3.6907,3.6907,3.96401
11/1/2002,76.1,4.6378,3.8269,3.8269,3.97142
12/1/2002,76.3,4.5644,3.8427,3.8427,4.01777
1/1/2003,75.9,4.3899,3.754,3.754,3.98263
2/1/2003,76.1,4.2131,3.459,3.459,3.75425
3/1/2003,76.4,4.3243,3.4814,3.4814,3.65503
4/1/2003,76.8,4.4663,3.4432,3.4432,3.64598
5/1/2003,76.8,4.2197,3.4099,3.4099,3.63252
6/1/2003,76.7,4.1127,3.468,3.468,3.63966
7/1/2003,76.6,4.4078,3.3346,3.3346,3.49022
8/1/2003,76.8,4.604,3.4949,3.4949,3.52249
9/1/2003,77,4.7132,3.5591,3.5591,3.6967
10/1/2003,77.1,4.9071,3.7781,3.7781,3.80338
11/1/2003,77.1,5.065,3.8201,3.8201,3.98043
12/1/2003,77.3,4.896,3.739,3.739,4.01864
1/1/2004,77,4.7875,3.917,3.917,4.05531
2/1/2004,77.2,4.8056,4.033,4.033,4.16654
3/1/2004,77.3,4.7088,4.171,4.171,4.29673
4/1/2004,77.6,4.957,4.228,4.228,4.39472
5/1/2004,77.9,5.1118,4.448,4.448,4.52872
6/1/2004,77.9,5.2,4.619,4.619,4.78974
7/1/2004,77.7,5.1083,4.714,4.714,4.85702
8/1/2004,77.9,5.0071,4.732,4.732,4.96284
9/1/2004,77.9,4.9109,4.6795,4.6795,4.9469
10/1/2004,78.1,4.7683,4.679,4.679,4.90071
11/1/2004,78.3,4.6903,4.64,4.64,4.88359
12/1/2004,78.6,4.5316,4.691,4.691,4.87103
1/1/2005,78.3,4.5419,4.654,4.654,4.87316
2/1/2005,78.5,4.5884,4.7346,4.7346,4.89069
3/1/2005,78.8,4.796,4.7594,4.7594,4.98736
4/1/2005,79.1,4.6218,4.6949,4.6949,4.94336
5/1/2005,79.4,4.4173,4.648,4.648,4.89375
6/1/2005,79.4,4.2847,4.5179,4.5179,4.84144
7/1/2005,79.5,4.3011,4.4304,4.4304,4.65794
8/1/2005,79.7,4.3249,4.382,4.382,4.59465
9/1/2005,79.9,4.2109,4.4004,4.4004,4.59686
10/1/2005,80,4.3482,4.4238,4.4238,4.58701
11/1/2005,80,4.3129,4.4003,4.4003,4.61847
12/1/2005,80.3,4.2186,4.4271,4.4271,4.63732
1/1/2006,80,4.0752,4.4017,4.4017,4.60368
2/1/2006,80.2,4.1543,4.3885,4.3885,4.58199
3/1/2006,80.4,4.3177,4.4107,4.4107,4.58741
4/1/2006,80.9,4.5177,4.4502,4.4502,4.6296
5/1/2006,81.3,4.6488,4.5129,4.5129,4.7015
6/1/2006,81.5,4.6645,4.5352,4.5352,4.73498
7/1/2006,81.5,4.656,4.5768,4.5768,4.73322
8/1/2006,81.8,4.6535,4.7651,4.7651,4.94425
9/1/2006,81.9,4.5522,4.8669,4.8669,5.02501
10/1/2006,82,4.6155,4.9773,4.9773,5.13176
11/1/2006,82.2,4.5452,5.0444,5.0444,5.22544
12/1/2006,82.6,4.6195,5.108,5.108,5.29167
1/1/2007,82.1,4.8694,5.3662,5.3662,5.48623
2/1/2007,82.4,4.896,5.31,5.31,5.5657
3/1/2007,82.8,4.8194,5.3808,5.3808,5.54946
4/1/2007,83.1,5.0439,5.4721,5.4721,5.64899
5/1/2007,83.3,5.1458,5.5896,5.5896,5.76742
6/1/2007,83.5,5.4321,5.7699,5.7699,5.88018
7/1/2007,83.1,5.4084,5.7543,5.7543,6.02396
8/1/2007,83.4,5.1499,5.7675,5.7675,6.41946
9/1/2007,83.5,4.9928,5.6055,5.6055,6.64694
10/1/2007,83.8,4.9576,5.5708,5.5708,6.27014
11/1/2007,84.1,4.7263,5.4435,5.4435,6.40858
12/1/2007,84.5,4.6937,5.2388,5.2388,6.35943
1/1/2008,84.1,4.4925,5.0106,5.0106,5.65965
2/1/2008,84.6,4.6234,4.9772,4.9772,5.64202
3/1/2008,84.9,4.445,4.769,4.769,5.89929
4/1/2008,85.6,4.6432,4.8966,4.8966,5.91881
5/1/2008,86.1,4.8683,5.0379,5.0379,5.82639
6/1/2008,86.6,5.2103,5.1022,5.1022,5.92944
7/1/2008,86.6,5.0494,5.0851,5.0851,5.8322
8/1/2008,87.1,4.7267,4.9386,4.9386,5.76619
9/1/2008,87.5,4.5701,4.5131,4.5131,5.9106
10/1/2008,87.3,4.5789,3.5418,3.5418,6.13304
11/1/2008,87.3,4.2571,1.6806,1.6806,4.44684
12/1/2008,87.1,3.6238,1.242,1.242,3.17247
1/1/2009,86.6,3.6699,0.9057,0.9057,2.34276
2/1/2009,87.2,3.6899,0.6595,0.6595,2.09038
3/1/2009,87.3,3.2497,0.621,0.621,1.83139
4/1/2009,87.5,3.4072,0.5677,0.5677,1.53413
5/1/2009,87.9,3.6206,0.5168,0.5168,1.35795
6/1/2009,88.1,3.7221,0.4941,0.4941,1.24117
7/1/2009,88,3.8238,0.4339,0.4339,1.00113
8/1/2009,88.3,3.7142,0.374,0.374,0.77369
9/1/2009,88.3,3.6566,0.387,0.387,0.6056
10/1/2009,88.4,3.5699,0.455,0.455,0.57087
11/1/2009,88.6,3.7592,0.457,0.457,0.60936
12/1/2009,88.9,3.8871,0.4911,0.4911,0.60541
1/1/2010,88.8,4.0025,0.4876,0.4876,0.61265
2/1/2010,89,4.0624,0.4915,0.4915,0.6331
3/1/2010,89.4,4.0915,0.5131,0.5131,0.64549
4/1/2010,89.9,4.1007,0.504,0.504,0.65592
5/1/2010,90.1,3.7772,0.4946,0.4946,0.69713
6/1/2010,90.2,3.6007,0.4877,0.4877,0.72839
7/1/2010,90,3.5087,0.4986,0.4986,0.73603
8/1/2010,90.4,3.233,0.494,0.494,0.73296
9/1/2010,90.4,3.1271,0.5106,0.5106,0.72859
10/1/2010,90.6,3.0685,0.5047,0.5047,0.7384
11/1/2010,90.9,3.311,0.4858,0.4858,0.73901
12/1/2010,91.7,3.6098,0.5007,0.5007,0.74962
1/1/2011,91.8,3.7273,0.5092,0.5092,0.76866
2/1/2011,92.3,3.8799,0.539,0.539,0.79962
3/1/2011,92.6,3.7386,0.6043,0.6043,0.80913
4/1/2011,93.3,3.7619,0.5602,0.5602,0.82096
5/1/2011,93.5,3.5053,0.5264,0.5264,0.82344
6/1/2011,93.5,3.4144,0.5083,0.5083,0.82512
7/1/2011,93.5,3.3137,0.4875,0.4875,0.8289
8/1/2011,93.9,2.7833,0.4578,0.4578,0.85782
9/1/2011,94.5,2.504,0.464,0.464,0.9181
10/1/2011,94.5,2.529,0.4583,0.4583,0.96991
11/1/2011,94.7,2.2917,0.4099,0.4099,1.01182
12/1/2011,95,2.1828,0.2407,0.2407,1.06148
1/1/2012,94.7,2.1104,0.3646,0.3646,1.08709
2/1/2012,95.2,2.2191,0.4019,0.4019,1.07249
3/1/2012,95.4,2.323,0.4428,0.4428,1.03757
4/1/2012,95.9,2.2117,0.4026,0.4026,1.01792
5/1/2012,95.9,1.9416,0.3333,0.3333,1.005
6/1/2012,95.6,1.7698,0.3532,0.3532,0.94978
7/1/2012,95.7,1.6523,0.2633,0.2633,0.81735
8/1/2012,96.1,1.6735,0.2418,0.2418,0.70481
9/1/2012,96.4,1.7222,0.261,0.261,0.64803
10/1/2012,96.8,1.7721,0.2346,0.2346,0.54397
11/1/2012,97,1.7741,0.2316,0.2316,0.52452
12/1/2012,97.3,1.8467,0.309,0.309,0.51848
1/1/2013,97,2.0795,0.289,0.289,0.51228
2/1/2013,97.5,2.1781,0.3443,0.3443,0.50988
3/1/2013,97.8,1.9768,0.3752,0.3752,0.50688
4/1/2013,98,1.7824,0.3273,0.3273,0.50557
5/1/2013,98.2,1.9462,0.309,0.309,0.50563
6/1/2013,98,2.3063,0.3289,0.3289,0.50794
7/1/2013,98,2.471,0.2997,0.2997,0.50944
8/1/2013,98.4,2.7088,0.2686,0.2686,0.51262
9/1/2013,98.7,2.8443,0.3504,0.3504,0.51688
10/1/2013,98.8,2.6784,0.3184,0.3184,0.51663
11/1/2013,98.8,2.7598,0.2882,0.2882,0.52344
12/1/2013,99.2,2.9458,0.257,0.257,0.52474
1/1/2014,98.7,2.91,0.3601,0.3601,0.52093
2/1/2014,99.1,2.8147,0.3768,0.3768,0.52153
3/1/2014,99.3,2.7837,0.421,0.421,0.52157
4/1/2014,99.6,2.7417,0.3438,0.3438,0.52665
5/1/2014,99.6,2.6989,0.2762,0.2762,0.52744
6/1/2014,99.8,2.7842,0.4171,0.4171,0.54394
7/1/2014,99.6,2.7343,0.4178,0.4178,0.55641
8/1/2014,99.9,2.5347,0.3974,0.3974,0.56119
9/1/2014,100,2.4919,0.4803,0.4803,0.56291
10/1/2014,100.1,2.2469,0.3901,0.3901,0.55836
11/1/2014,99.9,2.1593,0.4129,0.4129,0.55628
12/1/2014,99.9,1.9287,0.3884,0.3884,0.55818
1/1/2015,99.2,1.589,0.3421,0.3421,0.5626
2/1/2015,99.5,1.7365,0.3999,0.3999,0.56363
3/1/2015,99.6,1.7941,0.4417,0.4417,0.56436
4/1/2015,99.9,1.755,0.4365,0.4365,0.5695
5/1/2015,100.1,2.0243,0.4642,0.4642,0.56798
6/1/2015,100.1,2.1696,0.4956,0.4956,0.57188
7/1/2015,100,2.1353,0.4848,0.4848,0.58084
8/1/2015,100.3,1.9799,0.4544,0.4544,0.5867
9/1/2015,100.2,1.8814,0.4665,0.4665,0.58576
10/1/2015,100.3,1.846,0.4801,0.4801,0.58006
11/1/2015,100.3,1.9779,0.4836,0.4836,0.57371
12/1/2015,100.4,1.9234,0.4511,0.4511,0.58277
1/1/2016,99.9,1.7833,0.58976,0.4811,0.58976
2/1/2016,100.1,1.5032,0.59073,0.467,0.59073
3/1/2016,100.4,1.5434,0.58825,0.4596,0.58825
4/1/2016,100.6,1.5688,0.5889,0.4442,0.5889
5/1/2016,100.8,1.5366,0.58929,0.4254,0.58929
6/1/2016,101,1.3105,0.57468,0.3998,0.57468
7/1/2016,100.9,0.9569,0.5136,0.3427,0.5136
8/1/2016,101.2,0.7421,0.40613,0.2212,0.40613
9/1/2016,101.5,0.8243,0.37907,0.1837,0.37907
10/1/2016,101.6,1.078,0.3975,0.1599,0.3975
11/1/2016,101.8,1.3818,0.39773,0.1209,0.39773
12/1/2016,102.2,1.4336,0.37226,0.0106,0.37226
1/1/2017,101.8,1.4203,0.3621,0.1642,0.3621
2/1/2017,102.4,1.3058,0.35674,0.0344,0.35674
3/1/2017,102.7,1.194,0.34567,0.0621,0.34567
4/1/2017,103.2,1.0789,0.33513,0.0693,0.33513
5/1/2017,103.5,1.1175,0.31081,0.0575,0.31081
6/1/2017,103.5,1.0846,0.29442,0.1262,0.29442
7/1/2017,103.5,1.2713,0.2931,,0.2931
8/1/2017,104,1.1241,0.28119,,0.28119
9/1/2017,104.3,1.2436,0.30911,,0.30911
10/1/2017,104.4,1.3816,0.38187,,0.38187
11/1/2017,104.7,1.3299,0.51857,,0.51857
12/1/2017,105,1.2781,0.51871,,0.51871
1/1/2018,104.5,1.3931,0.5225,,0.5225
2/1/2018,104.9,1.6034,0.54683,,0.54683
3/1/2018,105.1,1.508,0.62842,,0.62842
4/1/2018,105.5,1.5108,0.75629,,0.75629
5/1/2018,105.9,1.5016,0.64355,,0.64355
6/1/2018,105.9,1.4229,0.63868,,0.63868
7/1/2018,105.9,1.3739,0.74619,,0.74619
8/1/2018,106.5,1.3991,0.80519,,0.80519
9/1/2018,106.6,1.5023,0.80093,,0.80093
10/1/2018,106.7,1.5462,0.80618,,0.80618
11/1/2018,106.9,1.4541,0.87483,,0.87483
12/1/2018,107.1,1.3125,0.90444,,0.90444
1/1/2019,106.4,1.3221,0.91822,,0.91822
2/1/2019,106.8,1.239,0.87598,,0.87598
3/1/2019,107,1.19,0.84,,0.84
4/1/2019,107.6,1.1906,0.82,,0.82
5/1/2019,107.9,1.13,0.8,,0.8
6/1/2019,107.9,0.919,0.78,,0.78
7/1/2019,108,0.8304,0.77,,0.77
8/1/2019,108.3,0.5776,0.76,,0.76
9/1/2019,108.4,0.5981,0.77,,0.77
10/1/2019,108.3,0.6373,0.78,,0.78
11/1/2019,108.5,0.765,0.79,,0.79
12/1/2019,108.5,0.8308,0.79,,0.79
1/1/2020,108.3,0.7235,0.74,,0.74
2/1/2020,108.6,0.633,0.75,,0.75
3/1/2020,108.6,0.4609,0.53,,0.53
4/1/2020,108.6,0.3577,0.65,,0.65
5/1/2020,108.6,0.2743,0.33,,0.33
6/1/2020,108.8,0.278,0.19,,0.19
7/1/2020,109.2,0.2094,0.1,,0.1
8/1/2020,108.8,0.2717,0.07,,0.07
9/1/2020,109.2,0.273,0.06,,0.06
10/1/2020,109.2,0.3058,0.05,,0.05
11/1/2020,109.1,0.3836,0.04,,0.04
12/1/2020,109.4,0.3224,0.03,,0.03
1/1/2021,109.3,0.3672,0.03,,0.03
2/1/2021,109.4,0.6222,0.05,,0.05
3/1/2021,109.7,0.8456,0.08,,0.08
4/1/2021,110.4,0.8515,0.09,,0.09
5/1/2021,111,0.9058,0.08,,0.08
6/1/2021,111.4,0.8549,0.08,,0.08
7/1/2021,111.4,0.6979,0.08,,0.08
8/1/2021,112.1,0.644,0.07,,0.07
9/1/2021,112.4,0.8023,0.07,,0.07
10/1/2021,113.4,1.083,0.16,,0.16
11/1/2021,114.1,0.9394,0.13,,0.13
12/1/2021,114.7,0.8375,0.16,,0.16
1/1/2022,114.6,1.2051,0.53,,0.53
2/1/2022,115.4,1.4891,0.81,,0.81
3/1/2022,116.5,1.5457,0.99,,0.99
4/1/2022,119,1.8362,1.13,,1.13
5/1/2022,119.7,1.9069,1.31,,1.31
6/1/2022,120.5,2.3824,1.57,,1.57
7/1/2022,121.2,2.1454,1.84,,1.84
