,STIP,VTIP,STPZ,TIP,SPIP,LTPZ,SHV,BIL,SHY,IEI,IEF,TLH,TLT,EDV
30-Jun-02,,,,,,,,,,,,,,
31-Jul-02,,,,,,,,,58.516659,,46.372849,,42.051167,
30-Aug-02,,,,,,,,,58.768745,,47.541714,,44.369522,
30-Sep-02,,,,,,,,,59.203609,,49.374363,,46.259304,
31-Oct-02,,,,,,,,,59.348099,,48.756733,,44.550312,
29-Nov-02,,,,,,,,,59.118702,,47.73811,,44.142174,
31-Dec-02,,,,,,,,,59.741207,,49.431717,,46.139816,
31-Jan-03,,,,,,,,,59.697659,,49.05302,,45.874123,
28-Feb-03,,,,,,,,,59.931744,,50.134129,,47.295002,
31-Mar-03,,,,,,,,,60.038681,,49.943604,,46.649548,
30-Apr-03,,,,,,,,,60.13496,,50.012486,,47.138592,
30-May-03,,,,,,,,,60.353878,,51.908443,,50.117592,
30-Jun-03,,,,,,,,,60.454041,,51.549419,,49.212082,
31-Jul-03,,,,,,,,,60.148167,,48.961548,,44.300327,
29-Aug-03,,,,,,,,,60.120258,,49.309273,,44.878654,
30-Sep-03,,,,,,,,,60.694744,,51.762589,,47.541931,
31-Oct-03,,,,,,,,,60.447258,,51.00359,,46.100807,
28-Nov-03,,,,,,,,,60.411224,,51.01506,,46.257309,
31-Dec-03,,,,55.894951,,,,,61.067665,,52.055885,,46.878742,
30-Jan-04,,,,56.576378,,,,,61.141716,,52.584431,,47.751049,
27-Feb-04,,,,57.790886,,,,,61.437576,,53.432011,,48.840633,
31-Mar-04,,,,58.752647,,,,,61.610603,,54.125019,,49.529835,
30-Apr-04,,,,55.919628,,,,,60.956242,,51.772663,,46.441479,
28-May-04,,,,57.048946,,,,,60.953213,,51.497684,,46.321636,
30-Jun-04,,,,56.968494,,,,,60.941261,,51.834133,,46.809578,
30-Jul-04,,,,57.429771,,,,,61.110931,,52.462173,,47.526497,
31-Aug-04,,,,58.975697,,,,,61.562187,,53.946705,,49.506329,
30-Sep-04,,,,59.024391,,,,,61.503799,,54.120644,,49.97633,
29-Oct-04,,,,59.67025,,,,,61.685482,,54.655987,,50.858292,
30-Nov-04,,,,59.476189,,,,,61.330475,,53.574978,,49.63987,
31-Dec-04,,,,60.522346,,,,,61.472912,,54.200394,,50.959694,
31-Jan-05,,,,60.528034,,,,,61.450279,,54.672523,,52.778248,
28-Feb-05,,,,60.208397,,,,,61.292156,,53.924374,,52.001274,
31-Mar-05,,,,60.340164,,,,,61.30201,,53.70686,,51.764851,
29-Apr-05,,,,61.412704,,,,,61.621147,,55.058331,,53.765659,
31-May-05,,,,61.879288,,,,,61.864826,,56.070477,,55.452564,
30-Jun-05,,,,62.199547,,,,,62.017567,,56.338707,,56.652992,
29-Jul-05,,,,60.662373,,,,,61.784924,,55.106579,,54.737675,
31-Aug-05,,,,62.197796,,,,,62.192123,,56.208981,,56.64064,
30-Sep-05,,,,62.101624,,,,,62.006027,,55.224094,,54.594265,
31-Oct-05,,,,61.286865,,,,,61.955067,,54.539719,,53.370899,
30-Nov-05,,,,61.395008,,,,,62.196495,,54.880795,,53.739235,
30-Dec-05,,,,62.029533,,,,,62.413673,,55.630371,,55.341621,
31-Jan-06,,,,62.047695,,,,,62.522587,,55.239212,,54.60091,
28-Feb-06,,,,62.047695,,,,,62.543678,,55.182011,,55.205906,
31-Mar-06,,,,60.720448,,,,,62.652523,,54.432709,,52.683006,
28-Apr-06,,,,60.577991,,,,,62.790886,,54.091316,,51.232937,
31-May-06,,,,60.757721,,,,,62.895733,,54.033554,,51.135136,
30-Jun-06,,,,61.017593,,,,,63.044422,,54.157635,,51.73769,
31-Jul-06,,,,61.939476,,,,,63.463654,,55.066044,,52.856953,
31-Aug-06,,,,62.969467,,,,,63.940891,,56.037102,,54.472286,
29-Sep-06,,,,63.039238,,,,,64.221634,,56.713833,,55.515415,
31-Oct-06,,,,62.992912,,,,,64.489594,,57.01923,,55.985413,
30-Nov-06,,,,63.66843,,,,,64.80143,,57.766994,,57.277679,
29-Dec-06,,,,62.201557,,,,,64.844055,,57.030113,,55.733631,
31-Jan-07,,,,62.346352,,,95.779671,,64.949501,75.71502686,56.801804,65.70123291,55.179062,
28-Feb-07,,,,63.580318,,,96.162109,,65.421654,76.79985809,57.969078,67.57457733,57.048992,
30-Mar-07,,,,63.787411,,,96.530472,,65.716507,77.05853271,57.888962,67.05809784,56.079006,
30-Apr-07,,,,64.21125,,,96.889168,,65.917336,77.38315582,58.240055,67.46173096,56.586521,
31-May-07,,,,63.369156,15.326157,,97.343086,83.328865,65.87294,76.70845032,57.428497,66.37371063,55.277229,
29-Jun-07,,,,63.233089,15.249541,,97.768471,83.692696,66.185837,76.82645416,57.159912,65.91770172,54.717003,
31-Jul-07,,,,64.687904,15.650635,,98.130264,84.027145,66.784233,78.08592987,58.449978,67.57907867,56.533119,
31-Aug-07,,,,65.219711,15.958167,,98.775818,84.384979,67.484711,79.53195953,59.772686,68.81215668,57.543739,
28-Sep-07,,,,66.054825,15.996324,,99.09893,84.545242,67.857178,79.90576172,59.82552,68.75615692,57.675049,
31-Oct-07,,,,66.82515,16.223989,,99.483765,84.877907,68.18148,80.54161072,60.469742,70.26909637,58.722485,
30-Nov-07,,,,69.57692,16.875818,,100.085434,85.21357,69.403839,83.22299194,62.917336,72.9065094,61.864902,
31-Dec-07,,,,69.620323,16.843094,,100.288826,85.414429,69.611824,83.45811462,62.949184,72.72107697,61.476559,
31-Jan-08,,,,72.107674,17.45834,,100.993423,85.750198,70.763695,85.9020462,65.061699,74.72931671,62.765026,47.44550705
29-Feb-08,,,,73.133545,17.684313,,101.186134,85.890419,71.494835,87.23649597,65.868004,75.17951202,62.479332,45.78958893
31-Mar-08,,,,73.031204,17.701887,,101.505127,86.090889,71.676071,87.91437531,66.748863,75.70018005,63.815567,48.71973419
30-Apr-08,,,,72.009064,17.265989,,101.592667,86.034607,71.075851,85.89445496,65.135269,74.34008026,62.228924,46.31619263
30-May-08,,,,72.086014,17.301487,,101.607399,86.117279,70.829765,84.83966064,63.977551,72.85478973,60.556084,44.55615616
30-Jun-08,,,,73.375954,17.65395,,101.797821,86.318451,71.003677,85.46649933,64.710678,74.00995636,62.162991,47.01942825
31-Jul-08,,,,72.928658,17.553921,,102.043236,86.480423,71.311974,86.08221436,65.176941,74.36849976,61.934628,45.67166901
29-Aug-08,,,,73.498108,17.65589,,102.168434,86.548241,71.644577,86.92554474,66.171944,75.7481842,63.631237,48.43113708
30-Sep-08,,,,70.541962,16.932775,,102.484352,86.988235,72.201973,87.7927475,66.079102,75.8406601,64.570381,50.1360817
31-Oct-08,,,,64.835457,15.649047,,102.684395,86.785896,72.999535,89.08242035,65.508934,72.92948914,63.368938,49.08867264
28-Nov-08,,,,65.403999,15.743376,,103.047852,86.742416,73.806351,92.5118103,70.588303,81.49738312,72.456909,60.44626999
31-Dec-08,,,,69.6576,16.52582,,103.136528,86.768784,74.22197,94.14130402,74.227974,87.67214966,82.348953,73.09945679
30-Jan-09,,,,69.629509,16.777334,,103.080452,86.939362,73.897507,92.93563843,71.342621,81.66685486,71.585274,57.40522385
27-Feb-09,,,,68.09935,16.434999,,103.01786,86.935532,73.790474,92.34532166,70.818321,81.07148743,70.48867,56.6084938
31-Mar-09,,,,72.121277,17.38513,,103.13475,86.929832,74.158882,93.97015381,73.165047,85.0577774,73.341515,59.43245697
30-Apr-09,,,,70.826622,16.955465,,103.191795,86.982956,74.036484,92.67156219,71.156509,81.21395874,68.242775,52.22697449
29-May-09,,,,72.240761,17.392107,,103.143074,86.992432,74.077965,91.76733398,69.678337,79.37905121,65.721321,49.48325729
30-Jun-09,,,,72.383949,17.371155,,103.204933,86.98101,74.008095,91.16664886,69.290131,79.74742126,66.214935,50.76273727
31-Jul-09,,,,72.447533,17.37464,,103.202126,86.926041,74.089554,91.653862,69.866402,80.24897766,66.59639,50.55825424
31-Aug-09,,,39.23651123,73.057068,17.55736,,103.247078,86.986717,74.392746,92.43861389,70.399773,81.637146,68.082008,52.90980148
30-Sep-09,,,39.68445969,74.535034,17.922949,36.47768021,103.246109,87.009476,74.568466,93.11575317,71.191345,82.99868011,69.755577,54.72891235
30-Oct-09,,,40.21117783,75.388145,18.158686,36.84741592,103.294868,87.013268,74.669785,93.24594116,71.093155,82.29653168,67.930687,51.3621788
30-Nov-09,,,40.78688812,77.498489,18.646568,38.40879822,103.307968,86.977242,75.115166,94.93612671,72.527168,84.26322937,68.754654,51.53231049
31-Dec-09,,,40.55038452,75.879425,18.218321,36.76219559,103.302383,87.003792,74.48362,92.54238892,69.333946,79.67996979,64.391708,46.94561005
29-Jan-10,,,40.91114426,77.040604,18.495975,37.5454216,103.33049,87.003792,75.07621,94.12171936,70.977333,81.93267059,66.125252,48.27297974
26-Feb-10,,,40.84795761,76.036598,18.291275,36.43730164,103.332367,86.984833,75.196655,94.49627686,71.212883,82.02500916,65.898819,47.91582489
31-Mar-10,,,40.83150101,76.032265,18.259184,36.51100922,103.321114,86.984833,74.994255,93.75753784,70.460266,81.09506226,64.543106,45.91065598
30-Apr-10,,,41.14646912,77.944473,18.740301,38.28297043,103.314537,86.946899,75.219368,94.62798309,71.624794,82.94908905,66.687027,48.68946075
28-May-10,,,40.96324539,78.09388,18.785473,38.68009567,103.329536,86.984833,75.560013,96.06489563,73.7257,85.64894104,70.093658,52.78550339
30-Jun-10,,,41.24995041,79.093338,19.009548,39.48976517,103.363304,87.003792,75.876648,97.8560791,75.973045,88.94820404,74.157578,57.170681
30-Jul-10,,,41.37576675,78.90126,18.974501,39.03894424,103.341728,86.965866,76.023788,98.92023468,76.664116,89.63969421,73.455772,55.88905334
31-Aug-10,,,41.36780548,80.43354,19.353027,40.90888214,103.368011,86.965866,76.205406,100.3532562,79.236961,94.50652313,79.6194,63.08700943
30-Sep-10,,,41.66249466,81.065346,19.538357,41.04478455,103.395218,86.965866,76.295853,100.8265381,79.234604,93.67464447,77.612671,60.32180405
29-Oct-10,,,42.08462143,83.07106,19.984791,42.94957733,103.394272,86.984833,76.463249,101.4158936,79.228989,92.16239166,74.143951,54.81069183
30-Nov-10,,,41.82323837,81.664955,19.629313,41.30217743,103.393326,86.984833,76.306602,100.443222,78.51738,90.89823151,72.891479,53.7869339
31-Dec-10,80.18206,,41.9757843,80.531769,19.358196,39.95335007,103.429916,86.965866,76.181641,98.38926697,75.823502,87.39596558,70.195137,51.55484772
31-Jan-11,80.991226,,42.37015915,80.546738,19.383698,38.90984726,103.41114,86.965866,76.281372,98.98138428,75.807327,86.71350861,68.032326,48.36067581
28-Feb-11,81.465614,,42.57854462,81.127357,19.53113,39.79973984,103.420525,86.965866,76.188774,98.5610199,75.649368,87.36377716,69.154961,49.66823196
31-Mar-11,81.986687,,42.88158798,82.092972,19.720989,40.37640381,103.438377,86.965866,76.089752,98.3002243,75.532356,87.18436432,69.175232,49.60768509
29-Apr-11,83.267906,,43.57522964,84.045128,20.22477,41.85759735,103.494667,86.965866,76.496185,99.85944366,76.92318,88.86533356,70.79335,51.15477753
31-May-11,83.208969,,43.54441071,84.268646,20.272087,41.9679184,103.484344,86.984833,76.774658,101.4774704,78.850555,91.39196014,73.216431,54.08546066
30-Jun-11,83.265915,,43.57345963,84.904816,20.42322,42.48423386,103.502174,86.984833,76.770996,101.329422,78.452789,90.13721466,71.515594,51.73744202
29-Jul-11,84.310287,,44.18340683,88.215698,21.25572,45.63570786,103.443985,86.984833,76.990631,103.386055,80.939362,93.6862793,74.672714,54.83801651
31-Aug-11,83.716576,,43.84705353,88.783394,21.44072,47.13419342,103.486214,86.984833,77.256027,105.2766953,84.704178,99.80182648,81.891663,63.8156662
30-Sep-11,83.134354,,43.49433136,88.775642,21.444492,47.83623123,103.500343,86.965866,77.177597,105.593071,86.599052,104.8479004,92.706444,78.98100281
31-Oct-11,84.216812,,44.18027496,90.613754,21.871332,49.36434555,103.487167,86.927917,77.204079,105.5713043,85.484932,102.7018204,89.156479,73.7070694
30-Nov-11,84.115036,,44.08339691,91.089706,21.988482,49.78240204,103.47216,86.946899,77.238762,105.8101044,85.980644,103.8657227,90.929901,76.25443268
30-Dec-11,83.756241,,43.92693329,91.239037,22.041683,49.98925781,103.49939,86.931725,77.278923,106.5617752,87.689651,106.3227234,94.062294,80.39206696
31-Jan-12,84.634773,,44.48674011,93.326691,22.531746,51.71302032,103.480568,86.912788,77.342995,107.2340698,88.445541,106.9305954,93.751968,79.16580963
29-Feb-12,84.922119,,44.60198593,92.787186,22.436779,51.06182861,103.471184,86.931725,77.234138,106.5662918,87.472809,105.3643112,91.317238,76.56826782
30-Mar-12,84.831825,,44.50318527,91.989647,22.167049,49.59017944,103.461815,86.912788,77.174637,105.9451828,86.080872,102.6111526,87.449028,71.49343109
30-Apr-12,85.035713,,44.6349144,93.631493,22.624485,51.63023376,103.461815,86.931725,77.330261,107.2088089,88.240746,106.2718811,91.676552,76.29508209
31-May-12,84.663567,,44.40428543,95.453804,23.066963,54.33399963,103.489952,86.931725,77.37426,108.1124039,90.772858,111.4987869,99.950699,87.0406723
29-Jun-12,84.431496,,44.2802887,94.815407,22.900965,53.69764709,103.480568,86.893814,77.299149,107.8983459,90.396873,110.4055023,98.273293,85.10347748
31-Jul-12,85.002251,,44.60398865,96.479012,23.368015,55.99454498,103.480568,86.893814,77.469635,108.6507492,91.663368,112.7724915,102.02462,90.05172729
31-Aug-12,85.167679,,44.74509811,96.240662,23.298649,55.14096451,103.49939,86.893814,77.475082,108.783371,91.55587,112.189476,100.679092,87.76483917
28-Sep-12,85.26696,,44.75339508,96.733223,23.383436,55.2263031,103.490883,86.893814,77.487953,108.7552567,91.23703,111.065361,98.129097,84.22836304
31-Oct-12,85.275215,41.826962,44.7616806,97.337006,23.568401,56.35149002,103.483437,86.912788,77.434731,108.3972931,90.875702,110.7073364,97.654144,83.89823151
30-Nov-12,85.432381,42.019714,44.96091461,97.880089,23.664747,56.70107651,103.49276,86.893814,77.453102,108.9162369,91.765518,111.9928131,98.786148,85.39409637
31-Dec-12,85.367821,42.046593,44.919384,97.075775,23.498356,55.76731873,103.532234,86.893814,77.472389,108.4771881,90.902573,110.0912857,96.32869,82.32458496
31-Jan-13,85.57486,42.105305,45.01076889,96.572044,23.324211,54.64654541,103.504074,86.893814,77.481506,108.0546188,89.727074,107.8953476,93.260239,78.18706512
28-Feb-13,85.508598,42.122089,45.01076889,96.755951,23.355177,54.63101196,103.49749,86.893814,77.528358,108.7117081,90.743248,109.1677475,94.415436,79.40066528
28-Mar-13,85.715607,42.231155,45.09386826,96.963821,23.374529,54.3585434,103.507813,86.893814,77.55407,108.823616,91.003548,109.5748672,94.019485,78.84403229
30-Apr-13,85.19442,42.013039,44.83628082,97.731934,23.59511,56.14091873,103.526611,86.874847,77.607323,109.4373093,92.391586,112.289238,98.424164,84.6186676
31-May-13,84.422089,41.618752,44.29619217,93.633835,22.531206,50.96496201,103.517181,86.893814,77.503532,107.9658813,89.522758,107.4149933,91.76976,76.34975433
28-Jun-13,83.583611,41.207664,43.75609589,90.073807,21.603142,47.55292511,103.498428,86.874847,77.427254,106.560791,87.243362,104.2275848,88.767708,72.86437225
31-Jul-13,84.16497,41.492905,44.13832855,90.886269,21.793732,47.5851593,103.526611,86.874847,77.553116,106.8275146,86.93573,103.2555008,86.763359,70.23246002
30-Aug-13,83.757996,41.29995,43.84740829,89.226486,21.399834,46.34237289,103.526611,86.874847,77.47776,106.0030289,85.69899,102.2542267,85.600388,69.43205261
30-Sep-13,84.015495,41.459339,44.10518646,90.793457,21.763405,47.27635574,103.535995,86.85585,77.650642,107.285202,87.281212,103.7207031,86.158325,69.14798737
31-Oct-13,84.22316,41.560009,44.20497513,91.105721,21.881647,47.5981636,103.517181,86.836884,77.703957,107.8205566,87.960052,104.771553,87.390724,70.45404816
29-Nov-13,84.206566,41.568409,44.15506363,90.142952,21.592546,46.03166199,103.517181,86.817924,77.776588,107.8347397,87.189209,102.8736038,85.028381,67.37757874
31-Dec-13,83.874252,41.403156,43.99703598,88.833519,21.279289,45.05478287,103.528481,86.817924,77.638634,106.4777069,85.36644,100.9856644,83.438614,66.02365112
31-Jan-14,84.115181,41.470303,44.1633873,90.700722,21.775974,47.54424667,103.519051,86.817924,77.795006,107.8438492,87.981445,105.1112976,88.697525,72.43487549
28-Feb-14,84.372688,41.587807,44.25486374,91.096802,21.842455,47.58365631,103.53788,86.836884,77.825401,108.0019302,88.295967,105.6718826,89.162392,72.6877594
31-Mar-14,84.015495,41.403156,44.03030014,90.611778,21.736866,47.86723709,103.547249,86.817924,77.740707,107.2670288,87.80056,105.7113113,89.815186,74.08618927
30-Apr-14,84.447449,41.638168,44.27983093,91.808105,22.06146,49.25427246,103.547249,86.817924,77.824486,107.7945099,88.466393,106.9071274,91.69696,76.26759338
30-May-14,85.020622,41.940315,44.62902832,93.645485,22.513454,51.55129623,103.547249,86.817924,77.963585,108.7294083,90.081223,109.233223,94.401619,79.39357758
30-Jun-14,85.286911,42.066208,44.77070618,93.99176,22.616766,51.83726501,103.547249,86.798935,77.901863,108.562767,89.885994,108.9213715,94.164413,79.18997192
31-Jul-14,85.041679,41.923531,44.63287735,93.905159,22.612015,52.45854187,103.53788,86.779976,77.841972,108.0568466,89.687714,108.9906082,94.789795,80.36186218
29-Aug-14,84.963089,41.88995,44.57424164,94.4757,22.771925,53.97771072,103.547249,86.798935,77.986671,109.0384293,91.374107,111.8972397,99.267441,85.96429443
30-Sep-14,84.081223,41.436718,44.06264496,92.023842,22.168137,50.85954285,103.528481,86.798935,77.92952,108.4752121,90.415161,110.4399796,97.170639,83.41146088
31-Oct-14,84.123039,41.470303,44.10459518,92.853165,22.335085,52.25469589,103.547249,86.779976,78.132462,109.5198212,91.804192,112.4281769,99.909409,86.9094696
28-Nov-14,83.930603,41.403156,44.00395584,93.000946,22.438431,52.93624115,103.53788,86.779976,78.21463,110.2609406,92.987198,113.7936707,102.874107,90.68186951
31-Dec-14,82.851265,40.819172,43.383358,92.023331,22.251608,53.9229126,103.528481,86.76104,77.985687,109.8523788,93.107574,115.4132996,106.218956,94.45423889
30-Jan-15,83.562439,41.233803,43.88655472,94.99736,22.979023,57.73386383,103.53788,86.74205,78.475143,112.3940811,97.11335,121.1254807,116.645111,107.9128571
27-Feb-15,83.386749,41.149185,43.72719193,93.773239,22.66103,55.30285263,103.556648,86.74205,78.246971,110.89431,94.712921,117.6359024,109.485016,98.07418823
31-Mar-15,83.144081,41.005337,43.52592087,93.321373,22.537815,54.82952118,103.547249,86.74205,78.441948,111.7665253,95.523804,118.7076721,110.680847,99.49230194
30-Apr-15,83.704697,41.284576,43.88655472,93.953972,22.668985,54.6449852,103.556648,86.723053,78.466927,111.6511688,94.919098,117.403183,106.889847,93.9048996
29-May-15,83.637772,41.250729,43.8110733,93.009186,22.39868,52.3503952,103.556648,86.704117,78.499298,111.5753632,94.523918,116.8006058,104.353889,90.48655701
30-Jun-15,83.604309,41.191505,43.79429245,92.056183,22.152233,50.60137939,103.566025,86.704117,78.524261,111.0587769,92.982315,114.471077,100.10463,84.97575378
31-Jul-15,83.420212,41.123806,43.66021347,92.549118,22.275463,51.82151413,103.547249,86.704117,78.559448,111.8047409,94.394104,117.3304214,104.65535,90.9560318
31-Aug-15,83.127365,40.963028,43.49230194,91.670059,22.076721,50.75949478,103.556648,86.704117,78.520538,111.754921,94.468765,116.7020264,103.933792,90.23747253
30-Sep-15,83.060463,40.937649,43.45859528,91.190567,21.949511,49.13825607,103.585762,86.666183,78.752159,112.973938,95.960625,118.8405685,105.978012,92.23286438
30-Oct-15,83.060463,40.971497,43.45016861,91.464211,22.022276,50.17947769,103.556648,86.647194,78.640938,112.4322586,95.349426,117.9176865,105.544792,91.85916901
30-Nov-15,82.884758,40.895336,43.33218384,91.332352,21.990471,50.14717484,103.544403,86.666183,78.437798,111.9662094,94.94162,117.44944,104.628975,90.54358673
31-Dec-15,82.767586,40.912254,43.25634384,90.409126,21.745092,49.16374969,103.532204,86.647194,78.320831,111.6505737,94.51152,117.0251236,104.318047,89.87686157
29-Jan-16,83.177582,41.03072,43.52600479,91.826927,22.135172,50.44008255,103.607361,86.666183,78.831512,114.0454636,97.662155,121.3587875,110.131744,97.45129395
29-Feb-16,83.386749,41.08149,43.63555908,92.947945,22.358076,51.8860817,103.644005,86.666183,78.919777,114.6727448,99.113449,123.6128082,113.530388,101.4211121
31-Mar-16,84.240196,41.572277,44.11589432,94.497643,22.772038,53.89757156,103.68161,86.666183,79.028496,114.949234,99.04792,123.7728729,113.424431,101.2268524
29-Apr-16,84.240196,41.496113,44.12433243,94.69548,22.867575,54.01067352,103.737984,86.704117,79.057304,114.7893295,98.89328,123.3068848,112.589012,100.1091156
31-May-16,84.15654,41.47073,44.02320862,94.085526,22.648651,53.25940323,103.730453,86.704117,78.963379,114.5405197,98.795128,123.6656647,113.495895,101.1310349
30-Jun-16,84.943024,41.868427,44.52883148,96.201302,23.211477,56.1432991,103.83477,86.68515,79.439095,116.6192627,101.845558,128.8395691,121.365837,110.9605255
29-Jul-16,84.85936,41.834579,44.46140289,96.815842,23.367682,58.09012985,103.83667,86.723053,79.401833,116.687088,102.096588,129.6862946,123.917557,114.6800537
31-Aug-16,84.568787,41.665356,44.28390503,96.484085,23.292099,58.14691162,103.836655,86.723053,79.216347,115.8473663,101.063942,128.2344971,122.661751,112.9930496
30-Sep-16,85.192322,42.01228,44.65681839,97.208389,23.481886,58.10613632,103.90535,86.74205,79.318954,116.2452087,101.303886,127.8293533,120.811455,110.357666
31-Oct-16,85.192322,42.020737,44.63986969,96.682678,23.324394,56.8098259,103.945862,86.76104,79.280663,115.5187149,99.789742,124.9160767,115.519211,103.5325851
30-Nov-16,84.754166,41.775345,44.37713623,94.679947,22.814625,54.33949661,103.876152,86.723053,78.908081,112.9917526,95.571373,118.3646469,106.030777,91.6371994
30-Dec-16,85.025993,41.914665,44.50437546,94.641487,22.779997,53.66590118,103.958076,86.742058,78.965202,113.0163422,95.458153,118.0116653,105.540276,91.3109436
31-Jan-17,85.44809,42.110764,44.73336792,95.486137,22.998922,54.33498001,104.014656,86.780014,79.049332,113.3484039,95.66758,118.553215,106.399574,92.45420074
28-Feb-17,85.498711,42.127819,44.74185562,95.879158,23.116488,55.21879959,104.061768,86.823685,79.078354,113.6448898,96.359871,119.8503647,108.085602,94.25671387
31-Mar-17,85.642227,42.17897,44.80971909,95.879158,23.104322,54.87186813,104.074989,86.808525,79.128922,113.7669525,96.4375,119.6643372,107.377533,93.34416199
28-Apr-17,85.572113,42.170452,44.75868225,96.31041,23.227451,55.46012115,104.072189,86.873085,79.276901,114.5204315,97.50676,121.2148895,109.06678,95.06575775
31-May-17,85.505241,42.161922,44.76720047,96.27182,23.230726,55.46010971,104.129723,86.886391,79.335022,115.0190048,98.312935,122.3542328,111.125832,98.10583496
30-Jun-17,85.112648,41.974346,44.51123047,95.437187,22.995329,54.61174011,104.210991,86.975777,79.273102,114.6608276,97.812012,121.9839706,112.005791,99.33351135
31-Jul-17,85.34967,42.085186,44.65666962,95.877502,23.107422,54.66182709,104.31588,87.004341,79.420555,115.0900421,98.178596,122.1049652,111.268456,98.08181
31-Aug-17,85.554649,42.204556,44.79019928,96.872238,23.361422,56.21642685,104.388702,87.103302,79.581223,115.965416,99.609619,124.6623688,115.061264,102.8772202
29-Sep-17,85.489044,42.161922,44.68746567,96.192177,23.196026,55.48830414,104.468178,87.166183,79.432625,115.0441971,98.173691,122.5699615,112.388512,99.41056061
31-Oct-17,85.68335,42.238655,44.77308273,96.41925,23.253626,55.80635452,104.509865,87.227188,79.360115,114.8277969,97.988167,122.4602127,112.345154,99.50423431
30-Nov-17,85.540833,42.187496,44.64454269,96.502449,23.284161,56.60332489,104.566719,87.274879,79.188622,114.4029236,97.714508,122.2790527,113.180092,100.8497009
29-Dec-17,85.65329,42.259392,44.73064041,97.405174,23.501402,58.53160858,104.654991,87.339836,79.172623,114.3939667,97.895081,122.9846268,115.23159,104.0408325
31-Jan-18,85.438889,42.11224,44.59287643,96.576988,23.309212,57.71150208,104.787872,87.454475,78.946022,112.9986725,95.790131,119.7836227,111.480148,99.59509277
28-Feb-18,85.421738,42.086266,44.5067749,95.578659,23.066839,55.50483704,104.797409,87.527184,78.866615,112.5823364,94.896584,117.9089355,108.089569,95.32131958
29-Mar-18,85.884872,42.337299,44.7650795,96.543655,23.30085,56.74768066,104.972382,87.641106,79.061531,113.2612457,95.99337,119.9860535,111.180565,99.2408905
30-Apr-18,85.833275,42.319981,44.71327209,96.416962,23.27565,56.9090271,105.070435,87.732162,78.875877,112.3942184,94.767982,118.0600433,108.858955,96.4957428
31-May-18,86.12075,42.449829,44.86063766,96.734291,23.323742,56.81519699,105.235344,87.863617,79.153748,113.223999,95.702545,119.4716644,111.040947,98.74729156
29-Jun-18,86.292137,42.539993,44.96490097,97.360512,23.486584,57.85892105,105.39566,87.99427,79.187943,113.2202377,95.891487,119.7953568,111.757996,100.0837479
31-Jul-18,86.133141,42.470325,44.86898041,96.84185,23.363838,57.22359085,105.530418,88.11647,79.140411,112.9017487,95.385384,118.7347031,110.152176,97.86781311
31-Aug-18,86.552734,42.670624,45.08772659,97.466187,23.519953,57.59417725,105.717033,88.256187,79.414825,113.6695328,96.352585,120.141716,111.597435,99.48178864
28-Sep-18,86.401413,42.578915,44.97380066,96.520355,23.278498,55.93159485,105.863701,88.379723,79.301247,112.9146576,95.191505,117.9284134,108.400948,95.39968109
31-Oct-18,85.982971,42.394054,44.74594498,95.054024,22.902275,52.97782898,106.048058,88.530487,79.422661,112.9897079,94.903046,116.6518784,105.22419,91.00379181
30-Nov-18,86.003983,42.411659,44.74156952,95.509399,23.011391,53.6186142,106.24617,88.695129,79.725266,113.9214325,96.165314,118.5859222,107.104797,92.99073029
31-Dec-18,86.112144,42.496559,44.82087708,96.016891,23.142147,54.715168,106.45929,88.857208,80.331085,115.9523773,98.862038,123.43927,113.374184,100.5028687
31-Jan-19,86.797409,42.815823,45.20878601,97.384682,23.485689,56.14465332,106.719879,89.012642,80.532806,116.5541306,99.507179,123.9847717,113.803375,100.6800232
28-Feb-19,86.902802,42.80695,45.24404144,97.218071,23.451332,55.60969925,106.891998,89.177162,80.602112,116.2957458,98.984268,122.9915695,112.237,98.89956665
29-Mar-19,87.570496,43.170551,45.58787155,99.138268,23.910828,58.3897438,107.129364,89.333206,81.107346,118.1056747,101.61245,127.7713852,118.490463,106.3180847
30-Apr-19,87.974594,43.374519,45.79946899,99.357475,23.96419,58.17926025,107.333252,89.505203,81.256119,118.0471115,101.085548,126.2579575,116.131226,103.1331024
31-May-19,88.452148,43.613964,46.09920883,101.098427,24.415777,61.11716461,107.593933,89.695099,81.842651,120.181282,104.167229,132.1014404,124.073692,113.1787491
28-Jun-19,88.97139,43.889675,46.39014053,101.855988,24.595274,61.01190567,107.848328,89.857933,82.21991,121.228157,105.435104,133.6761475,125.252533,114.0195313
31-Jul-19,89.041626,43.898579,46.38128662,102.176964,24.685301,61.90023422,108.023125,90.020058,82.167435,121.0379639,105.475441,134.0852203,125.573814,114.5222473
30-Aug-19,89.501846,44.121048,46.65625,104.558754,25.314442,67.11148834,108.267738,90.172638,82.809814,123.5712814,109.64344,143.0029449,139.448624,132.2342529
30-Sep-19,89.387604,44.039505,46.52312851,103.401932,25.007111,64.88768005,108.422592,90.318581,82.698654,122.8591232,108.343002,140.4242401,135.711533,127.6075363
31-Oct-19,89.575363,44.156223,46.60325241,103.371658,25.000961,64.21562958,108.711235,90.46376,82.957458,123.2181778,108.546524,139.7372894,134.200745,125.0698395
29-Nov-19,89.713997,44.165199,46.64782715,103.674538,25.036993,65.14604187,108.785995,90.561661,82.918297,122.7623825,107.800621,138.671051,133.654465,124.9705124
31-Dec-19,90.321304,44.561932,46.98753357,104.033951,25.17597,64.27297211,108.97226,90.662727,83.046844,122.5671844,106.800163,135.9129181,129.380844,119.2698517
31-Jan-20,90.769714,44.724701,47.27463531,106.256172,25.740332,68.82375336,109.139977,90.771797,83.527695,124.8186874,110.501656,143.7206879,139.331726,131.5749054
28-Feb-20,91.072174,44.905552,47.48100281,107.236252,25.969604,70.76007843,109.378075,90.879021,84.259926,127.1801605,113.774384,150.6104279,148.564514,142.4117432
31-Mar-20,89.654213,44.055542,46.39535904,105.351151,25.608061,69.4662323,109.833145,91.064865,85.308182,130.3484344,118.009827,159.1123962,158.037979,153.845108
30-Apr-20,90.901047,44.679485,47.20550919,108.541832,26.272171,74.41914368,109.856934,91.046967,85.540749,130.5070038,118.334679,159.8461914,159.964417,157.4767303
29-May-20,91.680824,45.059277,47.63876724,109.248642,26.480848,73.95245361,109.828178,91.031059,85.473679,130.9233093,118.72216,159.15625,157.14592,152.3953705
30-Jun-20,92.302818,45.366726,48.00882339,110.324974,26.765018,74.78710175,109.848999,91.031059,85.493423,131.0743561,118.772858,159.4420776,157.675003,153.1147003
31-Jul-20,92.933853,45.710335,48.39694595,112.890251,27.395519,79.77709961,109.848999,91.041008,85.573433,131.5788269,119.787338,163.9056854,164.66803,162.7408752
31-Aug-20,93.979607,46.216728,48.95654297,113.894829,27.644161,78.98731995,109.845039,91.041008,85.553658,131.2202911,118.62558,157.9137573,156.358032,151.7876892
30-Sep-20,93.808311,46.135342,48.85684967,113.464279,27.537123,78.76231384,109.839081,91.021103,85.552689,131.3244629,119.014404,159.1179504,157.567322,153.4186249
30-Oct-20,93.65799,46.044415,48.75667191,112.696678,27.334639,77.08249664,109.851982,91.031059,85.513107,130.7489624,117.371056,154.6495056,152.233337,146.5264435
30-Nov-20,94.170189,46.317196,49.04894638,114.057205,27.689516,79.59879303,109.829163,91.021103,85.531929,130.9380035,117.768227,156.2868805,154.766357,150.0721283
31-Dec-20,95.00238,46.766125,49.54272842,115.309074,28.049395,80.26906586,109.851021,91.024094,85.566582,131.082901,117.487366,154.6356049,152.866364,147.4042053
29-Jan-21,95.48452,46.985767,49.88106155,115.616196,28.085386,79.4810257,109.841095,91.024094,85.586403,130.7182007,116.204269,150.0417633,147.313049,140.4743652
26-Feb-21,95.64827,47.058987,49.86277008,113.665024,27.509462,74.50839233,109.841095,91.01416,85.536827,129.2849731,113.458,142.1534119,138.867691,129.5956879
31-Mar-21,96.175919,47.254742,50.14624405,113.366943,27.505859,73.14067841,109.831161,91.004204,85.489258,128.1973267,110.751251,136.396286,131.58371,121.4754105
30-Apr-21,97.007576,47.667332,50.60477448,114.987755,27.913271,74.54879761,109.831161,91.004204,85.537842,128.807663,111.86013,139.0150452,134.866821,124.9738083
28-May-21,97.732475,48.034065,50.96388245,116.165138,28.211811,76.44579315,109.831161,90.994255,85.589401,129.2414246,112.335396,139.0960388,134.869766,124.837616
30-Jun-21,97.807892,48.052406,50.95462799,117.006966,28.414379,79.18616486,109.811272,90.974373,85.442619,129.0594788,113.484085,143.5253448,140.829788,131.6768188
30-Jul-21,99.094002,48.682571,51.69916534,120.137833,29.213364,82.64266968,109.811272,90.964417,85.584465,130.3297424,115.742683,148.3065338,146.06398,138.2191162
31-Aug-21,99.109825,48.682571,51.6991539,119.940704,29.152376,82.50366974,109.791397,90.954468,85.556686,129.9912415,115.286156,147.9892883,145.567078,137.8279266
30-Sep-21,99.075127,48.654808,51.67090607,119.004997,28.942982,80.835495,109.791397,90.964417,85.470375,128.9304352,113.444984,144.2064209,141.335449,132.5373993
29-Oct-21,99.764931,48.99733,52.00140381,120.325432,29.251186,82.74147797,109.761581,90.954468,85.183594,127.8937912,112.942459,145.1381683,144.819382,137.2127228
30-Nov-21,99.87793,49.044373,52.02028656,121.366287,29.584053,86.32308197,109.711891,90.934593,85.134987,128.2586823,114.175934,148.2825775,148.833023,142.1574249
31-Dec-21,100.399277,49.27182,52.3372879,121.855339,29.674055,85.90619659,109.741714,90.934593,84.954269,127.7516632,113.577606,146.3190155,145.835831,138.287674
31-Jan-22,99.640686,48.9459,51.82511139,119.34655,28.99579,80.62112427,109.65226,90.934593,84.368301,125.9247894,111.177666,141.556778,140.127991,131.748642
28-Feb-22,100.766876,49.463539,52.42429733,120.367767,29.233099,81.03649139,109.612511,90.914696,84.003716,125.3396149,110.839577,140.199295,137.839706,128.4297485
31-Mar-22,99.967628,49.089687,51.90034485,118.110229,28.666588,78.12205505,109.572739,90.956482,82.826149,121.3323288,106.338455,133.0820007,130.335144,120.2312546
29-Apr-22,99.870865,49.038387,51.8140831,115.531815,27.997173,72.16028595,109.540932,90.946533,82.414597,118.9415588,101.842178,122.7045059,118.052544,105.0937347
31-May-22,100.37912,49.299698,51.99751282,114.385468,27.655918,67.90596008,109.613525,90.976364,82.905945,119.8028336,102.47197,121.1194687,115.392456,100.8538513
30-Jun-22,98.877869,48.506104,51.01219177,110.821777,26.771639,63.35686493,109.530945,91.047028,82.413208,118.9268723,101.587181,119.3934021,113.921707,99.42399597
29-Jul-22,100.682014,49.3941,52.09943008,115.598038,27.970222,68.82069397,109.627518,91.079887,82.750992,120.9608459,104.59565,122.9222412,116.69117,101.8000031
31-Aug-22,99.098999,48.638569,51.23999786,112.472,27.209999,65.93999481,109.768051,91.256325,82.080696,117.7380066,100.564705,117.3219986,111.378105,96.55999756
