,AUSTRALIA,BELGIUM,FRANCE,GERMANY,HONG KONG,ITALY,JAPAN,NETHERLANDS,NORWAY,SPAIN,SWEDEN,SWITZERLAND,UK,US
197501,19.17,14.53,21.63,9.35,27.56,13.82,4.19,21.21,7.82,3.18,9.55,21.24,53.09,12.72
197502,0.52,4.17,-1.51,10.7,9.47,8.45,10.56,4.96,0.07,5.57,6.23,3.65,23.99,6.38
197503,-2.04,0.26,8.68,1.21,9.63,-2.67,4.69,0.96,-4.06,-4.38,-1.23,4.57,-6.77,2.54
197504,-0.28,8.31,6.84,3.22,16.29,-1.14,0.02,4.08,8.36,3.79,4.37,6.38,18.24,5.1
197505,9.72,-0.39,-4.54,-7.13,-0.52,-2.7,-0.88,-5.04,-3.59,-4.39,-3.25,-3.71,5.4,4.76
197506,-1.88,-2.51,-5.9,0.58,2.34,-10.96,3.14,3.76,-1.23,-5.08,3.76,-2.84,-10.94,4.77
197507,-1.78,3.47,8.42,8.19,-3.92,-6.75,-4.96,2.22,7.26,-5.15,3.6,2.42,-2.45,-6.44
197508,-0.7,-0.88,0.45,-4.33,-2.38,-0.07,-4.23,-0.56,-1.73,1.86,-2.06,-5.47,14.76,-1.76
197509,8.53,-6.52,-4.16,-1.39,1.65,-2.22,-4.84,-5.53,-14.35,-5.15,5.16,-6.07,2.08,-3.12
197510,1.8,-0.99,3.46,7.94,3.03,1.77,10.67,4.7,-0.45,5.18,1.73,9.7,4.24,6.53
197511,8.06,7.49,6.61,5.73,2.26,4.68,1.3,10.38,-5.21,12.21,0.09,6.2,0.85,2.82
197512,3.61,0.3,-0.43,0.88,12.48,-0.05,1.83,5.47,1.08,-2.59,1.33,2.53,4.21,-0.81
197601,2.21,8.85,1.58,1.18,20.65,6.61,5.11,6.92,19.26,-4.99,4.58,3.28,9.49,12.17
197602,1.76,-1.79,5,0.17,6.57,1.56,0.46,-0.82,-6.92,-14.35,1.18,-1.36,-3.07,-0.84
197603,-1.31,-1.64,-3.15,2.9,1.67,-10.59,-0.74,4.6,-4.4,-5.41,3.04,0.05,-0.72,3.37
197604,3.73,-1.87,-4.24,-5.64,-6.51,-4.95,0.8,0.55,-2.35,8.63,10.41,-1.67,4.29,-0.78
197605,2.53,-3.57,0.22,-0.68,-5.29,0.68,0.91,-0.75,-1.5,-3.27,-3.97,-1.84,-6.05,-1.11
197606,0.57,0.3,-1.76,0.94,3.45,6.51,3.85,-2.29,7.96,-7.01,0.27,3.25,-1.01,4.43
197607,10.51,0.9,-4.8,-2.23,-2.07,3.99,-2.74,-0.37,2.48,-0.63,0.77,0.68,-2.85,-0.48
197608,-0.43,-3.19,-0.19,-0.44,2.36,-2.44,2.13,-3.31,-2.69,-2.63,-5.55,0.26,-4.33,-0.18
197609,-7.13,-2.86,-6.06,1.58,-1.05,-6.35,0.25,-3.64,-0.52,1.13,-5.24,-1.35,-5.31,2.59
197610,-4.95,-4.46,-6.08,-7.23,-4.93,-11.75,-2.76,-2.72,-4.8,-7.04,-8.86,-3.74,-9.7,-1.86
197611,-3.75,7.11,-3.52,5.22,3.93,6.17,-0.15,3.68,3.27,4.21,3.17,1.09,7.12,-0.41
197612,4.7,1.9,11.86,0.95,12.26,4.64,13.91,4.54,-0.59,-7.8,4.83,6.75,18.65,5.61
197701,2.51,1.38,-1.53,1.1,-3.23,-5.68,-4.28,3.06,-0.86,-6.78,-5.73,1.86,9.54,-4.73
197702,-3.45,1.97,-4,-2.16,-1.71,-1.36,2.82,1.8,-4.34,7.02,9.95,-0.81,2.84,-1.82
197703,5.39,-2.82,-9.96,3.2,-2.56,-1.18,-2.57,2.19,0.59,-4.67,1.82,0.86,3.29,-1.05
197704,-0.72,1.66,-2.12,7.16,5.73,-4.27,1.62,8.01,-5.24,1.34,-1.75,0.57,3.36,0.42
197705,4.78,-0.22,4.77,-1.88,-0.8,-3.87,-0.71,-4.64,-3.42,-5.36,-1.46,-3.65,3.11,-1.96
197706,-0.76,3.34,6.12,-2.59,0.93,5.57,0.05,1.11,3.08,-0.33,-9.15,1.1,3.25,4.94
197707,-5.94,1.47,-3.37,1.55,-4.66,-7.42,-1.41,0.49,-0.71,-27.68,-2.12,0.16,-2.23,-1.54
197708,-3.39,-1.74,8.36,2.28,2.31,20.09,5.79,-3.93,-4.31,0.14,-4.96,3.69,12.05,-1.42
197709,-0.3,0.21,6.02,1.42,-1.97,-3.37,0.08,2.73,4.48,-12.49,5.74,4.06,8.53,0.16
197710,5.29,-0.36,3.53,2.78,0.59,-6.92,-3.39,0.09,-2.31,1.59,-4.86,-0.2,-2.84,-3.9
197711,-2.63,-0.85,-3.89,1.02,0.27,-5.24,-1.78,1.47,-3.51,1.18,-5.81,0.54,-4.34,3.16
197712,7.37,-0.39,-3.11,-0.71,-3.12,-1.63,-1.31,-3.21,-4.21,9.65,8.47,-0.03,2.28,0.75
197801,-3.96,3.32,-5.34,1.52,1.24,6.5,4.51,0.39,-5.57,-3.71,10.04,3.72,-4.75,-5.74
197802,-5.16,0.85,2.69,0.74,2.21,4.03,2.2,-0.83,0.72,-2.77,-2.8,-3.98,-4.45,-2.03
197803,4.91,2.04,22.55,0,9.38,4.15,5.12,3.08,0.9,3.86,7.21,-1.41,7.01,2.94
197804,6.96,7.9,5.37,-2.69,1.42,0.38,0.05,0.43,2.05,6.59,5.66,-4.13,1.48,9.02
197805,5.48,-2.89,5.72,2.24,2.75,5.65,0.23,3.41,3.61,3.62,-3.19,2.68,4.72,0.92
197806,-1.56,-1.06,-4.5,1.97,18.07,-9.32,1.12,0.97,-5.78,2.19,2.33,1.78,-2.52,-1.38
197807,6.25,3.44,11.68,3.43,5.47,0.12,1,2.21,5.46,7.4,7.36,-0.34,6.27,5.83
197808,6.49,2.07,-1.81,1.97,16.87,7.6,-0.61,5.48,16.19,1.66,0.55,1.13,3.22,3.01
197809,3.41,2.66,15.03,3.03,-5.7,19.39,1.95,-1.91,3.74,-0.36,-3.09,-3.76,-0.12,-0.32
197810,-6.7,-2.92,-5.01,-1.94,6.34,-5.74,0.5,-8.08,-14.18,6.05,-5.48,-2.91,-3.49,-8.72
197811,-0.69,2.3,-1.81,-1.17,-25.28,-3.05,1.61,2.42,4.19,-11.07,2.02,3.2,2.38,2.15
197812,4.78,0.86,2.46,0.51,0.16,-1.53,2.74,-0.94,-0.73,1.41,0.14,2.87,-0.76,1.96
197901,5.39,6.57,-0.26,0.64,10.15,5.23,2.96,5.74,8.2,-4.3,9.54,10,1.67,4.43
197902,3.71,1.93,-6,-2.51,-2.68,5.61,-3.1,-1.96,11.72,6.45,-4.9,-1.55,7.4,-3.21
197903,2.15,2.37,5.65,-1.04,2.28,1.98,0.23,5.03,3.17,15.04,0.58,1.41,12.65,5.96
197904,-1.54,1.71,6.74,0.34,0.61,-4.43,1.89,2.32,15.07,-4.04,-4.75,1.64,5.67,0.63
197905,2.91,0.38,-5.3,-4.36,4.5,4.15,0.43,-2.66,12.28,0.45,-2.02,-3.35,-6.42,-2.17
197906,-2.37,0.52,11.19,-2.29,-4.06,-0.25,-0.41,3.56,16.94,2.89,-2.18,0.27,-4.39,4.35
197907,2.7,0.46,-0.18,4.03,12.78,4.66,-0.23,0.39,-1.49,-3.62,2.92,1.07,-3.82,1.34
197908,11.82,0.8,7.56,1.69,-3.21,8.19,1.81,3.9,1.57,1.22,-0.82,2.36,4.39,5.77
197909,6.67,2.01,10.8,0.53,16.71,2.33,3.19,1.59,13.34,-4.03,-0.11,1.69,4.12,0.43
197910,1.15,-3.32,-8.66,-4.65,-1.77,-4.97,-1.95,-2.73,10.22,-5.73,0.64,-2.66,-5.72,-6.4
197911,-2.2,-0.44,3.32,1.25,13.01,-3.51,0.49,-2.22,17.68,-3.25,1.54,-1.13,-1.02,4.75
197912,10.83,2.69,-1.56,-1.01,15.89,-1.58,1.98,0.45,-2.64,7.38,2.99,0.63,-0.99,2.14
198001,18.83,1.68,9.38,0.9,3.98,10.24,1.58,2.81,1.33,-1.91,7.03,3.68,9.34,6.22
198002,3.49,-2.7,0.93,2.35,0.69,2.89,0.57,-0.2,-5.76,4.43,-0.55,-2.64,5.32,-0.01
198003,-16.77,-8.59,-9.15,-7.08,-15.73,-2.13,-3.04,-7.86,-22.89,-8.63,-0.32,-7.81,-9.36,-9.72
198004,3.86,9.35,4.13,3.32,12.6,3.65,3.03,6.24,10.62,-1.23,1,3.6,3.95,4.62
198005,11.51,-0.82,5.42,3.19,3.11,2.78,-0.31,2.37,11.8,5.43,-0.83,0.52,-1.94,5.15
198006,5.74,0.57,0.2,2.77,19.85,4.24,1.36,2.78,-1.85,6.93,0.83,3.62,11.32,3.16
198007,0.46,0.25,-2.9,3.05,10.44,11.52,-0.92,4.72,-2.02,-1.37,1.25,2.77,4.57,6.96
198008,4.72,-1.24,3.37,-1.67,4.92,9.43,2.58,-0.61,-5.35,0.7,-3.05,0.27,0.53,1.01
198009,4.9,-0.99,0.83,0.44,-0.57,14.07,2.53,0.79,11.62,5.61,0.29,-0.1,3.49,2.94
198010,4.68,-0.32,8.35,-1.97,24.63,29.95,2.67,9.5,-0.68,-0.52,8.71,1.6,6.12,2.03
198011,-1.07,-2.91,-0.79,1.27,-3.11,-6.73,-0.9,5.52,-2.17,-4.63,7.83,-1.02,1.16,10.65
198012,-1.86,-1.14,-6.32,-1.91,3.28,1.77,0.55,-3.91,-5.35,0.91,4.06,1.06,-5.66,-3.02
198101,-9.11,0.52,-4.62,-1.87,8.54,24.21,3.12,1.91,-0.78,1.95,-1.21,-3.57,-0.72,-4.18
198102,-1.78,2.5,4.27,0.64,-5.63,9.16,0.18,2.33,-4.12,-0.35,13.24,2.04,5,1.74
198103,8.65,-1.93,3.2,3.54,-7.02,5.04,6.79,-5.33,-4.93,3.74,5.76,-0.29,0.92,4
198104,0.3,-0.48,-4.74,5.06,5.08,10.43,8.72,1.73,-0.69,-0.05,-2.98,-1.93,8.35,-1.93
198105,1.18,-9.17,-19.61,-2.51,16.92,5.45,1.21,-2.98,-10.65,1.71,7.39,-4.51,-4.91,0.26
198106,-2.09,-0.24,-4.77,6.17,4.79,-17.86,4.57,3.01,2.72,11.16,11.78,3.3,1.72,-0.63
198107,-9.62,0.58,10.82,1.27,-1.64,-8,1.95,1.67,16.14,-3.45,5.8,-0.15,0.61,0.21
198108,-0.38,1.69,5.06,-1.91,-3.34,10.77,-0.3,0.22,1.6,8.74,-0.09,-2.83,5.55,-5.78
198109,-8.38,-2.42,-0.41,-5.42,-23.4,-15.43,-8.13,-13.12,-8.07,-3.16,-6.14,-7.79,-16.22,-4.93
198110,-4.88,1.25,-1.87,0.06,-0.09,-6.58,0.07,5.84,9.92,-4.81,11.38,-0.79,3.28,5.4
198111,8.42,2.79,5.53,3.47,12.91,9.11,0.55,7.2,0.56,5.06,6.97,4.35,11.59,4.13
198112,0.31,19.06,-0.41,-2.37,-2.58,-2.31,3.96,-0.69,-6.1,-6.52,-1.78,0.57,-0.47,-2.57
198201,-8.58,9.73,8.14,2.47,1.29,-1.46,1.64,-0.92,1.47,0.47,-0.32,-1.5,4.88,-1.31
198202,-9.26,5.18,7.84,1.38,-10.19,6.42,-3.73,-7.04,-6.26,-1.61,-0.37,-1.51,-4.88,-5.59
198203,-5.23,3.06,-7.81,3.42,-7.49,-0.28,-3.98,11.33,-9.76,-5.46,-4.26,0.34,3.73,-0.52
198204,11.04,-3.01,6.83,-0.31,15.12,-5.2,1.66,6.25,6.27,3.45,-5.31,0.38,1.43,4.52
198205,0.2,-4.46,-1.2,-1.96,7.31,-8.39,-0.35,0.24,2.02,-1.89,2.94,0.42,4.14,-3.41
198206,-6.87,0.2,-7.12,-2.62,-8.93,-8.92,-1.71,-5.98,-8.66,-8.09,0.14,-4.6,-4.01,-1.5
198207,-0.76,2.28,-4.04,-0.17,-6.77,6.86,-1.82,-0.52,0.34,-2.43,6.19,-0.79,3.84,-1.78
198208,5.64,7.15,5.9,-0.62,-11.75,4.15,0.69,1.48,5.36,-5.96,0.66,2.5,2.74,12.14
198209,4.02,4.66,-3.19,5.38,-10.5,-2.3,-0.87,0.51,-4.71,-9.81,6.42,1.01,6.25,1.25
198210,0.45,-1.37,2.84,-0.37,-16.1,0.73,2.51,6.79,3.65,3.36,12.92,7.8,2.35,11.51
198211,-3.49,-0.49,1.61,2.07,-7.98,4.34,7.64,-0.74,-5.09,3.38,16.18,3.82,1.31,4.04
198212,1.36,5.27,-0.94,5.9,12.59,-1.98,3.51,7.21,4.41,-8.02,5.81,4.84,1.98,1.93
198301,11.67,2.77,6.71,-0.42,14.7,13.38,-2.19,3.94,12.81,-3.22,15.83,2.71,3.5,3.72
198302,-6.01,3.24,2.87,7.12,15.71,9.52,0.67,3.72,9.36,-0.46,20.91,3.66,1.03,2.29
198303,4.07,9.01,8.76,12.39,-2.31,7.43,4.33,17.22,3.83,7.11,0.26,0.97,3.75,3.7
198304,15.53,7.99,5.45,6.29,2.44,-6.37,1.52,3.62,19.87,-0.4,12.11,3.72,8.2,7.88
198305,5.12,-1.43,4.8,-5.03,-9.83,-3.92,0.97,-0.41,-0.19,6.4,-1.61,-2.13,0.36,-0.87
198306,-2.23,7.02,-1.24,5.06,5.94,0.91,2.78,10.17,4.57,-4.56,-4.54,2.34,5.31,3.89
198307,11.79,5.36,3.72,2.54,11.85,4.18,1.92,3.09,11.68,-1.57,9.4,3.23,-2.46,-2.95
198308,3.96,-0.69,6.48,-5.64,-10.02,2.31,0.78,1.47,2.08,-7.08,5.14,-2.09,1.18,1.5
198309,1.72,0.49,2.87,2.7,-21.04,-2.53,2.76,0.6,1.68,4.01,-2.6,-0.15,-0.57,1.38
198310,-3.59,-5.74,-0.23,8.21,15.28,-5.47,-0.98,-4.25,-4.65,6.38,-1.61,3.51,-1.81,-1.16
198311,9.21,6.21,5.91,1.58,-1.51,3.05,0.31,5.66,3.23,0.34,7.47,4.25,6.07,2.11
198312,3.71,6.99,4.46,1.81,3.27,0.68,6.83,4.23,6.07,-8.38,-3.32,5.96,1.65,-0.52
198401,-2.11,9.31,9.47,3.65,27.02,20.94,6.45,16.03,14.03,10.07,10.75,-0.07,7.12,-0.56
198402,-4.69,-4.77,-4.88,-4.3,-3.74,-4.29,-0.64,-6.73,-0.45,14.56,-3.62,-2.63,-1.44,-3.52
198403,3.28,5.56,1.69,0.28,-2.46,0.43,13.61,1.06,4.83,3.58,4.2,0.36,6.9,1.73
198404,1.12,6.89,10.2,0.86,2.71,-1.65,-1.37,0.26,9.16,-3.64,-2.96,3.1,2.75,0.95
198405,-14.44,-3.69,-2.12,-3.62,-11.84,-4.45,-10.38,-4.47,-2.85,1.87,-9.79,-4.13,-10.1,-5.54
198406,1.73,-3.35,-1.29,2.07,-1.55,2.53,2.42,2.62,-13.51,1.37,3.77,-0.7,2.39,2.17
198407,3.03,1.83,-7.34,-6.07,-11.74,-0.71,-4.01,-5.85,2.22,5.42,2.45,-1.19,-2.43,-1.24
198408,8.11,10.94,10.64,5.8,17.26,6.98,7.31,14.35,10.49,1.58,-0.36,5.38,9.75,11.05
198409,0.17,1.99,3.68,6.66,8.2,-3.97,1.41,8.62,-3.03,3.89,-3.14,1.14,2.93,0.02
198410,2.26,2.15,0.98,1.95,0.76,-1.16,4.29,-0.36,3.74,-4.34,-1.98,1.58,1.45,0.39
198411,-0.36,-2.07,0.27,1.16,11.84,1.67,1.6,-0.5,-4.78,-0.06,-4.94,0.31,3.1,-1.12
198412,-3.49,1.31,-0.2,1.79,6.52,8.42,6.11,2.69,0.79,-2.32,-0.05,2.05,4.36,2.63
198501,7.24,-3.32,5.99,4.13,14.24,14.43,1.32,9.08,14.23,16.31,9.58,6.37,4.75,7.79
198502,2.46,7.5,3.09,1.73,0.8,5.9,5.9,3.64,-3.08,-6.81,-2.71,0.05,-1.23,1.23
198503,4.45,1.16,4.14,1.52,0.32,-2.47,2.74,0.15,-5.45,7.72,-1.52,0.31,1.43,0.07
198504,6.23,-0.31,2.65,3.95,9.4,3.27,-3.87,4.14,7.45,-2.15,2.55,3.36,1.52,-0.09
198505,0.17,4.46,7.81,9.99,6.61,10.07,3.76,-2.2,1.66,1.58,-5.69,3.51,3.79,5.78
198506,-1.26,-3.35,-4.35,6,-2.25,8.88,3.46,0.98,-6.21,-2.31,-2.22,5.52,-5.51,1.57
198507,9.44,1.36,-5.75,-4.93,6.79,6.78,-3.95,0.69,7.65,10.7,4.36,1.77,2.3,-0.15
198508,-1.06,3.52,4.6,9.49,-1.04,6.15,2.57,1.76,1.01,-0.91,-1.13,6.15,6.97,-0.85
198509,6.4,5.93,-5.6,6.05,-8.16,7.72,0.88,-3.02,5.64,2.01,2.51,-4.34,-3.59,-3.13
198510,4.04,16.85,6.32,12.89,10.72,1.63,-0.08,3.7,14.52,9.22,5.44,11.06,7.32,4.62
198511,-4.05,5.56,12.61,-2.31,3.09,7.37,-2.8,4.54,1.96,9.54,12.67,7.14,4.74,6.86
198512,2.01,-0.17,7.06,12.37,2.27,5.14,5.14,3.83,-1.91,3.21,7.6,8.82,-1.51,4.84
198601,7.83,-2.88,5.57,0.41,-2.61,4.47,-1.53,-3.21,-4.22,12.14,1.5,-4.52,2.33,0.56
198602,-2.41,16.88,9.28,-1.62,0.57,20.09,4.26,-2.93,-3.38,26.12,6.13,-1.98,8.45,7.48
198603,8.91,8.58,15.69,9.21,-3.51,27.64,19.46,10.51,-1.79,21.56,13.82,7.74,8.41,5.58
198604,6.38,3.41,8.53,5.09,12.95,7.01,-2.39,-0.3,-5.21,13.54,6.84,1.64,0.51,-1.13
198605,2.93,-0.42,-7.78,-9.18,-2.55,3.98,3.73,5.21,7.84,-4.85,5.04,-1.25,-2.98,5.32
198606,-5.95,1.35,0.29,-1.55,-2.18,-14.63,3.53,-0.7,4.87,-1.79,1.9,-1.59,3.52,1.69
198607,-4.35,-0.52,7.41,-6.8,6.06,12.56,6.74,-4.3,-10.93,4.25,1.94,-7.66,-5.2,-5.59
198608,4.96,6.41,8.64,15.25,3.73,10.84,9.25,8.27,12.28,12.71,1.01,10.52,6.44,7.42
198609,5.03,-0.93,-7.55,-5.84,8.33,-9.82,2.2,-4.12,-1.11,1.5,-0.85,-3.92,-5.7,-8.27
198610,10.76,3.35,1.48,1.73,12.27,5.9,-8.07,-0.32,2,-11.2,6.6,5.28,5.21,5.77
198611,0.57,4.35,3.21,4.46,3.87,-5.69,5.32,3.05,2.83,8.41,-3.97,3.47,1.44,2.43
198612,6.4,2.04,0.47,-0.71,7.19,-0.17,6.13,-0.69,-4.53,6.66,-0.68,0.39,2.8,-2.55
198701,1.48,-0.19,5.31,-10.71,0.23,-1.98,13.19,-1.86,3.42,16.28,-11.88,-3.09,8.86,13.47
198702,8.65,4.2,2.04,-4.82,13.11,-3.27,0.79,0.03,4.84,1.06,14.58,-4.06,9.51,3.95
198703,7.05,3.29,5.31,4.08,-4.48,3.79,5.93,8.56,5.46,-7.87,3.68,1.68,1.71,2.89
198704,4.19,7.52,0.51,0.57,-1.75,8.35,11.83,-0.08,7.33,-0.42,7.71,-2.52,2.63,-0.89
198705,2.3,-3.09,-3.85,-1.26,10.89,-9.4,1.85,3.43,1.66,2.18,-4.64,-1.18,7.41,0.87
198706,0.26,5.31,-5.78,6.75,9.06,-0.37,-5.86,7.91,2.7,6.98,2.72,5.38,4.8,5.05
198707,15.1,9.4,4,6.54,9.95,-0.16,-1.53,5.58,13.7,19.37,7.98,8.24,4.15,5.07
198708,6.5,1.88,3.81,1.56,4.46,-8.68,6.78,-1.97,8.83,11.98,3.2,0.4,-4.25,3.73
198709,4.58,-3.62,-5.32,-2.29,10.59,2.91,-0.92,-1.66,3.66,1.17,4.92,4.38,5.64,-2.19
198710,-41.67,-22.88,-22.17,-21.8,-43.25,-15.42,-13.11,-22.76,-28.52,-22.55,-20.09,-23.89,-26.22,-21.54
198711,4.09,-5.8,-6.07,-13.09,-3.47,-2.61,-0.68,-12.78,-20.04,7.12,-15.1,-10.39,-9.27,-8.24
198712,2.45,-0.35,-4.08,-1.49,8.14,-8.04,-7.28,4.48,-0.77,10.21,2.79,-2.68,9.48,7.61
198801,-4.6,9.11,-10.34,-6.23,3.14,-3.92,10.79,4.01,1.29,0.29,13.66,0.16,5.33,4.21
198802,0.37,24.14,21.62,15.89,1.88,7.93,7.91,5.77,7.41,4.56,2.08,8.26,-0.71,4.66
198803,14.17,1.11,-7.35,-0.52,6.26,2.46,3.62,3.04,11.03,6.71,4.54,-3.12,-1.07,-3.09
198804,3.58,-3.8,9.9,-1.18,3.29,-0.88,1.54,3.28,1.22,-0.74,3.61,1.13,3.98,1.11
198805,9.36,-1.63,9.12,2.26,-3.43,-8.39,-4.1,-2.31,-4.63,0.32,5.28,-0.54,-0.44,0.87
198806,-0.96,5.44,6.44,4.29,7.58,10.58,2.91,7.31,7.49,-1.39,-1.29,5.96,4.59,4.57
198807,4.41,-1.15,-0.16,3,1.46,5.78,3.12,5.27,0.71,-3.21,4.65,1.37,0.54,-0.36
198808,-2.09,-0.71,-1.67,-0.03,-8.2,-2.31,-4.81,-3.65,-8.92,-1.12,-3.99,0.13,-5.14,-3.42
198809,-0.96,9.05,9.73,6.65,0.17,7.03,0.98,2.7,4.33,0.36,5.58,3.45,4.44,4.25
198810,2.5,2.07,4.96,3.97,7.79,6.48,-0.53,1.84,1.32,7.31,4.02,3.52,2.42,2.82
198811,-7.16,0.58,-0.02,-2.81,1.79,-0.88,6.12,-2.55,4.77,3.08,0.87,-1.36,-3.09,-1.43
198812,1.49,4.38,6.96,4.64,1.73,1.72,3.19,5.32,13.22,-1.77,7.63,2.79,0.27,1.74
198901,4.66,4.2,6.84,1.46,14.49,1.68,3.68,6.39,15.91,1.65,7.21,2.47,14.77,7.31
198902,-4.44,-4.14,-3.88,-2.36,-1.24,-3.94,-0.91,-2.59,2.14,-1.56,1.94,-0.74,-1.41,-2.48
198903,-1.23,2.74,4.07,2.28,0.86,5.14,0.43,7.09,11.42,0.59,5.11,5.34,4.14,2.32
198904,3.79,2.79,3.99,3.99,3.71,0.39,0.28,3.86,7.16,8.39,0.71,3.65,2.03,5.21
198905,2.94,2.01,3.43,2,-11.82,-1.08,1.67,0.23,-0.27,-1.51,3.9,-3.7,0.83,4.05
198906,0.14,-1.21,0.3,4.63,-16.92,6.78,-3.45,2.19,-0.56,2.84,4.29,10.98,1.37,-0.57
198907,8.64,1.12,5.14,4.9,13.72,5.38,7.79,4.49,0.68,3.05,7.39,7.18,6.74,9.03
198908,7.95,3.64,3.98,4.07,-2.32,8.1,-1.67,3.05,4.52,0.61,2.32,4.04,3.6,1.96
198909,-1.34,4.68,2.71,0.54,10.38,-3.4,2.83,-0.47,0.29,4.32,-5,-2.73,-2.93,-0.41
198910,-4.45,-6.47,-6.52,-6.72,-1.02,-8.79,-0.86,-4.93,-12.07,-2.75,-6.25,-5.66,-6.75,-2.32
198911,-1.94,4.43,3.66,6.32,1.15,2.5,5.12,2.7,6.38,2.58,-1.35,3.11,6.43,2.04
198912,3.93,0.11,5.42,12.4,3,3.03,1.44,3.35,8.95,0.34,7.98,-0.11,6.59,2.4
199001,2.78,-4.27,-6.62,2.77,-2.49,-1.28,-5.44,-4.14,9.19,-3.5,-1.15,-2.73,-2.8,-6.71
199002,-5.58,-8.83,-2.06,-0.39,7.63,-3.96,-7.18,-2.88,7.11,-2.91,-5.5,-0.28,-3.21,1.3
199003,-1.24,9.17,5.92,9.73,2.37,4.55,-13.52,5.8,1.93,-2.92,-2.85,-1.92,0.2,2.64
199004,-6,-1.3,4.26,-7.28,-1.02,0.91,0.24,-2.99,-6.83,7.81,2.09,-4.11,-5.96,-2.5
199005,6.6,3.91,3.02,1.83,6.48,8.77,10.03,4.74,9.32,6.24,12.04,13.32,11.84,9.75
199006,0.78,-1.13,-3.16,2.36,5.2,0.84,-4.61,-0.32,-4.05,7.01,4.58,1.86,1.5,-0.67
199007,5.52,1.5,-3.33,3.36,5.58,-3.03,-4.62,0.53,8.64,5.78,1.13,-2.47,-1.67,-0.32
199008,-4.26,-11.01,-13.46,-14.74,-10.36,-14.33,-11.51,-8.92,-5.46,-14.74,-13.17,-13.32,-7.5,-9.04
199009,-6.75,-10.33,-11.41,-17.16,-10.31,-10.75,-19.75,-5.84,-8.3,-16.79,-22.39,-11.78,-7.85,-4.87
199010,-4.17,4.97,7.02,9.11,8.84,0.63,18.19,2.16,-8.3,14.19,1.8,4.4,3.75,-0.43
199011,0.78,-3.2,-0.99,0.58,-0.87,-9.34,-10.45,-0.31,-2.61,-1.4,-7.18,-2.73,5.09,6.46
199012,-2.55,-0.68,-3.79,-3.06,2.31,3.26,6.24,-0.15,-6.58,-1.42,3.78,0.66,0.32,2.79
199101,3.62,0.33,3.23,0.56,7.5,-3.8,-0.53,-0.32,-7.87,7.12,13.32,3.74,1.36,4.35
199102,6.64,14.61,12.21,9.52,9.98,16.28,13.28,9.51,12.82,10.75,11.91,10.77,11.34,7.15
199103,3.24,3.74,3.57,-2.27,5.31,2.03,0.15,7.65,3.92,-2.82,3.25,4.55,3.93,2.42
199104,6.78,-0.53,-1.31,5.24,-3.43,-1.31,-0.63,3.26,-2.69,-2.5,-4.52,1.03,1.51,0.24
199105,-1.47,-0.94,2.98,5.01,3.32,6.77,0.14,1.11,8.95,1.88,7.3,4.45,0.55,4.31
199106,0.31,-0.66,-4.7,-4.64,-0.37,-4.11,-7.73,-1.69,-5.04,-7.86,2.94,-4.15,-2.94,-4.58
199107,4.74,-0.99,0.07,-0.46,9.76,-1.85,2.86,2.19,3.13,2.25,0.17,3.72,7.64,4.66
199108,-1.94,-0.53,6.07,1.44,-0.02,-3.33,-5.94,-0.38,2.97,2.74,-0.8,0.04,2.8,2.37
199109,1.64,-3.69,1.33,-2.75,-0.89,-3.24,5.19,-2.45,-6.89,5.26,-5.72,-3.89,-0.13,-1.67
199110,8.04,2.58,-0.09,-1.37,2.4,-4.27,3.12,1.43,-5.08,-2.18,-1.85,0.43,-1.57,1.35
199111,-4.53,-2.06,-4.58,-1.08,3.23,1.69,-7.74,-1.64,-17.4,-3.88,-6.64,-2.85,-5.35,-4.03
199112,3.32,3.04,1.33,-0.2,3.83,-1.67,-0.92,0.1,4.92,7.85,-2.5,1.95,2.67,11.44
199201,-2.08,7.21,6.7,7.06,7.06,8.03,-4.96,5.75,7.8,-0.14,6.17,6,3.76,-1.86
199202,-0.23,1.73,5.78,4.2,7.44,-0.28,-4.94,2.26,-8.29,3.55,-1.72,4.08,0.28,1.3
199203,-1.45,-1.87,-0.32,-1.34,0.61,-5.85,-8.74,-0.55,7.27,-3.89,6.15,-0.67,-4.33,-1.95
199204,5.41,1.93,4.33,0.19,8.97,0.4,-6.53,4.99,5.44,-2.1,-1.39,2.61,9.95,2.94
199205,1.55,1.41,0.75,3.02,13.82,-0.42,3.7,1.75,2.76,9.64,0.91,2.47,2.51,0.49
199206,-2.11,-3.71,-6.32,-3.41,0.74,-8.53,-10.34,-3.99,-11.54,-4.94,-8.28,-2.33,-6.87,-1.49
199207,-1.52,-1.31,-6.98,-7.77,-3.94,-11.62,-0.03,-3.06,-5.67,-6.7,-6.5,-2.82,-5.53,4.09
199208,-4.3,-7.74,-3.28,-4.87,-4.24,-2.99,14.08,-2.41,-15.94,-1.75,-10.54,-3.14,-3.69,-2.05
199209,-3.92,4.28,1.91,-3.34,-1.46,-5.93,-5.49,2.42,0.65,-12.31,-7.17,5.7,10.37,1.18
199210,-4.07,1.48,-0.26,1.59,12.15,23.23,-2.3,-2.09,4.19,-5.6,0.68,0.97,4.5,0.35
199211,1.63,0.98,2.1,2.76,-5.8,-0.76,3.95,1.96,5.09,5.33,32.93,0.47,5.21,3.41
199212,7.68,0.29,4.63,-0.33,-4.79,3.72,-1.1,2.22,3.62,0.34,1.69,8.45,3.66,1.23
199301,-1.33,5.37,-1.89,2.4,3.82,10.16,-0.26,1.96,2.34,8.22,-3.63,1.56,-0.44,0.84
199302,6.07,2.91,11.5,7.1,10.86,6.27,-0.91,5.36,1.71,-1.7,11.93,1.72,2.34,1.36
199303,3.95,6.12,4.07,1.14,-0.11,-7.65,12.37,4.87,9.39,6.81,-0.62,4.56,0.9,2.11
199304,0.71,-3.61,-4.17,-2.76,7.38,12.6,13.31,-2.42,3.45,0.27,3.47,-1.66,-1.24,-2.42
199305,3.55,-0.63,-1.39,0.3,9.1,2.09,-0.12,1.88,-1.65,-2.27,5.57,6.29,1.15,2.68
199306,-0.05,6.77,3.7,2.89,-3.61,0.28,-3.31,5.1,1.38,-2.35,-1.09,4.91,2.4,0.29
199307,6.03,4.01,5.77,6.56,-1.89,6.67,5.43,4.04,9.22,-6.69,10.88,2.12,1.71,-0.4
199308,6.7,-1.2,6.66,6.7,6.76,11.83,2.22,6.23,6.29,21.14,6.56,3.85,6.03,3.79
199309,0.27,-0.65,-3.21,-1.21,2.4,-5.89,-4.48,-2.38,-4.43,-2.44,2.15,-0.05,-1.73,-0.77
199310,8.26,7.23,4.25,8.64,23.32,-1.59,1.47,8.73,13.54,5.22,10.15,9.63,4.3,2.07
199311,-5.08,0.94,-2.18,-0.19,-0.95,-6.59,-15.53,-0.56,-6.36,-8.85,-8.86,2.08,0.07,-0.95
199312,7.98,6.81,8.84,7.25,30.07,13.7,5.02,6.42,7.59,9.41,7.49,7.79,7.78,1.21
199401,6.41,3.79,4.7,-1.41,-3.83,8.24,13.88,5.18,13.73,13.74,13.58,7.7,3.26,3.4
199402,-5.59,-2.1,-4.06,-3.26,-10.41,-1.79,0.12,-3.68,1.14,-4.72,-4.05,-8.01,-4.16,-2.71
199403,-5.71,-2.46,-6.3,1.57,-10.45,12.05,-4.86,-5,-8.72,-4.33,-8.97,-2.43,-6.44,-4.36
199404,1.18,4.4,2.52,5.22,-0.23,9.93,2.57,4.15,0.09,3.63,5.64,-1.5,1.55,1.28
199405,1.16,-2.2,-5.44,-5.98,6.94,-7.56,5.11,-2.92,0.42,0,0.08,-0.15,-4.92,1.64
199406,-4.33,-5.52,-6.2,-2.91,-8.07,-7.17,-0.82,-3.66,-6.39,-4.59,-7.25,-3.78,-1.56,-2.45
199407,4.21,4.74,8.69,4.44,8.01,4.95,-2.27,6.62,11.49,5.34,6.95,-1.58,6.06,3.28
199408,3.64,1.04,0.17,3.01,5.55,-3.72,0.72,1.87,-0.04,-0.68,-0.79,2.78,6.05,4.1
199409,-4.43,-6.72,-8.43,-7.62,-3.1,-1.48,-3.67,-4.49,-8.23,-2.35,-2.76,-3.59,-6.96,-2.45
199410,1.65,0.66,1.07,2.55,0.49,-6.2,0.93,3.72,2.08,3,5.24,-1.01,2.59,2.25
199411,-6.79,2.25,2.84,-1.55,-12.56,-1.36,-3.86,-1.18,2.7,-2.1,1.44,3.08,-0.31,-3.64
199412,1.74,0.1,-4.35,2.39,-2.97,1.44,2.58,0.93,5.72,-5.61,-2.7,1.31,0.13,1.48
199501,-3.72,-2.62,-4.53,-3.65,-10.35,5.12,-6.51,-0.71,-0.4,-1.83,2.35,-3.92,-2.41,2.59
199502,5.95,-0.58,-0.22,4.26,14.25,-5.27,-7.69,-0.35,-4.82,2.87,0.52,2.83,0.77,3.9
199503,-0.34,-1.72,3.71,-8.18,2.69,-5.15,-2.43,-2.04,-5.84,-2.27,-2.54,-3.36,3.94,2.95
199504,7.93,8.4,3.56,5.02,-3.04,8.75,2.02,4.97,9.41,9.44,7.85,3.51,2.92,2.95
199505,-1.11,1.93,2.77,3.37,12.48,-1.94,-5.4,3.7,0.04,4.07,1.61,6.92,3.62,4
199506,0.21,-1.6,-4.36,0.82,-1.88,-3.3,-4.39,-0.58,1.93,1.69,3.89,2.02,-0.15,2.32
199507,5.6,3.07,2.62,5.54,2.69,5.48,11.7,5.37,3.75,6.15,4.37,0.93,5.53,3.32
199508,1.07,0.21,-1.36,0.88,-3.19,-1.34,6.91,0.19,-0.76,-3.42,1.05,2.31,1.01,0.25
199509,-0.11,-0.06,-3.82,-1.8,5.47,-3.16,1.16,1.71,0.51,0.4,7.76,3.26,1.26,4.22
199510,-2.71,-1.36,0.94,-1.81,0.65,-6.4,-2.01,-1.67,-5.66,-1.86,-6.42,2.47,0.49,-0.36
199511,4.9,3.85,1.2,2.37,0.25,-5.65,4.99,5.33,1.85,5.57,0.86,4.53,3.93,4.39
199512,2.3,5.5,1.99,2.34,2.92,8.15,6.3,2.82,1.85,4.89,-0.72,2.19,1.34,1.93
199601,3.94,7.22,8.59,7.88,13.85,5.38,1.77,4.66,1.23,0.16,1.87,-0.44,2.28,3.4
199602,0.21,-1.76,0.87,0,-1.2,-2.63,-3.13,1.46,2.64,6.58,6.87,2.85,-0.13,0.93
199603,-2.63,-1.89,2.92,0.29,-0.35,-3.92,5.01,4.02,1.18,-1.44,1.58,7.16,0.11,0.96
199604,4.23,5.94,4.82,-0.1,0.05,14.27,3.99,4.34,7.95,3.09,1.94,0.78,3.67,1.47
199605,-2.24,0.86,-0.78,1.48,2.93,1.28,-1.96,4.17,0.01,0,2.32,-2.58,-1.34,2.58
199606,-0.88,0.32,0.64,2.23,-1.85,-1.12,2.25,-0.23,-0.6,4.08,0.81,4.48,-1.08,0.38
199607,-2.31,-1.97,-5.56,-3.3,-4.06,-8.42,-7.1,-4.69,-5.2,-4.86,-4.22,-6.39,0.15,-4.42
199608,3.78,1.49,-0.87,2.77,4.05,-1.58,-2.39,2.75,3.04,2.12,6.05,4.28,4.64,2.11
199609,1.3,4.06,6.93,4.07,6.53,7.87,5.9,5.4,2.1,2.12,5,2.4,2.02,5.63
199610,3.06,1.07,1.31,0.5,4.02,-5.43,-4.66,0.75,2.28,3.07,2.96,-0.07,0.83,2.76
199611,2.01,5.27,7.6,5.69,8.67,10.14,1.38,7.93,8.35,6.4,8.45,4.3,1.93,7.56
199612,2.26,0.95,0.8,2.16,0.18,0.82,-5.04,3.08,5.09,10.93,3.77,0.99,1.88,-1.98
199701,0.27,8.05,8.4,5,-2.28,18.49,-6.57,5.21,8.51,-2.66,7.59,8.96,3.58,6.25
199702,1.34,5.3,4.14,7.13,0,-6.04,1.61,7.65,-0.97,-3.46,4.49,4.77,1.04,0.78
199703,-0.78,0.96,1.76,5.85,-6.33,1.39,-0.71,1.73,0.61,3.82,4.11,3.4,0.11,-4.11
199704,3.45,4.49,-0.22,0.35,1.39,4.15,5.38,2.81,2.37,5.49,-3.64,4.96,2.65,5.97
199705,5.13,1.52,-2.23,2.57,12.3,-1.37,3.7,4.53,5.25,7.92,6.94,2.95,3.75,6.09
199706,5.2,4.55,10.01,6.32,4.46,9.67,4.91,8.77,4.92,7.41,8.02,11.35,-0.31,4.48
199707,0.54,7.29,7.52,14.03,5.91,11.15,0.38,13.48,6.22,-5.93,6.31,5.72,6.46,7.96
199708,-5.26,-8.84,-8.82,-11.12,-13.15,-3.82,-7.35,-10.62,-1.38,-1.96,-5.31,-10.5,-1.07,-5.6
199709,7.53,4.44,7.36,5.25,5.43,12.3,-1.75,6.28,4.4,13.46,7.23,7.64,8.92,5.48
199710,-10.26,-3.29,-9.09,-9.12,-28.68,-7.28,-8.79,-7.02,-3.78,-9.63,-11.29,-4.36,-7.17,-3.34
199711,0.48,3.22,4.72,5.23,-2.31,3.89,-0.76,1.74,-4.53,6.07,5.62,4.87,0.25,4.63
199712,6.96,4.58,5.26,5.46,1.82,10.33,-4.85,4.7,1.9,2.49,-0.21,7.55,6.08,1.72
199801,1.56,6.06,5.9,4.35,-15.63,13.38,6.87,3.14,-4.43,7.86,3.78,4.86,5.08,1.11
199802,3.17,5.48,8.23,6.11,21.76,3.91,0.2,10.44,3.81,12.33,8.16,8.82,6.47,7.21
199803,2.27,10.16,12.67,8.43,-2.42,23.49,-1.61,5.65,9.52,12.92,6.65,6.54,3.43,5.12
199804,0.21,4.09,0.69,0.94,-10.59,-5.96,-1.76,-0.29,3.07,1.99,1.29,-1.93,0.46,1.01
199805,-0.64,7.41,4.76,6.73,-14.22,4.06,-0.18,6.09,-7.59,1,3.96,3.45,-0.28,-1.72
199806,0.72,5.48,3.38,4.93,-6.87,-4.62,0.86,0.15,-1.59,0.2,1.26,0.76,-1.23,4.06
199807,2.33,2.65,-0.79,0.07,-7.72,8.33,2.97,1.47,-0.2,4.5,-1.41,3.77,-0.07,-1.07
199808,-7.92,-9.07,-11.87,-16.43,-7.41,-14.55,-12.69,-11.46,-25.28,-19.48,-14.4,-17.01,-9.8,-14.46
199809,4.75,-5.17,-11.36,-6.13,17.09,-10,-5.57,-12.4,-7.7,-1.12,-11.64,-8.85,-3.38,6.41
199810,3.3,4.94,9.51,3.01,32.12,5.36,-0.06,5.73,14.71,14.41,5.32,10.75,7.47,8.13
199811,5.56,5.26,8.72,6.79,0.03,13.41,9.95,9.68,-6.7,7.73,13.03,7.43,5.27,6.06
199812,2.51,7.63,2.61,0.99,-1.97,5.92,-4.97,6.55,-3.93,4.48,-1.66,0.54,2.29,5.76
199901,4.63,-0.88,7.53,4.28,-8.23,-0.62,3.83,-2.97,10.39,-3.05,2.57,1.29,1.08,4.18
199902,-1.35,-0.98,-3.27,-3.24,0.56,2.25,-0.19,2.27,-4.43,-2.42,1.84,-1.45,4.86,-3.11
199903,3.15,-3.66,3.09,-1.29,12.78,4.96,13.68,2.51,7.66,-3.86,2,1.43,2.04,4
199904,4.65,-0.15,5.23,7.77,21.88,-0.35,5.75,7.73,8.26,0.14,8.93,3.05,5.06,3.87
199905,-6.36,-3.75,-0.28,-4.33,-7.58,-3.01,-3.24,-3.89,-1.3,-0.08,0,-4.97,-4.93,-2.36
199906,4.13,1.09,4.44,6.13,10.34,-0.74,9.81,2.13,-1.6,-0.11,6.87,0.59,2.14,5.55
199907,0.99,-2.87,-2.61,-3.98,-2.75,-5.96,4.62,-0.74,2.94,-3.74,0.46,-0.02,-1.28,-3.12
199908,-2.68,5.69,5.01,3.29,0.54,3.22,-2.19,3.44,3.68,3.23,1.35,1.32,0.6,-0.5
199909,-1.44,-4.17,0.92,-1.87,-4.59,0.91,3.69,-4.07,-0.07,-1.83,-1.43,-1.11,-4.31,-2.74
199910,0.18,0.32,5.73,6.03,3.64,-1.52,4.77,4.15,-3.48,0.54,9.91,3.1,2.86,6.33
199911,6.83,2.13,10.09,6,11.37,8.27,5.39,4.2,6.92,7.1,12.61,4,5.35,2.03
199912,2.17,7.84,14.46,16.79,9.81,20.41,5.06,9.94,10.7,6.32,16.84,3.02,5.07,5.89
200001,-1.25,-14.63,-4.18,-1.3,-7.46,-2.37,-1.03,-9.48,-4.67,-5.97,3.43,-7.11,-8.69,-5.02
200002,1.21,-0.28,9.39,11.52,3.1,18.92,0.29,7.47,2.12,13.83,19.38,0.01,0.63,-1.89
200003,0.01,0.01,1.6,0.04,4.17,-6.64,0.72,3.28,1.69,-5.34,-5.4,7.48,5.41,9.78
200004,0.75,2.31,1.63,-3.64,-9.2,-1.76,-3.08,1.54,-1.8,-8.23,1.69,-0.27,-1.96,-3.01
200005,-0.95,1.84,0.01,-3.97,-10,1.06,-7.42,0.76,4.06,-4.93,-3.39,3.7,0.73,-2.05
200006,7.14,4.39,0.33,-3.02,8.71,2.24,4.86,2.26,5,1.91,-4.38,-0.14,0.63,2.47
200007,-1.18,4.9,1.57,3.65,6.65,-0.1,-8.22,-0.26,1.88,-3.23,1.44,4.04,0.9,-1.56
200008,0.5,2.34,1.84,0.15,5.85,3.61,3.65,3.86,9.04,-0.55,2.3,2.77,5.07,6.21
200009,0.57,-2.58,-5.47,-3.79,-4.15,-4.95,-3,-2.88,-2.25,-0.47,-10.31,-5.28,-4.84,-5.28
200010,-0.84,1.28,1.91,4.47,-4.61,5.17,-5.79,3.24,-0.45,-8.51,-2.94,3.6,1.75,-0.42
200011,0.5,-3.99,-6.42,-9.5,-1.94,-1.34,-1.27,-3.53,-3.85,-6.89,-8.81,-0.05,-2.68,-7.88
200012,-1.61,1.39,0.35,1.15,11.41,-5.71,-5.78,-2.19,1.39,7.08,-1.45,1.87,1.51,0.49
200101,5.16,-2.83,1.47,4.65,3.03,3.39,1.48,0.59,4.03,8.36,8.59,-0.84,1.52,3.55
200102,-1.05,2.43,-9.46,-7.46,-1.81,-9.8,-4.68,-5.28,-1.57,-7.06,-11.77,-4.39,-5.14,-9.12
200103,-4.4,-4.9,-3.41,-6.21,-10.95,-3.22,3.11,-5.37,-6.39,-5.69,-15.95,-7,-4.67,-6.34
200104,5.9,0.96,8.67,6.47,1.8,5.08,7.05,6.2,7.44,5.73,11.52,2.74,6,7.77
200105,1.65,-1.73,-2.26,-2.4,-0.84,-4.39,-4.18,0.32,0.23,-6.87,-0.87,2.4,-2.03,0.67
200106,2.56,3.03,-4.53,-1.39,-3.24,-4.72,-1.02,-2.71,-3.75,-6.37,-3.84,-3.19,-2.4,-2.43
200107,-4.82,1.54,-2.23,-2.71,-1.97,-1.25,-8.38,-3.63,-1.99,-1.52,-1.94,-5.06,-1.58,-0.98
200108,-1.49,-1.57,-6.9,-9.65,-6.05,-5.03,-7.65,-4.69,-5.94,1.5,-6.94,-3.74,-2.62,-6.26
200109,-5.71,-8.88,-13.67,-16.09,-13.47,-15.38,-7.18,-12.84,-13.81,-10.28,-13.37,-9.33,-8.77,-8.08
200110,6,-1.63,6.8,6.82,3.75,5.25,3.31,1.47,1.63,4.78,6.93,1.91,3.21,1.91
200111,3.51,2.95,4.11,9.34,10.52,4.37,0.07,4.83,6.58,7.66,13.61,3.42,4.04,7.67
200112,2.84,5.4,3.47,2.74,5.09,1.75,-1.45,3.12,5.55,-0.38,1.58,2.92,0.55,0.88
200201,1.25,-0.76,-2.86,-0.17,-1.49,-0.07,-5.73,0.01,-2.78,-6.25,-7.16,-2.32,-1.05,-1.46
200202,-1.36,-0.65,-0.37,-1.48,-3.33,-0.36,4.26,-0.06,3.35,1.79,0.23,1.8,-0.66,-1.93
200203,0.66,1.75,6,6.61,5.51,6.02,5.29,7.8,7.93,2.21,3.22,5.23,4.08,3.76
200204,-1.78,1.93,-4.61,-6.26,5.56,-2.69,2.17,-3.45,-3.48,2.78,-9.66,-1.59,-1.41,-6.07
200205,0.74,-2.33,-3.66,-4.94,-3.19,-5.77,3.57,-3.52,-3.53,1.45,-6.55,0.19,-1.47,-0.74
200206,-4.44,-6.46,-8.95,-9.19,-5.52,-6.71,-8.58,-7.75,-7.82,-6.69,-6.68,-8.56,-8.23,-7.12
200207,-3.39,-10.69,-10.89,-14.25,-3.83,-8.5,-6.01,-15.96,-7.49,-7.84,-10.62,-12.3,-8.68,-7.79
200208,1.21,-0.02,-0.8,0.17,-4.67,1.88,-2.35,1.2,-0.96,2.37,-1.43,1,-0.15,0.66
200209,-4.35,-15.91,-16.41,-23.9,-7.49,-14.49,-2.39,-17.64,-13.47,-13.2,-15.47,-8.69,-11.73,-10.87
200210,3.07,6.01,13.78,14.38,3.69,9.03,-6.01,12.38,4.43,13.46,12.15,3.75,8.45,8.8
200211,1.38,4.68,6.48,4.19,6,9.21,3.98,5.59,5.05,8.05,13.58,3.62,3.44,5.89
200212,-1.89,-2.24,-7.96,-11.21,-6.46,-8.21,-5.46,-9.24,-2.7,-4.33,-12.34,-8.73,-5.34,-5.88
200301,-1.27,-7.32,-3.32,-4.38,1.38,-3.65,-2.62,-7.34,-5.35,1.61,-3.07,-4.64,-9.01,-2.62
200302,-5.7,-9.57,-5.53,-6.91,-1.04,1.56,-0.39,-7.54,-4.4,0.96,-1.06,-6.08,2.41,-1.5
200303,3.41,-0.9,-4.24,-4.13,-5.08,-6.75,-4.08,-3.4,1.83,-0.33,-2.88,-0.91,-0.99,0.97
200304,4.79,14.13,12.53,19.33,-0.96,11.2,1.2,8.68,8.84,12.13,13.03,11.06,9.37,8.24
200305,0.63,3.43,2.27,1.73,8.64,4.92,4.99,0.71,4.95,7.05,-0.42,1.98,4.1,5.27
200306,0.54,1.15,2.67,7.23,1.18,-0.42,8.27,3.79,7.18,3.02,4.38,4.09,0.2,1.28
200307,3.74,4.29,4.42,7.24,6.5,1.99,4.48,6.12,6.76,0.74,7.76,5.22,3.7,1.76
200308,3.25,2.15,3.8,1.24,11.32,0.08,6.92,4.63,4.31,-1.21,3.36,1.37,0.7,1.95
200309,-1.26,-0.05,-4.13,-5.71,5.18,-1.71,1.62,-6.37,-6.06,1.07,-3.16,-1.18,-1.35,-1.06
200310,3.6,5.39,7.77,11.88,5.08,5.26,2.51,6.24,12.18,5.75,8.93,4.03,4.91,5.66
200311,-2.31,0.86,1.85,1.7,-0.19,4.83,-3.6,0.74,1.65,5.61,0.51,2.14,1.39,0.88
200312,3.63,3.46,3.21,4.83,2.23,-0.21,4.44,3.41,6.67,11.41,3.65,3.12,3.32,5.24
200401,-0.51,7.82,2.91,3.09,9.77,3.59,0.44,2,6.41,2.03,6.33,4.79,-1.11,1.84
200402,2.84,4.12,2.8,-0.39,3.28,1.64,3.28,2.05,9.24,3.82,4.07,1.17,2.67,1.39
200403,1.47,-3.01,-2.23,-3.66,-5.97,-1.69,8.78,-3.55,-2.56,-3.84,-0.97,-2.79,-1.91,-1.51
200404,0.53,2.77,1.25,2.2,-4.94,3.84,0.81,1.24,-2.69,-0.74,0.03,3.07,2.55,-1.57
200405,1.75,-0.69,-0.27,-1.95,-0.77,-2.21,-3.7,-0.29,1.65,-0.16,-1.1,-2.29,-1.19,1.37
200406,2.57,2.37,2.28,3.14,0.39,3.13,4.19,2.6,6.33,1.6,4.14,-0.04,1.31,1.95
200407,-0.1,0.01,-2.09,-3.44,1.77,-1.28,-4.09,-3.48,-0.49,-2.43,-1.72,-1.46,-1.22,-3.31
200408,0.36,3.78,-1.38,-3.02,6.34,-1.51,-0.88,-1.37,1.36,0.65,0.05,-1.59,1.13,0.41
200409,3.24,5.39,1.77,2.7,1.41,3.63,-2.39,0.31,8.53,4.17,4.1,1.08,2.67,1.08
200410,2.91,4.42,2.12,1.51,-0.22,3.42,-1.32,1.84,-2.7,7.45,0.33,-1.78,1.56,1.53
200411,4.28,3.11,1.53,4.14,8.88,3.18,1.45,2.55,7.85,7.73,6.81,1.36,2.14,4.05
200412,3.29,3.82,2.2,3.17,2.09,5.76,4.96,2.76,-0.85,7.35,0.93,4.63,3.09,3.4
200501,1.9,2.67,2.88,0.46,-3.28,2.44,-0.72,4.09,2.66,-1.31,0.38,1.71,1.28,-2.44
200502,2.59,4.08,3.09,2.38,3.71,1.3,2.68,4.54,10.11,3.36,4.56,3.12,2.49,2.11
200503,-1.37,0.72,0.91,0.03,-3.42,1.49,0.27,-1.3,-1.4,-3.26,0.01,-0.09,-1.24,-1.77
200504,-2.52,-2.59,-3.51,-4.61,3.68,-4.14,-4.33,-5.25,-3.88,-2.97,-3.48,-0.89,-2.04,-1.9
200505,3.28,1.11,5.65,6.01,-0.58,2.76,1.52,4.92,3.44,0.28,5.96,4.3,3.87,3.18
200506,4.45,2.65,3.22,3.35,3.58,2.4,2.9,6.48,12.05,2.42,4.47,2.35,3.23,0.15
200507,2.99,4.27,5.39,6.24,6.23,4.5,2.4,5.13,5.78,3.54,5.16,5.73,3.67,3.72
200508,1.29,0.73,-0.7,-0.82,-1.02,0.09,5.8,-1.92,6.61,0.91,-1.33,-0.86,0.44,-0.91
200509,4.24,3.18,4.88,4.33,2.2,4.08,11.78,3.58,4.47,5.39,5.86,5.71,3.53,0.81
200510,-3.3,-1.6,-3.35,-2.68,-6.97,-6.18,1.79,-1.57,-7.79,-3.59,-1.74,1.44,-2.47,-1.67
200511,3.88,4.36,3.4,4.72,3.34,3.57,6.67,6.82,3.52,-0.82,3.59,4.86,2.64,3.78
200512,3.27,4.23,3.64,4.18,1.18,4.02,7.21,4.97,4.75,1.91,5.78,2.68,4.2,0.03
200601,3.94,4.07,4.91,5.18,5.85,3.38,3.78,3.24,10.5,6.34,1.24,3.33,2.84,2.65
200602,0.03,2.52,1.54,3.17,0.69,3.5,-2.33,4.37,0.61,4.08,3.67,1.36,1.07,0.27
200603,4.16,0.87,4.93,3.31,1.2,1.36,3.99,3.16,8.56,3.43,6.75,2.1,3.31,1.25
200604,2.99,1.33,-0.27,0.36,5,0.11,-0.6,-0.59,3.31,4.67,-1.86,0.72,1.13,1.34
200605,-4.56,-6.23,-5.22,-6.8,-6.21,-3.75,-7.37,-6.64,-8.77,-2.22,-8.66,-5.28,-4.72,-2.88
200606,2,-0.13,0.93,-0.51,0.84,0.06,0.57,0.54,-0.61,1.71,0.71,0.66,2.03,0.14
200607,-1.36,3.09,1.1,0.14,2.5,1.16,-0.66,2.96,2.89,2.47,-0.68,3.67,1.31,0.62
200608,2.62,3.02,3.12,3.19,2.8,3.71,4.12,3.55,-1.38,3.27,4.86,2.91,0.06,2.41
200609,0.87,4.49,2.18,3.25,0.97,1.71,-1.27,4.21,-4.52,5.65,6.36,3.45,1.56,2.58
200610,4.52,2.43,2.17,4.33,0.92,3.61,0.93,0.23,9.01,7.02,5.46,2.2,3.21,3.26
200611,1.54,0.22,0.1,0.94,6.07,1.83,-0.58,-0.97,2.62,4.94,-1.37,-0.45,-0.56,1.9
200612,3.51,5.22,4.26,4.99,6.22,3.13,5.28,4.66,6.67,1.88,8.62,4.1,3.22,1.4
200701,1.83,1.95,1.14,2.45,2.25,1.65,2.32,2,4.15,1.94,3.3,4.4,-0.16,1.51
200702,1.89,-1.95,-1.16,-0.78,-2.56,-1.93,1.97,-1.62,-5.18,0.01,-2.13,-3.9,-0.2,-1.96
200703,3.13,3.31,2.98,3.22,1.92,1.68,-1.81,6.09,4.1,4.29,5.85,2.79,3.34,1.12
200704,2.83,3.41,5.06,6.59,2.29,5.34,-0.85,6.44,3.19,0.88,7.53,5.98,2.49,4.43
200705,2.55,3.19,4.22,5.2,1.94,1.24,3.2,0.62,3.62,5.36,1.03,0.72,3,3.49
200706,0.1,-1.87,0.23,0.74,0.77,-1.47,1.04,0.11,4.45,-2.45,-2.28,-2.39,-0.39,-1.66
200707,-2.15,-4.56,-4.92,-4.05,6.67,-3.87,-4.06,-1.02,-2.84,0.45,-1.21,-3.31,-3.52,-3.1
200708,3.23,-1.99,-1.32,0.86,-1.46,-0.72,-5.18,-1.87,-3.94,-2.4,-2.71,-0.64,-0.26,1.5
200709,5.6,0.06,0.56,2.36,12.23,-0.19,1.05,2.99,6.04,5.03,0.38,0.35,2.35,3.74
200710,2.78,2.12,3.11,3.14,10.1,2.26,0.55,0.78,3.88,9.03,-2.6,1.14,4.3,1.59
200711,-3.05,-7.34,-2.93,-3.15,-2.57,-4.27,-5.33,-5.26,-3.11,0.18,-6.85,-2.48,-4.25,-4.18
200712,-2.14,-1.7,-1.14,0.77,1.06,-0.99,-3.02,0.79,-0.39,-4.08,-1.88,-3.62,0.42,-0.69
200801,-11.49,-8.59,-13.76,-11.67,-12.5,-11.52,-9.31,-10.62,-19.02,-9.94,-12.12,-9.63,-8.45,-6
200802,0.46,0.8,-0.91,-0.86,-0.18,-1.3,-1.31,1.01,7.64,1.77,3.73,-0.33,1.19,-3.25
200803,-4.29,-0.97,-2.1,-2.16,-6.08,-5.73,-7.06,-0.84,-3.43,4.64,-2.02,-3.93,-2.18,-0.43
200804,4.75,4.61,7.01,4.93,7.12,6.67,10.55,3.6,11.88,1.99,4.67,5.17,6.09,4.87
200805,2.84,-3.08,2.54,2.19,1.32,1.53,3.76,1.39,7.03,-1.38,2.71,1.64,0.26,1.3
200806,-7.21,-13.67,-10.4,-8.38,-10.1,-11.87,-5.94,-13.65,-6.05,-9.22,-14.54,-7.52,-6.98,-8.43
200807,-5.43,-4.89,-2.49,-0.68,-1.66,-3.66,-1.41,-3.43,-7.61,-3.37,-1.21,1.42,-4.07,-0.84
200808,4.02,4.15,1.96,-0.67,-5.78,1.84,-3.84,6.21,-0.46,-6.52,0.83,1.18,5.1,1.45
200809,-10.89,-13.15,-10.51,-7.77,-18.34,-10.67,-12.23,-15.28,-22.84,-10.84,-12.42,-7.83,-13.87,-8.91
200810,-13.95,-21.84,-13.74,-11.97,-22.89,-14.46,-19.62,-18.34,-20.72,-22.78,-18.58,-9.65,-11.76,-16.8
200811,-6.81,-10.41,-5.28,-10.01,-2.77,-5.48,-2.9,-7.97,-9.49,-2.28,-1.71,-5.12,-1.75,-7.18
200812,-0.57,0.34,-1.11,2.41,6.3,-2.47,3.01,0.02,0.9,13.54,3.46,-4.11,3.71,1.06
200901,-4.65,3.78,-6.23,-7.98,-0.07,-5.54,-7.2,-0.98,1.83,-14.17,-7.22,-3.68,-5.87,-8.43
200902,-3.92,-4.52,-9.32,-10.72,-4.74,-12.1,-4.47,-11.38,-5.59,-12.15,3.58,-10.31,-6.01,-10.65
200903,8.03,1.66,2.87,5.32,3.92,2.5,2.86,1.03,3.48,4.75,1.78,5.3,3.4,8.76
200904,6.12,10.99,13.34,13.77,16.63,18.43,7.58,13.98,10.12,11.73,22.2,8.28,10.27,9.57
200905,1.83,4.71,5.43,3.61,21.12,5.72,6.95,6.5,14.7,13.15,2.9,2.76,4.38,5.59
200906,4.45,0.32,-2.62,-1.28,-0.46,-2.67,4.25,-0.04,-2.58,1.6,0.86,0.96,-2.85,0.2
200907,7.55,5.24,7.88,8.82,13.31,6.27,2.27,11.76,4.12,11.62,10.72,9.15,8.34,7.56
200908,6.57,8.32,7.19,0.23,-5.69,7.07,1.64,6.38,0.65,6.02,3.89,4.26,7.53,3.61
200909,6.17,4.4,4.97,4.16,7.29,5.26,-4.31,5.82,5.62,5.53,0.52,2.46,4.83,3.73
200910,-1.73,-2.07,-4.06,-4.63,3.67,-5.05,-1.93,-2.91,2.97,-2.74,4.65,-1.11,-1.58,-1.86
200911,2.1,1.01,1.32,3.53,0.1,-0.35,-6.13,1.54,3.92,3.54,0.32,-0.05,2.91,6
200912,3.5,3.68,6.28,5.34,2.51,5.63,8.09,7.66,5.74,-1.56,1.54,4.19,4.33,1.93
201001,-5.4,1.07,-3.47,-4.41,-4.73,-4.04,-1.08,0.13,-2.54,-9.18,0.82,-0.77,-3.07,-3.6
201002,1.12,0.42,-0.85,-0.38,3.12,-3.72,-0.43,-2.19,-2.96,-6.97,-0.52,2.86,3.74,3.1
201003,5.96,4.4,7.2,8.88,7.23,7.55,10.2,8.32,6.58,3.52,8.73,4.13,6.41,6.04
201004,-1.19,-1.56,-0.88,0.16,0.32,-4.18,1.07,0.76,2.24,-4.44,4.66,-1.81,-0.99,1.58
201005,-7.79,-0.75,-5.52,-2.58,-7.06,-6.8,-10.52,-4.79,-8.44,-16.53,-7.13,-4.18,-6.5,-7.99
201006,-2.69,-1.22,-1.54,0.44,2.66,-1.23,-3.75,-1.16,-3.78,-1.3,1.33,-2.48,-4.63,-5.24
201007,4.46,4.17,5.28,2.83,5.9,7.25,0.69,4.41,6.6,20.08,4.49,1.46,7.35,7.01
201008,-0.67,-0.93,-3.3,-2.85,1.8,-4.58,-5.01,-4.36,-2.06,-5.44,-3.42,-0.71,-0.36,-4.51
201009,5.18,4.57,6.45,5.68,12.6,4.81,3.73,6.06,6.51,11.17,8.87,2.07,6.86,8.92
201010,2.04,2.96,3.27,5.31,2.52,4.31,-2.56,0.58,5.17,5.29,0.14,2.8,2.16,3.81
201011,-0.37,-5.61,-4.09,1.52,2.41,-8.59,6.15,-2.16,-2.05,-18.65,1.53,-1.81,-2.1,0.01
201012,3.92,2.6,5.23,4.67,1.82,6.13,4.39,7.65,10.59,9.77,6.1,2.6,7.55,6.68
201101,0.07,-0.68,3.98,0.87,1.93,6.43,1.48,1.83,-0.82,12.53,-1.12,0.42,-0.73,2.37
201102,2.32,2.46,2.52,2.07,-3.71,1.57,4.45,2.75,3.75,2.1,-1.84,2.26,2.37,3.43
201103,0.6,0.55,-2.59,-1.88,0.88,-1.7,-7.18,-0.29,0.68,1.08,2.51,-2.23,-1.05,0.04
201104,-0.65,6.15,3.1,5.09,3.43,4.06,-1.59,0.14,0.78,7.78,3.88,3.9,3.09,2.96
201105,-2.05,-2.76,0.29,-1.8,0.91,-3.01,-1.22,-1.84,-2.1,-4.85,-0.65,0.18,-0.95,-1.13
201106,-2.48,-4.73,-0.13,0.3,-3.22,-3.44,1.27,-3.94,-4.44,-0.79,-3.58,-5.54,-0.67,-1.67
201107,-3.33,-2.96,-5.83,-2.74,2.01,-7.66,-0.23,-4.11,-1.05,-6.79,-4.77,-5.81,-2.22,-0.02
201108,-2.03,-5.58,-10.35,-15.48,-6.89,-13.45,-8.17,-10.16,-8.07,-8.47,-10.36,-5.49,-7.13,-5.43
201109,-6.44,-3.52,-8.37,-6.14,-17.01,-4.53,0,-3.44,-7,-8.68,-5.9,-0.83,-5.33,-7.03
201110,7.14,-2.37,7.56,10.78,11.71,7.9,0.21,7.68,9.64,8.38,8.92,3.7,7.81,10.93
201111,-3.42,0.39,-3.44,-1.37,-6.5,-4.16,-4.47,-2.99,-0.06,-7.53,-1.55,-1.64,-0.63,-0.22
201112,-1.52,3.17,-0.13,-2.47,0.87,-1.31,0.44,3.36,1.4,-2.66,0.99,4.07,0.61,1.02
201201,5.37,2.75,5.38,8.98,8.61,5.05,3.29,3.36,2.51,1.47,5.82,1.17,3.26,4.64
201202,2.54,5.87,4.8,5.68,7.77,3.86,10.1,3.63,7.9,1.48,6.61,3.27,4.46,4.34
201203,1.14,6.56,-0.03,1.07,-3.24,-1.35,3.6,1.64,-1.2,-4.6,-1.08,2.28,-1.24,3.22
201204,1.02,-1.75,-4.72,-1.24,1.01,-5.76,-5.27,-2.72,-1.15,-11.5,-0.04,-0.12,-0.19,-0.67
201205,-6.92,-2.65,-4.72,-6.44,-9.4,-8.63,-10.08,-4.79,-8.09,-17.16,-6.57,-4.17,-7.2,-6.01
201206,0.08,7.43,5.6,1.24,3.09,9.05,6.77,4.8,4.65,18.63,2.98,3.03,4.41,4.06
201207,3.76,3.7,2.55,4.76,2.21,-1.38,-3.91,5.14,3.4,-5.88,4.22,4.78,1.35,1.18
201208,2.1,2.32,3.08,2.05,2.36,7.75,-0.32,1.51,2.77,11.1,-2.27,-0.14,2.47,2.51
201209,2.26,2.47,-0.76,3,6.73,-0.02,1.83,-0.1,1.78,7.2,3.15,1.84,1.32,2.54
201210,2.86,-1.02,1.98,1.4,1.77,2.56,0.46,2.03,-1.71,3.51,-1.48,1.51,1.13,-1.82
201211,0.18,3.32,3.58,2.17,2.99,1.44,5,4.6,-0.22,1.21,3.04,2.86,1.91,0.57
201212,3.38,1.13,2.17,2.39,2.16,3.09,9.19,1.55,0.8,5.89,2.05,0.3,1.08,0.89
201301,4.98,0.98,3.29,3.03,6.98,5.74,9.6,4.33,4.98,6.44,5.82,7.42,6.14,5.12
201302,5.1,5.48,0.92,0.15,-0.69,-5.99,4.02,-1.3,0.96,-4.56,3.43,3.66,2.12,1.28
201303,-2.22,3.43,0.68,0.18,-0.89,-1.46,7.71,2.54,0,-5.71,0.85,3.12,0.84,3.8
201304,3.62,-1.59,3.01,1.02,1.86,7,12.42,0.03,1.02,9.19,2,2.26,0.41,1.92
201305,-4.47,0.18,4.26,4.85,-0.34,4.06,-2.53,4.74,2.48,-2.26,2.06,0.85,2.86,2.36
201306,-2.55,-4.29,-4.65,-3.58,-5.89,-8.89,-0.33,-4.38,-4,-5.38,-5.21,-3.14,-5.03,-1.33
201307,5.34,4.66,7.14,4.12,2.58,7.31,-0.05,6.78,4.78,11.46,7.57,2.08,6.86,5.17
201308,2.53,-0.86,-1.02,-1.29,-0.11,1.3,-2.27,-0.64,1.01,-1.94,-1.08,-0.58,-1.84,-3
201309,2.39,4.27,5.71,5.18,5.63,4.13,8.92,3.71,1.59,13.24,3.93,3.56,1.1,3.16
201310,3.93,4.34,3.49,5.13,2.42,10.89,-0.11,3.87,5.32,8.87,1.48,2.66,4.34,4.63
201311,-1.32,-0.48,0.53,3.61,0.74,-0.77,5.15,0.93,1.6,-0.02,2.22,0.51,-0.76,2.96
201312,0.7,2.1,0.53,1.42,1.01,-0.4,3.68,1.28,1.43,2.67,2.1,-0.24,1.87,2.59
201401,-2.63,-3.43,-1.91,-2.21,-4.11,2.09,-5.61,-2.99,-2.25,-1.13,-1.66,0.15,-2.79,-3.52
201402,4.78,5.7,5.95,3.31,4.59,5.4,-0.72,3.68,3.29,4.56,6.16,4.16,5.29,4.55
201403,0.33,0.47,0.4,-0.72,-2.03,5.61,0.1,1.43,1.48,2.79,0.69,0.6,-2.89,0.83
201404,1.18,1.56,1.91,0.14,0.63,0.39,-3.2,-1.74,3.17,1.77,1.71,1.35,1.91,0.7
201405,0.6,2.75,2.45,3.55,2.95,0.37,3.39,3.12,5.08,1.48,3.8,2.39,1.33,2.32
201406,-1.42,0.83,-1.82,-0.8,0.57,-1.04,5.23,0.68,2.44,1.98,-1.44,-1.16,-1.38,2.06
201407,4.5,-1.83,-3.41,-4.56,4.31,-3.34,2.2,-2.7,-1.52,-3.71,-0.71,-1.44,-0.26,-1.34
201408,0.91,4.34,2.13,0.74,-0.96,-0.04,-0.63,4.06,-0.6,-1.76,0.54,2.85,2.13,3.95
201409,-5.36,1.76,0.06,-0.65,-6.26,1.5,4.13,2.3,-0.9,-2.81,-0.08,1.15,-2.97,-1.38
201410,3.86,-1.23,-3.06,-0.72,5.15,-5.21,0.39,-1.08,-5.19,-3.99,1.53,-0.11,-0.76,2.36
201411,-2.79,5.51,4.1,5.96,0.53,0.92,5.65,5.49,-5.91,2.33,3.02,3.35,2.93,2.75
201412,1.4,0.27,-1.12,-0.42,-4.38,-4.1,0.08,-0.76,0.83,-6.04,1.05,-1.64,-1.63,-0.25
201501,2.86,10.38,7.56,7.98,3.93,8.39,0.81,7.51,2.51,-4.38,7.36,-6.61,2.27,-2.96
201502,6.97,5.44,7.43,6.52,0.02,8.47,7.22,7.68,4.51,6.35,8.09,7.97,3.79,5.62
201503,-0.46,0.62,1.51,4.4,1.22,4.32,2.2,3.86,-0.13,-0.77,-0.11,2.53,-1.77,-1.57
201504,-1.33,-1.89,1.14,-3.65,10,0.11,2.91,-0.7,5.33,3.39,0.23,0.76,3.19,0.98
201505,0.65,2.27,1.15,0.97,0.95,3.12,4.74,4.19,-0.26,-2.66,1.09,1.83,1.4,1.29
201506,-5.28,-1.84,-4.29,-3.6,-4.87,-3.95,-2.06,-3.86,-2.93,-2.43,-6.38,-4.75,-5.46,-2.03
201507,4.16,3.18,5.73,2.52,-4.32,5.62,2.09,4.11,0.57,2.82,5.05,7.15,2.1,2.26
201508,-7.21,-7.41,-7.93,-7.69,-11.39,-6.39,-7.32,-8.11,-7.34,-5.56,-5.98,-5.74,-5.31,-6.1
201509,-2.41,-2.31,-4.14,-5.29,-2.45,-2.52,-7.13,-3.31,-2.21,-6.02,-4.43,-3.36,-2.54,-2.55
201510,4.52,9.54,8.84,10.18,7.7,5.68,9.9,9.27,5.24,7.05,6.67,5.25,4.64,8.51
201511,-0.63,7.31,1.22,4.19,-3.51,1.82,1.84,3.7,2.04,-3.33,3.42,1,0.34,0.37
201512,2.66,-2.58,-4.96,-3.82,0.77,-4.59,-1.78,-5.13,-3.9,-4.5,-4.01,-1.21,-1.45,-1.73
201601,-5.28,-2.69,-4.29,-7.8,-9.71,-11.44,-6.9,-3.17,-6.84,-7.31,-6.94,-5.1,-3.33,-4.98
201602,-1.61,-5.99,-1.34,-2.95,1.55,-4.7,-8.72,-2.15,2.28,-3.29,2.07,-3.82,0.69,-0.08
201603,4.71,2.69,1.35,4.84,8.28,3.37,5.06,3.52,2.05,7.95,1.98,0.94,1.94,6.73
201604,3.32,0.75,1.37,1.02,0.27,2.07,-0.65,0.39,5.52,3.89,0.77,2.88,1.08,0.39
201605,2.96,4.88,2.84,2.12,-0.45,0.26,2.8,3.85,1.18,-1.76,2.45,3.63,0.75,1.7
201606,-2.21,-0.77,-5.21,-4.67,-0.42,-8.88,-8.99,-5.87,-0.77,-8.37,-3.54,-2.45,1.93,0.35
201607,6.32,0.43,4.87,5.69,5.19,3.49,5.71,3.96,0.53,6.41,5.33,1.88,4.24,3.65
201608,-1.26,-0.09,0.3,1.79,1.44,0.63,-0.17,3.22,0.88,1.33,2.62,0.87,1.93,0.12
201609,0.53,3.07,0.53,-0.03,3.18,-2.47,0.68,0.3,0.93,1.89,1.74,-0.2,1.66,0.01
201610,-2.03,-5.14,1.58,0.45,0,3.68,4.91,-0.01,2.97,1.01,-0.81,-3.32,0.46,-1.73
201611,2.44,-2.07,1.19,-0.96,-0.21,-0.86,4.89,-0.46,3.72,-7.25,1.39,0.62,-1.63,3.68
201612,4.09,3.11,5.99,7.03,-5.09,12.28,3.61,4.5,4.99,6.37,2.8,3.76,4.98,2.03
201701,-0.61,-2.2,-0.92,1.48,6.29,-2.67,0.2,0.05,0.56,2.46,1.3,1.22,-0.1,1.79
201702,2.06,4.19,2.21,1.96,1.64,2.06,1.08,4.97,-0.36,0.1,3.04,3.28,3.15,3.93
201703,3.13,2.09,5.29,3.48,3.14,8.59,-0.28,4.38,-0.9,9.69,2.04,2.91,1.23,0.12
201704,0.64,1.12,3.85,1.67,2.5,1.52,1.04,2.93,0.95,5.76,4.49,3.4,-0.06,0.99
201705,-2.69,2.09,2.96,2.35,2.46,2.25,2.54,1.92,2.04,5.27,1.56,2.78,4.26,1.41
201706,0.17,-4.43,-1.65,-2.29,0.05,-1.47,2.65,-2.63,-1.93,-1.98,-1.62,-1.01,-2.54,0.64
201707,0.31,4.31,-0.46,-0.7,2.05,3.99,0.46,3.04,5.32,4.17,-2.57,1.59,1.6,2.06
201708,0.78,-2.36,0.56,0.02,2.01,0.36,0.1,-1.19,0.95,-1.29,-0.59,-1.14,1.57,0.29
201709,0.04,3.13,4.63,5.52,0.93,4.28,4.05,2.52,5.81,-0.47,5.37,2.63,-0.55,2.01
201710,4.06,2.26,3.08,3.42,0.46,1.28,5.15,2.13,3.36,0.46,2.08,1.44,1.83,2.36
201711,1.93,-4.35,-1.7,-1.01,1.69,-1.84,1.7,-3.35,-0.75,-0.5,-3.2,0.75,-1.76,3.06
201712,2.04,-1.18,-0.42,-0.36,1.75,-1.15,1.47,0.83,2.44,-0.37,-1.14,0.68,4.87,1.21
201801,-0.31,1.92,3.28,2.24,4.36,6.32,1.38,2.36,0.3,7.5,1.78,-0.08,-1.67,5.64
201802,0.01,-2.31,-2.64,-4.66,-2.73,-4.37,-3.55,-3.13,1.07,-6.9,-0.61,-4.21,-3.16,-3.64
201803,-3.53,-1.54,-1.56,-1.82,-2.2,-0.3,-1.76,-1.13,-1.39,-0.66,-1.32,-0.77,-1.88,-2.74
201804,3.38,-1.4,6.3,3.09,2.56,6.61,3.26,3.18,7.17,2.36,4.38,3.2,6.34,0.52
201805,1.35,-1.36,0.48,0.64,0.69,-6.44,-1.55,1.36,2.41,-6.76,0.03,-3.01,2.69,2.43
201806,2.78,2.36,-1.29,-3.14,-5.17,0.29,-0.69,0.24,0.68,2.2,0.08,1.5,-0.25,0.58
201807,1.3,1.63,2.74,3.69,1.43,2.91,1.06,2.52,1.33,2.27,3.93,5.06,1.21,3.7
201808,1.56,-3.59,-0.6,-1.77,-2.83,-7.24,-0.92,-1.07,1.01,-4.6,2.81,-1.5,-2.8,3.19
201809,-0.99,-3.18,0.97,-1.86,-1.79,2.39,5.33,-3.02,3.91,-0.13,-0.04,0.44,1.08,0.59
201810,-6.38,-8.26,-7.5,-6.07,-10.12,-8.03,-9.13,-5.08,-5.1,-7.78,-6.88,-1.87,-5.3,-6.91
201811,-2.07,2.44,-2.09,-1.52,6.08,-0.06,1.6,1.71,-3.84,2.23,-1.6,-1.01,-1.85,1.85
201812,-0.46,-8.82,-5.03,-6.49,-0.68,-3.87,-10.16,-7.02,-6.75,-4.38,-6,-6.66,-3.87,-8.8
201901,3.98,9.04,5.93,5.98,6.32,7.79,4.64,6.79,4.93,6.4,8.26,6.89,4.48,8.01
201902,5.93,2.45,4.87,2.1,4.78,3.82,2.78,5.46,3.41,1.87,3.7,4.01,2.26,3.24
201903,0.69,4.48,1.94,0.12,1.08,3.14,0.04,2.69,-0.07,-1.54,0.99,2.23,2.78,1.81
201904,2.44,4.55,5.11,6.66,1.06,2.35,1.75,5.81,2.19,3.73,6.88,4.29,2.71,4.09
201905,1.79,-5.78,-5.03,-5.56,-6.85,-6.5,-5.98,-5,-4.47,-5.67,-6.6,-1.72,-2.98,-6.38
201906,3.42,4.59,5.84,4.56,4.46,6.58,2.48,4.13,1.42,4.53,6.56,3.67,3.39,6.96
201907,2.9,7.73,-0.08,-1.43,-2.95,0.88,1.18,2.75,-1.05,-4.27,0.27,0.55,1.61,1.51
201908,-2.1,-3.31,-1.05,-1.26,-8.6,-0.91,-3.2,-0.37,-0.25,-2.1,-1.81,-0.19,-4.01,-1.67
201909,2.27,2.69,2.64,2.87,-0.04,3.65,5.71,3.26,3.49,2.9,2.53,1.69,3.01,1.95
201910,-0.45,-5.95,1.21,3.38,4,1.79,4.89,-0.73,0.66,3.05,4.35,0.98,-1.46,2.21
201911,2.85,1.95,3.1,3.13,-1.7,3.27,2.03,3.47,0.7,0.39,1.46,3.04,2.32,3.62
201912,-1.86,1.25,1.31,0.8,3.45,-0.04,1.37,1.47,3.2,4.41,3.85,1.31,3.3,2.91
202001,4.65,-1.77,-2.12,-2.33,-5.82,-1.14,-2.05,-0.93,-2.01,-2.32,1.5,0.34,-3.2,-0.04
202002,-8.26,-14.15,-7.62,-7.18,-1.2,-5.76,-10.16,-6.68,-9.62,-6.95,-6.35,-7.48,-9.33,-7.92
202003,-21.4,-13.38,-17.35,-15.38,-13.53,-21.33,-5.97,-11.93,-14.6,-20.41,-13.45,-4.97,-15.81,-12.49
202004,10.07,5.43,5.32,10.74,6.72,4.43,4.51,8.64,9.02,1.77,8.79,5.15,5.5,12.7
202005,5.27,1.33,3.94,7.39,-6.99,4.1,6.99,6,2.81,4.49,5.51,2.89,3.7,4.76
202006,2.45,2.38,4.42,4.87,8.6,5.32,0,6.83,-0.13,2.75,2.5,1.53,1.42,1.77
202007,1.24,-0.72,-2.26,-0.58,-0.28,-0.85,-3.79,-0.71,3.88,1.58,4.47,-0.24,-3.4,5.89
202008,3.98,2.36,3.76,5.06,6.2,2.31,7.79,1.79,4.01,3.14,4.02,2.25,2.64,6.98
202009,-3.14,-2.28,-1.85,-1.06,-4.6,-2.37,1.58,-0.25,-0.61,-3.93,4.36,0.41,-1.74,-3.74
202010,2.16,-5.34,-3.09,-6.99,-0.55,-6.26,-2.76,-0.24,-4.86,-4.59,-5.76,-5.59,-4,-2.49
202011,10.16,18.45,18.27,12.92,11.2,21.08,10.48,11.84,14.16,25.87,11.13,8.32,13.17,10.88
202012,2.06,0.81,1.74,3.59,3.36,1.56,2.97,3.25,4.77,2.83,1.39,2.47,4.34,3.7
