DATE,CPI,3M Nom Yld.,5 Yr Nom Yld. (Interpolated),10 Yr Nom Yld.,24M CPI (Ann.),5 Yr Real Yld.,10 Yr Real Yld.
1/31/1960,5.611996913,4.54,4.925,5.33,,,
2/29/1960,5.611996913,4.55,4.964,5.4,,,
3/31/1960,5.601783998,4.62,5.093,5.59,,,
4/30/1960,5.632422744,4.65,5.147,5.67,,,
5/31/1960,5.632422744,4.56,5.111,5.69,,,
6/30/1960,5.66306149,5.68,5.855,6.04,,,
7/31/1960,5.673274405,5.55,5.774,6.01,,,
8/31/1960,5.637529201,5.59,5.804,6.03,,,
9/30/1960,5.642635659,5.57,5.828,6.1,,,
10/31/1960,5.688593778,5.09,5.582,6.1,,,
11/30/1960,5.714126066,4.64,5.371,6.14,,,
12/31/1960,5.729445438,4.35,5.237,6.17,,,
1/31/1961,5.734551896,4.17,5.135,6.15,,,
2/28/1961,5.734551896,4.4,5.179,6,,,
3/31/1961,5.754977726,4.49,5.255,6.06,,,
4/30/1961,5.785616472,4.41,5.199,6.03,,,
5/31/1961,5.800935845,4.44,5.244,6.09,,,
6/30/1961,5.852000421,4.54,5.417,6.34,,,
7/31/1961,5.852000421,6.69,6.627,6.56,,,
8/31/1961,5.908171455,6.7,6.695,6.69,,,
9/30/1961,5.89795854,6.55,6.613,6.68,,,
10/31/1961,5.908171455,5.73,5.915,6.11,,,
11/30/1961,5.969448946,5.39,5.789,6.21,,,
12/31/1961,5.979661861,5.4,5.814,6.25,,,
1/31/1962,6.000087692,5.24,5.708,6.2,3.40%,2.308,2.800
2/28/1962,6.006087779,5.53,5.891,6.27,3.45%,2.439,2.818
3/30/1962,6.03008813,4.41,5.316,6.27,3.75%,1.564,2.517
4/30/1962,6.114089358,4.05,5.136,6.28,4.19%,0.948,2.092
5/31/1962,6.132089621,3.82,5.018,6.28,4.34%,0.677,1.939
6/29/1962,6.174090235,3.92,5.026,6.19,4.41%,0.611,1.775
7/31/1962,6.150089884,3.89,4.825,5.81,4.12%,0.708,1.692
8/31/1962,6.096089095,3.75,4.661,5.62,3.99%,0.673,1.632
9/28/1962,6.090089007,3.64,4.249,4.89,3.89%,0.360,1.001
10/31/1962,6.084088919,3.86,4.440,5.05,3.42%,1.022,1.632
11/30/1962,6.10808927,3.69,4.411,5.17,3.39%,1.021,1.780
12/31/1962,6.138089709,3.72,4.412,5.14,3.50%,0.907,1.635
1/31/1963,6.162090059,3.49,4.338,5.23,3.66%,0.677,1.569
2/28/1963,6.216090849,3.43,4.404,5.43,4.11%,0.290,1.316
3/29/1963,6.222090936,3.76,4.583,5.45,3.98%,0.604,1.471
4/30/1963,6.240091199,3.71,4.480,5.29,3.85%,0.626,1.437
5/31/1963,6.234091112,3.64,4.385,5.17,3.67%,0.719,1.504
6/28/1963,6.234091112,3.7,4.372,5.08,3.21%,1.159,1.867
7/31/1963,6.198090586,3.76,4.393,5.06,2.91%,1.479,2.145
8/30/1963,6.180090323,3.72,4.324,4.96,2.28%,2.049,2.685
9/30/1963,6.198090586,3.67,4.269,4.9,2.51%,1.756,2.387
10/31/1963,6.222090936,3.74,4.339,4.97,2.62%,1.717,2.348
11/29/1963,6.240091199,3.74,4.456,5.21,2.24%,2.214,2.968
12/31/1963,6.252091375,3.72,4.461,5.24,2.25%,2.208,2.987
1/31/1964,6.282091813,3.76,4.496,5.27,2.32%,2.173,2.947
2/28/1964,6.288091901,4.31,4.865,5.45,2.32%,2.545,3.129
3/31/1964,6.312092252,4.3,4.865,5.46,2.31%,2.554,3.148
4/30/1964,6.366093041,4.3,4.880,5.49,2.04%,2.840,3.450
5/28/1964,6.42009383,4.38,4.950,5.55,2.32%,2.629,3.229
6/30/1964,6.444094181,4.46,5.035,5.64,2.16%,2.872,3.477
7/31/1964,6.444094181,4.65,5.191,5.76,2.36%,2.828,3.398
8/31/1964,6.468094532,4.66,5.191,5.75,3.01%,2.185,2.744
9/30/1964,6.468094532,4.65,5.196,5.77,3.06%,2.139,2.713
10/30/1964,6.474094619,4.7,5.255,5.84,3.16%,2.100,2.685
11/30/1964,6.528095409,6.63,6.357,6.07,3.38%,2.976,2.689
12/31/1964,6.552095759,6.63,6.508,6.38,3.32%,3.191,3.063
1/29/1965,6.570096022,6.54,6.447,6.35,3.26%,3.190,3.092
2/26/1965,6.570096022,6.44,6.401,6.36,2.81%,3.593,3.552
3/31/1965,6.594096373,6.55,6.535,6.52,2.95%,3.589,3.574
4/30/1965,6.720098215,6.38,6.487,6.6,3.77%,2.712,2.825
5/28/1965,6.744098566,6.36,6.521,6.69,4.01%,2.511,2.680
6/30/1965,6.762098829,5.54,6.120,6.73,4.15%,1.971,2.581
7/30/1965,6.762098829,5.63,6.195,6.79,4.45%,1.744,2.339
8/31/1965,6.774099004,5.56,6.106,6.68,4.70%,1.410,1.984
9/30/1965,6.780099092,5.49,5.967,6.47,4.59%,1.378,1.880
10/29/1965,6.786099179,5.44,5.922,6.43,4.43%,1.488,1.996
11/30/1965,6.816099618,5.4,5.892,6.41,4.51%,1.379,1.896
12/31/1965,6.846100056,5.52,6.041,6.59,4.64%,1.399,1.947
1/31/1966,6.858100232,5.48,5.938,6.42,4.48%,1.454,1.936
2/28/1966,6.864100319,5.62,6.073,6.55,4.48%,1.593,2.070
3/31/1966,6.876100495,5.6,6.151,6.73,4.37%,1.778,2.358
4/29/1966,6.960101722,5.64,6.156,6.7,4.56%,1.595,2.139
5/31/1966,7.008102424,5.66,6.196,6.76,4.48%,1.717,2.281
6/30/1966,7.026102687,5.73,6.349,7,4.42%,1.930,2.582
7/29/1966,6.996102249,6.68,7.002,7.34,4.20%,2.806,3.145
8/31/1966,7.038102862,6.73,7.100,7.49,4.31%,2.787,3.177
9/30/1966,7.026102687,6.75,6.872,7,4.22%,2.647,2.776
10/31/1966,7.04410295,6.51,6.710,6.92,4.31%,2.400,2.611
11/30/1966,7.086103564,6.74,6.798,6.86,4.19%,2.612,2.674
12/30/1966,7.098103739,6.53,6.579,6.63,4.08%,2.495,2.547
1/31/1967,7.110103915,6.08,6.319,6.57,4.03%,2.290,2.542
2/28/1967,7.116104002,6.04,6.215,6.4,4.07%,2.143,2.328
3/31/1967,7.116104002,5.5,5.953,6.43,3.88%,2.070,2.547
4/28/1967,7.170104792,5.41,5.878,6.37,3.29%,2.584,3.076
5/31/1967,7.164104704,5.25,5.820,6.42,3.07%,2.753,3.353
6/30/1967,7.194105142,5.28,5.943,6.64,3.14%,2.798,3.495
7/31/1967,7.152104529,5.35,6.061,6.81,2.84%,3.218,3.967
8/31/1967,7.134104266,5.29,5.982,6.71,2.62%,3.359,4.087
9/29/1967,7.128104178,5.48,6.094,6.74,2.53%,3.560,4.206
10/31/1967,7.182104967,5.73,6.300,6.9,2.88%,3.424,4.024
11/30/1967,7.224105581,7.55,7.331,7.1,2.95%,4.381,4.151
12/29/1967,7.272106282,7.48,7.397,7.31,3.06%,4.333,4.246
1/31/1968,7.296106633,7.52,7.413,7.3,3.14%,4.269,4.156
2/29/1968,7.332107159,7.37,7.321,7.27,3.35%,3.968,3.917
3/29/1968,7.35610751,7.11,7.203,7.3,3.43%,3.771,3.868
4/30/1968,7.488109439,7.08,7.173,7.27,3.72%,3.449,3.546
5/31/1968,7.494109527,7.24,7.298,7.36,3.41%,3.889,3.951
6/28/1968,7.524109965,7.24,7.420,7.61,3.48%,3.937,4.127
7/31/1968,7.530110053,7.06,7.367,7.69,3.75%,3.621,3.944
8/30/1968,7.542110229,6.95,7.242,7.55,3.52%,3.724,4.031
9/30/1968,7.548110316,6.58,7.028,7.5,3.65%,3.380,3.852
10/31/1968,7.584110842,6.49,6.992,7.52,3.76%,3.230,3.758
11/29/1968,7.602111105,6.79,7.248,7.73,3.58%,3.671,4.153
12/31/1968,7.704112596,6.78,7.379,8.01,4.18%,3.198,3.829
1/31/1969,7.74611321,6.73,7.475,8.26,4.38%,3.099,3.883
2/28/1969,7.788113824,7.71,8.046,8.4,4.62%,3.431,3.785
3/28/1969,7.818114262,7.78,8.209,8.66,4.82%,3.392,3.843
4/30/1969,7.90211549,7.8,8.214,8.65,4.98%,3.234,3.669
5/29/1969,7.890115315,7.85,8.396,8.97,4.94%,3.451,4.025
6/30/1969,7.926115841,7.88,8.567,9.29,4.96%,3.603,4.326
7/31/1969,7.926115841,7.83,8.390,8.98,5.27%,3.118,3.708
8/29/1969,7.908115578,7.79,8.389,9.02,5.29%,3.104,3.735
9/30/1969,7.932115929,7.81,8.419,9.06,5.49%,2.930,3.571
10/31/1969,7.992116805,7.74,8.276,8.84,5.49%,2.787,3.352
11/28/1969,8.010117069,7.74,8.315,8.92,5.30%,3.015,3.620
12/31/1969,8.064117858,7.65,8.264,8.91,5.30%,2.959,3.605
1/30/1970,8.130118822,7.51,8.182,8.89,5.56%,2.621,3.329
2/27/1970,8.172119436,7.59,8.121,8.68,5.57%,2.548,3.107
3/31/1970,8.220120138,7.18,7.843,8.54,5.71%,2.133,2.830
4/30/1970,8.346121979,6.77,7.637,8.55,5.57%,2.063,2.976
5/29/1970,8.37012233,6.86,7.805,8.8,5.68%,2.122,3.117
6/30/1970,8.394122681,6.85,7.824,8.85,5.62%,2.201,3.227
7/31/1970,8.454123558,6.83,7.644,8.5,5.96%,1.686,2.542
8/31/1970,8.44812347,6.82,7.556,8.33,5.84%,1.720,2.494
9/30/1970,8.490124084,6.81,7.599,8.43,6.06%,1.543,2.373
10/30/1970,8.580125399,6.81,7.594,8.42,6.36%,1.230,2.056
11/30/1970,8.640126276,6.82,7.731,8.69,6.61%,1.122,2.081
12/31/1970,8.700127153,6.82,7.848,8.93,6.27%,1.580,2.662
1/29/1971,8.820128907,6.77,7.759,8.8,6.71%,1.051,2.092
2/26/1971,8.868129608,6.72,7.631,8.59,6.71%,0.922,1.881
3/31/1971,8.940130661,6.62,7.458,8.34,6.94%,0.523,1.405
4/30/1971,9.132133467,5.68,6.913,8.21,7.50%,-0.589,0.709
5/28/1971,9.192134344,5.63,6.828,8.09,7.94%,-1.108,0.154
6/30/1971,9.258135308,5.59,6.832,8.14,8.08%,-1.244,0.063
7/30/1971,9.312136098,5.56,6.607,7.71,8.39%,-1.784,-0.681
8/31/1971,9.318136185,5.81,6.726,7.69,8.55%,-1.824,-0.860
9/30/1971,9.330136361,4.75,6.075,7.47,8.45%,-2.380,-0.985
10/29/1971,9.38413715,4.56,5.866,7.24,8.36%,-2.494,-1.119
11/30/1971,9.438137939,4.28,5.629,7.05,8.55%,-2.919,-1.498
12/31/1971,9.486138641,4.41,5.716,7.09,8.46%,-2.744,-1.369
1/31/1972,9.54013943,4.35,5.656,7.03,8.33%,-2.669,-1.295
2/29/1972,9.588140131,4.36,5.671,7.05,8.32%,-2.647,-1.268
3/30/1972,9.61814057,4.31,5.811,7.39,8.17%,-2.359,-0.780
4/28/1972,9.708141885,4.27,5.814,7.44,7.85%,-2.037,-0.411
5/31/1972,9.756142587,4.3,6.029,7.85,7.96%,-1.933,-0.113
6/30/1972,9.822143551,5.64,7.253,8.95,8.17%,-0.920,0.778
7/31/1972,9.85214399,5.76,7.290,8.9,7.95%,-0.662,0.948
8/31/1972,9.93014513,5.83,7.399,9.05,8.42%,-1.018,0.633
9/29/1972,9.984145919,6.63,7.926,9.29,8.44%,-0.516,0.848
10/31/1972,10.12214794,6.89,7.967,9.1,8.61%,-0.648,0.485
11/30/1972,10.15814846,6.93,7.982,9.09,8.43%,-0.447,0.661
12/29/1972,10.21214925,8.31,8.822,9.36,8.34%,0.480,1.018
1/31/1973,10.27815022,8.13,8.637,9.17,7.95%,0.687,1.221
2/28/1973,10.34415118,8.06,8.679,9.33,8.00%,0.677,1.328
3/30/1973,10.40415206,7.94,8.836,9.78,7.88%,0.959,1.902
4/30/1973,10.60215495,7.67,8.639,9.66,7.75%,0.891,1.912
5/31/1973,10.68015609,7.2,8.437,9.74,7.79%,0.647,1.949
6/29/1973,10.73415688,6.96,8.383,9.88,7.68%,0.706,2.203
7/31/1973,10.78215758,10.89,10.666,10.43,7.60%,3.062,2.826
8/31/1973,10.81215802,10.97,11.092,11.22,7.72%,3.373,3.501
9/28/1973,10.90815942,10.94,11.203,11.48,8.13%,3.077,3.354
10/31/1973,11.12416258,10.67,10.972,11.29,8.88%,2.095,2.413
11/30/1973,11.20816381,12.45,12.270,12.08,8.97%,3.295,3.106
12/31/1973,11.29216504,12.42,12.527,12.64,9.10%,3.422,3.535
1/31/1974,11.50816819,12.03,12.503,13,9.83%,2.671,3.169
2/28/1974,11.70380705,11.82,12.619,13.46,10.48%,2.136,2.977
3/29/1974,11.80738057,11.98,12.725,13.51,10.80%,1.928,2.712
4/30/1974,12.21016645,11.48,12.620,13.82,12.15%,0.472,1.672
5/31/1974,12.38278898,11.21,12.243,13.33,12.66%,-0.417,0.670
6/28/1974,12.50937883,11.24,12.492,13.81,12.85%,-0.361,0.957
7/31/1974,12.62446051,11.19,12.642,14.17,13.20%,-0.557,0.971
8/30/1974,12.63596868,11.25,12.843,14.52,12.80%,0.039,1.715
9/30/1974,12.77406669,10.98,12.534,14.17,13.11%,-0.578,1.058
10/31/1974,13.02724639,10.89,12.702,14.61,13.45%,-0.744,1.164
11/29/1974,13.25740976,10.98,13.309,15.76,14.24%,-0.932,1.519
12/31/1974,13.45304862,10.99,13.587,16.32,14.78%,-1.190,1.544
1/31/1975,13.79829366,10.2641,12.605,15.07,15.87%,-3.260,-0.796
2/28/1975,14.02845703,9.7704,11.505,13.33,16.45%,-4.950,-3.125
3/31/1975,14.30465306,9.3694,10.768,12.24,17.26%,-6.488,-5.016
4/30/1975,14.85704514,9.2403,10.789,12.42,18.38%,-7.588,-5.957
5/30/1975,15.47848622,9.4459,11.231,13.11,20.39%,-9.155,-7.276
6/30/1975,15.77769859,9.4826,11.191,12.99,21.24%,-10.046,-8.248
7/31/1975,15.93881295,10.4272,11.559,12.75,21.58%,-10.025,-8.834
8/29/1975,16.03087829,10.3805,11.545,12.77,21.76%,-10.220,-8.995
9/30/1975,16.16897631,10.4835,11.593,12.76,21.75%,-10.156,-8.989
10/31/1975,16.39913967,11.4103,12.433,13.51,21.42%,-8.983,-7.906
11/28/1975,16.59477853,10.988,12.290,13.66,21.68%,-9.390,-8.020
12/31/1975,16.80192556,10.7708,12.135,13.57,21.98%,-9.846,-8.411
1/30/1976,17.02058076,9.2987,10.927,12.64,21.61%,-10.688,-8.974
2/27/1976,17.23923595,8.6161,10.328,12.13,21.37%,-11.038,-9.236
3/31/1976,17.3313013,8.4177,10.431,12.55,21.15%,-10.723,-8.604
4/30/1976,17.66503818,9.9432,11.174,12.47,20.28%,-9.107,-7.811
5/28/1976,17.86067704,10.9983,11.667,12.37,20.10%,-8.433,-7.729
6/30/1976,17.95274238,10.9919,12.189,13.45,19.80%,-7.608,-6.347
7/30/1976,17.98726689,10.8693,12.180,13.56,19.36%,-7.185,-5.805
8/31/1976,18.24044659,10.9403,12.270,13.67,20.15%,-7.877,-6.477
9/30/1976,18.48211812,12.3748,13.254,14.18,20.28%,-7.031,-6.105
10/29/1976,18.815855,14.4337,15.036,15.67,20.18%,-5.145,-4.511
11/30/1976,19.08054286,14.0342,14.729,15.46,19.97%,-5.239,-4.508
12/31/1976,19.33372256,13.5094,14.318,15.17,19.88%,-5.562,-4.710
1/31/1977,19.84008196,11.7386,12.874,14.07,19.91%,-7.037,-5.841
2/28/1977,20.03572082,10.7662,12.020,13.34,19.51%,-7.488,-6.168
3/31/1977,20.23135968,8.7643,10.555,12.44,18.93%,-8.370,-6.485
4/29/1977,20.74922725,7.4973,9.779,12.18,18.18%,-8.399,-5.997
5/31/1977,20.91034161,7.4337,9.590,11.86,16.23%,-6.639,-4.369
6/30/1977,21.1289968,7.4502,9.920,12.52,15.72%,-5.802,-3.202
7/29/1977,21.15201314,7.3008,10.014,12.87,15.20%,-5.185,-2.329
8/31/1977,21.25558665,6.4184,9.279,12.29,15.15%,-5.869,-2.858
9/30/1977,21.37066833,5.3013,8.092,11.03,14.97%,-6.873,-3.936
10/31/1977,21.46273368,4.4776,7.319,10.31,14.40%,-7.083,-4.092
11/30/1977,21.56630719,6.4265,8.518,10.72,14.00%,-5.481,-3.279
12/30/1977,21.68138888,6.2931,8.440,10.7,13.60%,-5.156,-2.896
1/31/1978,21.80797873,5.7692,8.128,10.61,13.19%,-5.066,-2.583
2/28/1978,21.93456858,5.9755,8.126,10.39,12.80%,-4.673,-2.409
3/31/1978,22.07266659,5.9962,8.531,11.2,12.85%,-4.321,-1.653
4/28/1978,22.3948953,6.9988,9.391,11.91,12.59%,-3.203,-0.685
5/31/1978,22.52148515,8.4825,10.333,12.28,12.29%,-1.960,-0.012
6/30/1978,22.69410768,9.2726,10.835,12.48,12.43%,-1.597,0.048
7/31/1978,22.79768119,9.1136,10.700,12.37,12.58%,-1.880,-0.210
8/31/1978,22.94728738,9.0466,10.597,12.23,12.16%,-1.565,0.067
9/29/1978,23.03935272,9.1659,10.732,12.38,11.65%,-0.918,0.730
10/31/1978,23.14292624,10.2846,11.471,12.72,10.90%,0.567,1.816
11/30/1978,23.30404059,11.566,12.308,13.09,10.51%,1.794,2.575
12/29/1978,23.49967945,11.5635,12.322,13.12,10.25%,2.073,2.871
1/31/1979,23.8449245,12.0863,12.799,13.55,9.63%,3.170,3.921
2/28/1979,24.04056335,12.2281,13.086,13.99,9.54%,3.547,4.451
3/30/1979,24.23620221,11.4397,11.752,12.08,9.45%,2.301,2.629
4/30/1979,24.65049627,11.2863,11.337,11.39,9.00%,2.340,2.394
5/31/1979,24.84613513,11.4209,11.581,11.75,9.01%,2.576,2.744
6/29/1979,25.27193735,13.3295,12.955,12.56,9.37%,3.589,3.195
7/31/1979,26.36521333,13.3459,12.856,12.34,11.65%,1.211,0.695
8/31/1979,26.57236036,13.3397,12.814,12.26,11.81%,1.004,0.451
9/28/1979,26.83704823,13.3638,12.972,12.56,12.06%,0.910,0.498
10/31/1979,27.11324426,13.4713,13.286,13.09,12.40%,0.890,0.695
11/30/1979,27.35491579,16.0988,15.447,14.76,12.62%,2.823,2.136
12/31/1979,27.55055465,15.8421,15.442,15.02,12.73%,2.716,2.295
1/31/1980,28.22953658,16.1858,15.321,14.41,13.77%,1.546,0.636
2/29/1980,28.63232246,16.1236,15.450,14.74,14.25%,1.198,0.488
3/31/1980,29.02360018,16.2838,15.624,14.93,14.67%,0.955,0.260
4/30/1980,30.01330265,16.0629,15.263,14.42,15.77%,-0.504,-1.346
5/30/1980,30.28949868,16.0608,15.110,14.11,15.97%,-0.860,-1.861
6/30/1980,30.57720289,15.6801,14.754,13.78,16.08%,-1.322,-2.296
7/31/1980,30.83038259,14.7076,13.915,13.08,16.29%,-2.376,-3.210
8/29/1980,30.8994316,14.9497,14.341,13.7,16.04%,-1.700,-2.340
9/30/1980,31.09507046,14.3317,13.912,13.47,16.17%,-2.263,-2.704
10/31/1980,31.29070932,14.3641,13.797,13.2,16.28%,-2.481,-3.078
11/28/1980,31.54388902,12.9502,13.140,13.34,16.34%,-3.203,-3.003
12/31/1980,31.71651154,13.0161,13.388,13.78,16.17%,-2.786,-2.395
1/30/1981,31.9121504,12.6095,13.272,13.97,15.69%,-2.413,-1.716
2/27/1981,32.1998546,11.5857,12.684,13.84,15.73%,-3.048,-1.892
3/31/1981,32.68319767,11.5305,12.568,13.66,16.13%,-3.558,-2.466
4/30/1981,33.62686746,11.2851,12.442,13.66,16.80%,-4.355,-3.137
5/29/1981,33.84552266,11.4452,12.885,14.4,16.71%,-3.829,-2.314
6/30/1981,34.04116151,11.878,13.248,14.69,16.06%,-2.812,-1.370
7/31/1981,34.1907677,13.8014,14.522,15.28,13.88%,0.644,1.402
8/31/1981,34.4439474,13.1867,14.182,15.23,13.85%,0.330,1.378
9/30/1981,34.63958626,15.1231,15.458,15.81,13.61%,1.847,2.199
10/30/1981,34.9503068,15.6619,15.992,16.34,13.54%,2.456,2.804
11/30/1981,35.31856818,13.7564,14.713,15.72,13.63%,1.085,2.092
12/31/1981,35.53722338,14.6701,15.318,16,13.57%,1.745,2.427
1/29/1982,35.74437041,13.5681,14.724,15.94,12.53%,2.198,3.414
2/26/1982,35.75587858,12.4972,13.760,15.09,11.75%,2.011,3.341
3/31/1982,36.06659912,12.4717,13.221,14.01,11.47%,1.746,2.535
4/30/1982,36.79161371,12.618,13.389,14.2,10.72%,2.671,3.482
5/28/1982,37.05630158,12.2195,13.033,13.89,10.61%,2.426,3.282
6/30/1982,37.15987509,12.2313,12.971,13.75,10.24%,2.731,3.510
7/30/1982,37.17138326,10.7246,12.004,13.35,9.80%,2.200,3.547
8/31/1982,37.18289143,9.6954,10.920,12.21,9.70%,1.223,2.513
9/30/1982,37.15987509,9.499,10.479,11.51,9.32%,1.161,2.192
10/29/1982,37.34400579,8.5089,9.571,10.69,9.25%,0.326,1.445
11/30/1982,37.52813648,9.6493,10.210,10.8,9.07%,1.136,1.726
12/31/1982,37.45908747,9.7204,10.626,11.58,8.68%,1.950,2.903
1/31/1983,37.50512014,10.9366,11.391,11.87,8.41%,2.982,3.461
2/28/1983,37.6662345,10.8439,11.305,11.79,8.16%,3.149,3.634
3/31/1983,37.7352835,10.2175,10.784,11.38,7.45%,3.333,3.929
4/29/1983,38.26465924,9.6765,10.351,11.06,6.67%,3.677,4.387
5/31/1983,38.4257736,9.6863,10.404,11.16,6.55%,3.852,4.608
6/30/1983,38.51783894,9.2647,10.105,10.99,6.37%,3.733,4.618
7/29/1983,38.72498597,9.3989,10.437,11.53,6.42%,4.013,5.106
8/31/1983,38.89760849,9.3386,10.499,11.72,6.27%,4.230,5.451
9/30/1983,39.07023101,8.968,10.080,11.25,6.20%,3.877,5.047
10/31/1983,39.20832903,8.8307,9.897,11.02,5.92%,3.981,5.103
11/30/1983,39.34642705,8.8624,9.748,10.68,5.55%,4.200,5.132
12/30/1983,39.45000057,8.8391,9.780,10.77,5.36%,4.418,5.409
1/31/1984,39.42698423,8.859,9.790,10.77,5.03%,4.765,5.745
2/29/1984,39.58809858,8.8473,9.833,10.87,5.22%,4.610,5.648
3/30/1984,39.71468843,8.3829,9.492,10.66,4.94%,4.557,5.724
4/30/1984,40.24406417,8.3629,9.575,10.85,4.59%,4.988,6.263
5/31/1984,40.39367036,8.9245,10.121,11.38,4.41%,5.715,6.974
6/29/1984,40.49724387,8.8638,10.192,11.59,4.39%,5.798,7.196
7/31/1984,40.4512112,11.356,11.704,12.07,4.32%,7.385,7.751
8/31/1984,40.83098075,9.9324,10.652,11.41,4.79%,5.861,6.619
9/28/1984,40.91153793,9.9807,10.589,11.23,4.93%,5.663,6.303
10/31/1984,41.16471763,9.8771,10.473,11.1,4.99%,5.482,6.109
11/30/1984,41.29130748,9.0559,9.871,10.73,4.89%,4.977,5.836
12/31/1984,41.25678297,9.1225,9.974,10.87,4.95%,5.027,5.923
1/31/1985,41.40638916,11.815,11.593,11.36,5.07%,6.521,6.288
2/28/1985,41.72420136,13.4035,12.471,11.49,5.25%,7.222,6.241
3/29/1985,42.13281704,12.3571,11.857,11.33,5.67%,6.190,5.664
4/30/1985,43.04085189,11.9039,11.498,11.07,6.06%,5.440,5.012
5/31/1985,43.22245886,11.8015,11.523,11.23,6.06%,5.465,5.172
6/28/1985,43.31326234,11.9659,11.510,11.03,6.04%,5.468,4.988
7/31/1985,43.22245886,10.9861,10.881,10.77,5.65%,5.233,5.123
8/30/1985,43.35866409,11.0009,10.849,10.69,5.58%,5.271,5.111
9/30/1985,43.31326234,11.0069,10.848,10.68,5.29%,5.558,5.390
10/31/1985,43.40406583,11.1373,10.837,10.52,5.21%,5.622,5.305
11/29/1985,43.54027106,11.0153,10.857,10.69,5.19%,5.662,5.496
12/31/1985,43.5856728,11.1662,10.978,10.78,5.11%,5.867,5.669
1/31/1986,43.67647628,12.0967,11.626,11.13,5.25%,6.375,5.879
2/28/1986,43.85808325,11.8481,11.303,10.73,5.25%,6.048,5.475
3/31/1986,43.903485,10.7444,10.231,9.69,5.14%,5.089,4.549
4/30/1986,44.35750242,9.847,9.405,8.94,4.99%,4.419,3.954
5/30/1986,44.40290416,9.34,9.247,9.15,4.85%,4.402,4.305
6/30/1986,44.40290416,9.3029,9.375,9.45,4.71%,4.663,4.739
7/31/1986,44.26669894,9.5021,9.555,9.61,4.61%,4.945,5.000
8/29/1986,44.40290416,9.3369,9.494,9.66,4.28%,5.212,5.378
9/30/1986,44.62991288,9.6865,9.976,10.28,4.45%,5.530,5.834
10/31/1986,44.72071636,10.5631,10.737,10.92,4.23%,6.507,6.690
11/28/1986,45.0839303,10.6692,10.869,11.08,4.49%,6.378,6.588
12/31/1986,45.22013553,10.6646,10.818,10.98,4.69%,6.125,6.287
1/30/1987,45.4017425,10.5618,10.420,10.27,4.71%,5.706,5.557
2/27/1987,45.58334947,10.1969,10.086,9.97,4.52%,5.564,5.448
3/31/1987,45.67415295,9.3157,9.215,9.11,4.12%,5.098,4.992
4/30/1987,46.21897386,8.6988,8.914,9.14,3.63%,5.288,5.514
5/29/1987,46.26437561,8.4947,8.643,8.8,3.46%,5.184,5.341
6/30/1987,46.26437561,8.7617,8.844,8.93,3.35%,5.493,5.579
7/31/1987,46.21897386,8.9371,9.109,9.29,3.41%,5.701,5.882
8/31/1987,46.35517909,9.867,9.995,10.13,3.40%,6.597,6.732
9/30/1987,46.49138432,9.7727,9.986,10.21,3.60%,6.382,6.606
10/30/1987,46.71839303,8.8733,9.490,10.14,3.75%,5.743,6.392
11/30/1987,46.94540174,8.4842,8.848,9.23,3.84%,5.011,5.393
12/31/1987,46.9,8.209,8.901,9.63,3.73%,5.169,5.898
1/29/1988,46.9,8.2125,8.942,9.71,3.62%,5.318,6.085
2/29/1988,47,8.8106,9.156,9.52,3.52%,5.636,6.000
3/31/1988,47.2,8.0952,8.643,9.22,3.69%,4.957,5.534
4/29/1988,47.8,7.8262,8.495,9.2,3.81%,4.688,5.392
5/31/1988,48,7.1506,8.251,9.41,3.97%,4.280,5.438
6/30/1988,48.2,9.7074,9.611,9.51,4.19%,5.423,5.322
7/29/1988,48.2,10.2638,10.057,9.84,4.35%,5.709,5.492
8/31/1988,48.5,11.4865,10.718,9.91,4.51%,6.207,5.398
9/30/1988,48.7,11.3908,10.762,10.1,4.46%,6.302,5.640
10/31/1988,49,11.5015,10.619,9.69,4.68%,5.944,5.015
11/30/1988,49.3,12.5769,11.253,9.86,4.57%,6.682,5.289
12/30/1988,49.3,12.5083,11.355,10.14,4.41%,6.941,5.726
1/31/1989,49.5,12.3125,11.166,9.96,4.42%,6.751,5.544
2/28/1989,49.7,12.5059,11.149,9.72,4.42%,6.731,5.302
3/31/1989,50,12.394,11.169,9.88,4.63%,6.541,5.252
4/28/1989,50.5,12.2335,11.233,10.18,4.53%,6.704,5.651
5/31/1989,50.9,13.2667,11.758,10.17,4.89%,6.868,5.280
6/30/1989,51,13.6226,12.126,10.55,4.99%,7.132,5.557
7/31/1989,51,13.2363,11.733,10.15,5.04%,6.688,5.105
8/31/1989,51.1,13.4198,11.710,9.91,4.99%,6.717,4.917
9/29/1989,51.5,13.4431,11.868,10.21,5.25%,6.619,4.961
10/31/1989,51.9,14.4398,12.496,10.45,5.40%,7.096,5.050
11/30/1989,52.1,14.5739,12.614,10.55,5.35%,7.266,5.203
12/29/1989,52.2,14.479,12.570,10.56,5.50%,7.071,5.061
1/31/1990,52.4,14.4529,12.717,10.89,5.70%,7.016,5.189
2/28/1990,52.9,14.3421,12.875,11.33,6.09%,6.784,5.239
3/30/1990,53.1,14.587,13.531,12.42,6.07%,7.465,6.354
4/30/1990,54.4,14.62,13.704,12.74,6.68%,7.023,6.059
5/31/1990,55,14.4826,13.473,12.41,7.04%,6.429,5.366
6/29/1990,55.2,14.3198,13.092,11.8,7.02%,6.077,4.785
7/31/1990,55.2,14.3317,13.118,11.84,7.02%,6.102,4.825
8/31/1990,55.7,14.2896,13.247,12.15,7.17%,6.081,4.984
9/28/1990,56.2,14.2333,13.194,12.1,7.42%,5.769,4.675
10/31/1990,56.7,13.1273,12.451,11.74,7.57%,4.881,4.169
11/30/1990,56.9,12.6947,12.049,11.37,7.43%,4.618,3.938
12/31/1990,57,13.0581,11.977,10.84,7.53%,4.451,3.314
1/31/1991,57,12.8363,11.742,10.59,7.31%,4.433,3.281
2/28/1991,57.2,11.8831,11.029,10.13,7.28%,3.749,2.850
3/28/1991,57.5,11.5556,10.939,10.29,7.24%,3.701,3.052
4/30/1991,58.7,11.17,10.693,10.19,7.81%,2.879,2.376
5/31/1991,59.2,10.7438,10.567,10.38,7.85%,2.721,2.535
6/28/1991,59.5,10.7456,10.665,10.58,8.01%,2.653,2.568
7/31/1991,59.3,10.4456,10.365,10.28,7.83%,2.534,2.449
8/30/1991,59.9,10.0676,10.049,10.03,8.27%,1.781,1.761
9/30/1991,60.1,9.6979,9.670,9.64,8.03%,1.642,1.613
10/31/1991,60.4,9.9402,9.833,9.72,7.88%,1.954,1.842
11/29/1991,60.5,10.0806,9.929,9.77,7.76%,2.169,2.010
12/31/1991,60.7,10.1879,9.931,9.66,7.83%,2.096,1.825
1/31/1992,60.5,9.8765,9.674,9.46,7.45%,2.222,2.009
2/28/1992,60.8,9.7383,9.525,9.3,7.21%,2.318,2.093
3/31/1992,61.1,10.2134,9.954,9.68,7.27%,2.685,2.411
4/30/1992,61.8,9.5628,9.498,9.43,6.58%,2.913,2.845
5/29/1992,62.2,9.4278,9.229,9.02,6.34%,2.885,2.676
6/30/1992,62.2,9.4619,9.295,9.12,6.15%,3.144,2.969
7/31/1992,62,9.6127,9.339,9.05,5.98%,3.358,3.069
8/31/1992,62.1,9.6875,9.523,9.35,5.59%,3.934,3.761
9/30/1992,62.3,8.2261,8.696,9.19,5.29%,3.408,3.903
10/30/1992,62.5,6.7575,7.679,8.65,4.99%,2.689,3.660
11/30/1992,62.5,6.4577,7.302,8.19,4.81%,2.496,3.385
12/31/1992,62.6,6.3574,7.314,8.32,4.80%,2.516,3.523
1/29/1993,62.4,5.3246,6.769,8.29,4.63%,2.140,3.660
2/26/1993,62.7,5.3717,6.628,7.95,4.70%,1.930,3.253
3/31/1993,63,5.3346,6.497,7.72,4.67%,1.823,3.047
4/30/1993,63.4,5.29,6.557,7.89,3.93%,2.630,3.964
5/28/1993,63.6,5.2123,6.643,8.15,3.65%,2.994,4.500
6/30/1993,63.6,5.1541,6.521,7.96,3.39%,3.133,4.572
7/30/1993,63.4,5.0739,6.314,7.62,3.40%,2.915,4.221
8/31/1993,63.7,5.1336,6.077,7.07,3.12%,2.954,3.947
9/30/1993,64,5.2048,6.060,6.96,3.19%,2.866,3.766
10/29/1993,64,5.0037,5.913,6.87,2.94%,2.976,3.933
11/30/1993,63.8,4.8142,5.806,6.85,2.69%,3.115,4.159
12/31/1993,64,4.8934,5.640,6.4253,2.68%,2.957,3.743
1/31/1994,64,4.8533,5.597,6.3794,2.85%,2.745,3.528
2/28/1994,64.2,4.7129,5.709,6.7572,2.76%,2.951,3.999
3/31/1994,64.4,4.929,6.141,7.417,2.66%,3.476,4.752
4/29/1994,64.9,4.8485,6.306,7.8401,2.48%,3.829,5.363
5/31/1994,65.1,4.7991,6.496,8.2825,2.30%,4.192,5.978
6/30/1994,65.1,4.9525,6.783,8.7105,2.30%,4.479,6.406
7/29/1994,64.7,5.6029,7.030,8.533,2.15%,4.876,6.379
8/31/1994,65.1,5.3537,6.961,8.6524,2.39%,4.574,6.265
9/30/1994,65.2,5.471,7.140,8.8959,2.30%,4.839,6.595
10/31/1994,65.1,5.4342,7.064,8.7797,2.06%,5.005,6.721
11/30/1994,65.2,5.7182,7.140,8.6361,2.14%,5.003,6.499
12/30/1994,65.5,5.9162,7.215,8.5814,2.29%,4.925,6.291
1/31/1995,65.5,6.1071,7.387,8.7349,2.45%,4.933,6.281
2/28/1995,65.7,6.1884,7.390,8.6557,2.36%,5.026,6.291
3/31/1995,66,6.1134,7.322,8.5938,2.35%,4.969,6.241
4/28/1995,66.4,6.6146,7.503,8.4378,2.34%,5.164,6.099
5/31/1995,66.7,6.0766,7.101,8.1802,2.41%,4.693,5.772
6/30/1995,66.8,6.6197,7.346,8.1097,2.48%,4.861,5.625
7/31/1995,66.6,6.5992,7.409,8.2613,2.49%,4.916,5.769
8/31/1995,66.9,6.578,7.328,8.1169,2.48%,4.847,5.636
9/29/1995,67.2,6.5378,7.225,7.9486,2.47%,4.756,5.479
10/31/1995,67.1,6.5346,7.296,8.0967,2.39%,4.902,5.703
11/30/1995,67.1,6.2358,6.986,7.7752,2.55%,4.432,5.222
12/29/1995,67.5,6.2159,6.838,7.4926,2.70%,4.140,4.795
1/31/1996,67.4,6.009,6.707,7.4408,2.62%,4.085,4.819
2/29/1996,67.7,5.8748,6.794,7.7618,2.69%,4.104,5.072
3/29/1996,67.9,5.7999,6.900,8.057,2.68%,4.218,5.376
4/30/1996,68.3,5.794,6.898,8.0602,2.59%,4.312,5.474
5/31/1996,68.6,5.8344,6.932,8.0871,2.65%,4.279,5.434
6/28/1996,68.7,5.5318,6.761,8.054,2.73%,4.033,5.326
7/31/1996,68.3,5.5143,6.684,7.9162,2.74%,3.940,5.172
8/30/1996,68.7,5.5148,6.639,7.8219,2.73%,3.911,5.094
9/30/1996,69,5.5516,6.654,7.8151,2.87%,3.781,4.942
10/31/1996,69.1,5.8592,6.679,7.5413,3.03%,3.652,4.515
11/29/1996,69.2,6.1328,6.845,7.5952,3.02%,3.823,4.573
12/31/1996,69.4,6.1647,6.850,7.5716,2.93%,3.916,4.638
1/31/1997,69.2,5.934,6.724,7.5552,2.79%,3.938,4.770
2/28/1997,69.3,5.7574,6.458,7.1962,2.70%,3.755,4.493
3/31/1997,69.4,6.0361,6.727,7.4544,2.54%,4.184,4.911
4/30/1997,69.7,6.1348,6.867,7.638,2.45%,4.412,5.183
5/30/1997,70,6.2108,6.677,7.1681,2.44%,4.233,4.724
6/30/1997,70.1,6.42,6.772,7.1418,2.44%,4.331,4.702
7/31/1997,70,6.7348,6.892,7.0577,2.52%,4.371,4.537
8/29/1997,70.3,6.9241,7.005,7.0893,2.51%,4.495,4.580
9/30/1997,70.5,6.8969,6.860,6.8216,2.43%,4.434,4.396
10/31/1997,70.6,6.8999,6.710,6.5109,2.57%,4.135,3.936
11/28/1997,70.6,7.133,6.885,6.624,2.57%,4.310,4.049
12/31/1997,70.7,7.1058,6.749,6.3739,2.34%,4.406,4.031
1/30/1998,70.4,6.7291,6.422,6.0978,2.20%,4.220,3.897
2/27/1998,70.6,6.9691,6.519,6.0461,2.12%,4.400,3.927
3/31/1998,70.8,7.0934,6.557,5.992,2.11%,4.444,3.879
4/30/1998,71.2,6.9342,6.394,5.8249,2.10%,4.293,3.724
5/29/1998,71.5,7.0563,6.476,5.8648,2.09%,4.384,3.773
6/30/1998,71.4,7.3602,6.588,5.7743,1.95%,4.641,3.828
7/31/1998,71.2,7.2971,6.583,5.8319,2.10%,4.482,3.731
8/31/1998,71.4,7.0995,6.355,5.5706,1.95%,4.409,3.624
9/30/1998,71.7,6.7547,5.973,5.151,1.94%,4.036,3.213
10/30/1998,71.7,6.555,5.803,5.0114,1.86%,3.939,3.147
11/30/1998,71.8,6.2371,5.600,4.9292,1.86%,3.739,3.068
12/31/1998,72,5.5552,5.050,4.5175,1.86%,3.194,2.662
1/29/1999,71.8,5.3188,4.816,4.2868,1.86%,2.955,2.426
2/26/1999,71.9,5.0458,4.747,4.4319,1.86%,2.888,2.573
3/31/1999,72.3,4.8669,4.764,4.6554,2.07%,2.696,2.587
4/30/1999,72.6,4.9215,4.761,4.592,2.06%,2.702,2.533
5/28/1999,72.8,4.9214,4.914,4.9068,1.98%,2.934,2.926
6/30/1999,72.7,4.7086,4.934,5.1716,1.84%,3.097,3.334
7/30/1999,72.4,4.8593,5.109,5.3721,1.70%,3.409,3.672
8/31/1999,72.6,4.8373,5.127,5.4312,1.62%,3.504,3.809
9/30/1999,72.8,5.3095,5.495,5.6909,1.62%,3.877,4.073
10/29/1999,72.8,5.2526,5.558,5.8801,1.55%,4.012,4.334
11/30/1999,72.9,5.2094,5.261,5.3145,1.62%,3.645,3.699
12/31/1999,73.1,5.6154,5.505,5.389,1.68%,3.822,3.706
1/31/2000,72.6,5.7646,5.793,5.8227,1.55%,4.242,4.272
2/29/2000,72.8,5.8426,5.741,5.6347,1.55%,4.195,4.089
3/31/2000,73,5.8425,5.613,5.3707,1.54%,4.071,3.829
4/28/2000,73.3,5.9577,5.648,5.3213,1.46%,4.184,3.857
5/31/2000,73.5,5.95,5.684,5.4033,1.39%,4.295,4.014
6/30/2000,73.6,5.846,5.536,5.2097,1.53%,4.007,3.681
7/31/2000,73.3,5.8431,5.549,5.2388,1.46%,4.085,3.775
8/31/2000,73.3,5.8606,5.603,5.3312,1.32%,4.281,4.009
9/29/2000,73.8,5.765,5.581,5.3873,1.45%,4.127,3.933
10/31/2000,73.8,5.727,5.479,5.2179,1.45%,4.025,3.764
11/30/2000,74,5.6396,5.376,5.0983,1.52%,3.855,3.578
12/29/2000,74,5.6113,5.271,4.9118,1.38%,3.891,3.532
1/31/2001,73.5,5.4937,5.179,4.8471,1.18%,4.002,3.670
2/28/2001,73.7,5.3881,5.114,4.8248,1.24%,3.870,3.581
3/30/2001,73.9,5.2231,4.970,4.703,1.10%,3.869,3.603
4/30/2001,74.4,5.0461,4.998,4.9468,1.23%,3.766,3.715
5/31/2001,74.9,4.9599,5.036,5.1153,1.43%,3.604,3.683
6/29/2001,75,5.036,5.114,5.1951,1.57%,3.544,3.626
7/31/2001,74.5,4.9775,5.088,5.2037,1.44%,3.648,3.764
8/31/2001,74.8,4.6553,4.816,4.9854,1.50%,3.312,3.482
9/28/2001,75,4.2828,4.626,4.9876,1.50%,3.126,3.488
10/31/2001,74.9,4.1157,4.461,4.8253,1.43%,3.029,3.393
11/30/2001,74.9,3.7711,4.188,4.6271,1.36%,2.826,3.265
12/31/2001,75,3.8333,4.349,4.8928,1.29%,3.058,3.602
1/31/2002,74.8,3.8597,4.375,4.9171,1.50%,2.871,3.413
2/28/2002,75,3.888,4.393,4.9251,1.50%,2.894,3.425
3/28/2002,75.2,4.0002,4.595,5.2202,1.50%,3.099,3.725
4/30/2002,75.6,3.9409,4.570,5.2331,1.56%,3.014,3.676
5/31/2002,75.8,4.001,4.619,5.2689,1.55%,3.066,3.716
6/28/2002,75.8,3.9311,4.500,5.099,1.48%,3.017,3.615
7/31/2002,75.6,3.7153,4.342,5.0027,1.56%,2.786,3.446
8/30/2002,75.8,3.8193,4.271,4.746,1.69%,2.580,3.055
9/30/2002,76,3.7742,4.128,4.5006,1.48%,2.649,3.021
10/31/2002,76.1,3.6907,4.141,4.616,1.55%,2.595,3.070
11/29/2002,76.1,3.8269,4.222,4.6378,1.41%,2.813,3.229
12/31/2002,76.3,3.8427,4.194,4.5644,1.54%,2.652,3.022
1/31/2003,75.9,3.754,4.064,4.3899,1.62%,2.444,2.770
2/28/2003,76.1,3.459,3.826,4.2131,1.62%,2.211,2.598
3/31/2003,76.4,3.4814,3.892,4.3243,1.68%,2.215,2.647
4/30/2003,76.8,3.4432,3.942,4.4663,1.60%,2.342,2.866
5/30/2003,76.8,3.4099,3.804,4.2197,1.26%,2.544,2.959
6/30/2003,76.7,3.468,3.782,4.1127,1.13%,2.655,2.986
7/31/2003,76.6,3.3346,3.857,4.4078,1.40%,2.458,3.008
8/29/2003,76.8,3.4949,4.035,4.604,1.33%,2.707,3.276
9/30/2003,77,3.5591,4.121,4.7132,1.32%,2.797,3.389
10/31/2003,77.1,3.7781,4.328,4.9071,1.46%,2.870,3.449
11/28/2003,77.1,3.8201,4.427,5.065,1.46%,2.969,3.607
12/31/2003,77.3,3.739,4.303,4.896,1.52%,2.781,3.374
1/30/2004,77,3.917,4.341,4.7875,1.46%,2.881,3.328
2/27/2004,77.2,4.033,4.409,4.8056,1.46%,2.953,3.350
3/31/2004,77.3,4.171,4.433,4.7088,1.39%,3.046,3.322
4/30/2004,77.6,4.228,4.583,4.957,1.31%,3.269,3.643
5/28/2004,77.9,4.448,4.771,5.1118,1.38%,3.396,3.736
6/30/2004,77.9,4.619,4.902,5.2,1.38%,3.526,3.824
7/30/2004,77.7,4.714,4.906,5.1083,1.38%,3.527,3.729
8/31/2004,77.9,4.732,4.866,5.0071,1.38%,3.490,3.631
9/30/2004,77.9,4.6795,4.792,4.9109,1.24%,3.550,3.669
10/29/2004,78.1,4.679,4.723,4.7683,1.31%,3.417,3.463
11/30/2004,78.3,4.64,4.665,4.6903,1.44%,3.229,3.255
12/31/2004,78.6,4.691,4.613,4.5316,1.50%,3.117,3.036
1/31/2005,78.3,4.654,4.599,4.5419,1.57%,3.031,2.973
2/28/2005,78.5,4.7346,4.663,4.5884,1.56%,3.099,3.024
3/31/2005,78.8,4.7594,4.777,4.796,1.56%,3.219,3.237
4/29/2005,79.1,4.6949,4.659,4.6218,1.49%,3.173,3.135
5/31/2005,79.4,4.648,4.536,4.4173,1.68%,2.857,2.739
6/30/2005,79.4,4.5179,4.404,4.2847,1.74%,2.659,2.540
7/29/2005,79.5,4.4304,4.367,4.3011,1.88%,2.492,2.426
8/31/2005,79.7,4.382,4.354,4.3249,1.87%,2.484,2.454
9/30/2005,79.9,4.4004,4.308,4.2109,1.87%,2.442,2.345
10/31/2005,80,4.4238,4.387,4.3482,1.86%,2.524,2.485
11/30/2005,80,4.4003,4.358,4.3129,1.86%,2.494,2.450
12/30/2005,80.3,4.4271,4.326,4.2186,1.92%,2.404,2.297
1/31/2006,80,4.4017,4.243,4.0752,1.93%,2.313,2.146
2/28/2006,80.2,4.3885,4.274,4.1543,1.92%,2.350,2.230
3/31/2006,80.4,4.4107,4.365,4.3177,1.99%,2.380,2.332
4/28/2006,80.9,4.4502,4.483,4.5177,2.10%,2.379,2.414
5/31/2006,81.3,4.5129,4.579,4.6488,2.16%,2.420,2.490
6/30/2006,81.5,4.5352,4.598,4.6645,2.28%,2.314,2.380
7/31/2006,81.5,4.5768,4.615,4.656,2.42%,2.199,2.240
8/31/2006,81.8,4.7651,4.711,4.6535,2.47%,2.238,2.181
9/29/2006,81.9,4.8669,4.714,4.5522,2.54%,2.178,2.017
10/31/2006,82,4.9773,4.801,4.6155,2.47%,2.335,2.149
11/30/2006,82.2,5.0444,4.801,4.5452,2.46%,2.341,2.085
12/29/2006,82.6,5.108,4.870,4.6195,2.51%,2.357,2.107
1/31/2007,82.1,5.3662,5.124,4.8694,2.40%,2.726,2.472
2/28/2007,82.4,5.31,5.108,4.896,2.45%,2.654,2.442
3/30/2007,82.8,5.3808,5.107,4.8194,2.51%,2.601,2.313
4/30/2007,83.1,5.4721,5.263,5.0439,2.50%,2.766,2.547
5/31/2007,83.3,5.5896,5.373,5.1458,2.43%,2.947,2.719
6/29/2007,83.5,5.7699,5.605,5.4321,2.55%,3.056,2.883
7/31/2007,83.1,5.7543,5.586,5.4084,2.24%,3.347,3.169
8/31/2007,83.4,5.7675,5.467,5.1499,2.29%,3.172,2.855
9/28/2007,83.5,5.6055,5.307,4.9928,2.23%,3.079,2.765
10/31/2007,83.8,5.5708,5.272,4.9576,2.35%,2.925,2.610
11/30/2007,84.1,5.4435,5.094,4.7263,2.53%,2.564,2.196
12/31/2007,84.5,5.2388,4.973,4.6937,2.58%,2.391,2.112
1/31/2008,84.1,5.0106,4.758,4.4925,2.53%,2.228,1.962
2/29/2008,84.6,4.9772,4.805,4.6234,2.71%,2.098,1.917
3/31/2008,84.9,4.769,4.611,4.445,2.76%,1.851,1.685
4/30/2008,85.6,4.8966,4.773,4.6432,2.86%,1.909,1.779
5/30/2008,86.1,5.0379,4.955,4.8683,2.91%,2.046,1.959
6/30/2008,86.6,5.1022,5.155,5.2103,3.08%,2.074,2.129
7/31/2008,86.6,5.0851,5.068,5.0494,3.08%,1.986,1.968
8/29/2008,87.1,4.9386,4.835,4.7267,3.19%,1.647,1.538
9/30/2008,87.5,4.5131,4.541,4.5701,3.36%,1.179,1.208
10/31/2008,87.3,3.5418,4.047,4.5789,3.18%,0.866,1.398
11/28/2008,87.3,1.6806,2.936,4.2571,3.06%,-0.120,1.202
12/31/2008,87.1,1.242,2.402,3.6238,2.69%,-0.285,0.936
1/30/2009,86.6,0.9057,2.252,3.6699,2.70%,-0.452,0.966
2/27/2009,87.2,0.6595,2.136,3.6899,2.87%,-0.736,0.819
3/31/2009,87.3,0.621,1.902,3.2497,2.68%,-0.780,0.568
4/30/2009,87.5,0.5677,1.951,3.4072,2.61%,-0.662,0.794
5/29/2009,87.9,0.5168,2.029,3.6206,2.72%,-0.695,0.897
6/30/2009,88.1,0.4941,2.067,3.7221,2.72%,-0.651,1.005
7/31/2009,88,0.4339,2.085,3.8238,2.91%,-0.821,0.918
8/31/2009,88.3,0.374,2.001,3.7142,2.90%,-0.894,0.818
9/30/2009,88.3,0.387,1.980,3.6566,2.83%,-0.854,0.823
10/30/2009,88.4,0.455,1.973,3.5699,2.71%,-0.735,0.862
11/30/2009,88.6,0.457,2.066,3.7592,2.64%,-0.575,1.119
12/31/2009,88.9,0.4911,2.146,3.8871,2.57%,-0.425,1.317
1/29/2010,88.8,0.4876,2.200,4.0025,2.76%,-0.556,1.246
2/26/2010,89,0.4915,2.231,4.0624,2.57%,-0.336,1.495
3/31/2010,89.4,0.5131,2.256,4.0915,2.62%,-0.360,1.476
4/30/2010,89.9,0.504,2.256,4.1007,2.48%,-0.225,1.620
5/28/2010,90.1,0.4946,2.094,3.7772,2.30%,-0.203,1.481
6/30/2010,90.2,0.4877,2.004,3.6007,2.06%,-0.053,1.543
7/30/2010,90,0.4986,1.965,3.5087,1.94%,0.021,1.565
8/31/2010,90.4,0.494,1.828,3.233,1.88%,-0.048,1.356
9/30/2010,90.4,0.5106,1.785,3.1271,1.64%,0.142,1.483
10/29/2010,90.6,0.5047,1.754,3.0685,1.87%,-0.119,1.196
11/30/2010,90.9,0.4858,1.862,3.311,2.04%,-0.179,1.270
12/31/2010,91.7,0.5007,2.015,3.6098,2.61%,-0.591,1.003
1/31/2011,91.8,0.5092,2.077,3.7273,2.96%,-0.882,0.769
2/28/2011,92.3,0.539,2.167,3.8799,2.88%,-0.716,0.997
3/31/2011,92.6,0.6043,2.131,3.7386,2.99%,-0.860,0.748
4/29/2011,93.3,0.5602,2.120,3.7619,3.26%,-1.141,0.501
5/31/2011,93.5,0.5264,1.978,3.5053,3.14%,-1.159,0.369
6/30/2011,93.5,0.5083,1.924,3.4144,3.02%,-1.095,0.395
7/29/2011,93.5,0.4875,1.864,3.3137,3.08%,-1.213,0.236
8/31/2011,93.9,0.4578,1.591,2.7833,3.12%,-1.532,-0.339
9/30/2011,94.5,0.464,1.458,2.504,3.45%,-1.993,-0.947
10/31/2011,94.5,0.4583,1.467,2.529,3.39%,-1.926,-0.864
11/30/2011,94.7,0.4099,1.327,2.2917,3.39%,-2.058,-1.093
12/30/2011,95,0.2407,1.187,2.1828,3.37%,-2.187,-1.191
1/31/2012,94.7,0.3646,1.215,2.1104,3.27%,-2.054,-1.158
2/29/2012,95.2,0.4019,1.287,2.2191,3.42%,-2.137,-1.205
3/30/2012,95.4,0.4428,1.359,2.323,3.30%,-1.942,-0.978
4/30/2012,95.9,0.4026,1.284,2.2117,3.28%,-1.999,-1.071
5/31/2012,95.9,0.3333,1.117,1.9416,3.17%,-2.052,-1.227
6/29/2012,95.6,0.3532,1.043,1.7698,2.95%,-1.907,-1.180
7/31/2012,95.7,0.2633,0.940,1.6523,3.12%,-2.178,-1.466
8/31/2012,96.1,0.2418,0.939,1.6735,3.10%,-2.165,-1.431
9/28/2012,96.4,0.261,0.973,1.7222,3.27%,-2.292,-1.543
10/31/2012,96.8,0.2346,0.984,1.7721,3.37%,-2.381,-1.593
11/30/2012,97,0.2316,0.983,1.7741,3.30%,-2.318,-1.527
12/31/2012,97.3,0.309,1.058,1.8467,3.01%,-1.950,-1.161
1/31/2013,97,0.289,1.161,2.0795,2.79%,-1.632,-0.714
2/28/2013,97.5,0.3443,1.238,2.1781,2.78%,-1.541,-0.600
3/28/2013,97.8,0.3752,1.155,1.9768,2.77%,-1.614,-0.793
4/30/2013,98,0.3273,1.036,1.7824,2.49%,-1.452,-0.705
5/31/2013,98.2,0.309,1.107,1.9462,2.48%,-1.376,-0.536
6/28/2013,98,0.3289,1.292,2.3063,2.38%,-1.086,-0.072
7/31/2013,98,0.2997,1.358,2.471,2.38%,-1.021,0.093
8/30/2013,98.4,0.2686,1.457,2.7088,2.37%,-0.911,0.341
9/30/2013,98.7,0.3504,1.565,2.8443,2.20%,-0.633,0.646
10/31/2013,98.8,0.3184,1.468,2.6784,2.25%,-0.782,0.429
11/29/2013,98.8,0.2882,1.492,2.7598,2.14%,-0.649,0.618
12/31/2013,99.2,0.257,1.567,2.9458,2.19%,-0.620,0.759
1/31/2014,98.7,0.3601,1.602,2.91,2.09%,-0.488,0.820
2/28/2014,99.1,0.3768,1.564,2.8147,2.03%,-0.463,0.787
3/31/2014,99.3,0.421,1.572,2.7837,2.02%,-0.451,0.760
4/30/2014,99.6,0.3438,1.512,2.7417,1.91%,-0.399,0.831
5/30/2014,99.6,0.2762,1.456,2.6989,1.91%,-0.454,0.788
6/30/2014,99.8,0.4171,1.570,2.7842,2.17%,-0.603,0.611
7/31/2014,99.6,0.4178,1.546,2.7343,2.02%,-0.471,0.717
8/29/2014,99.9,0.3974,1.439,2.5347,1.96%,-0.519,0.577
9/30/2014,100,0.4803,1.460,2.4919,1.85%,-0.390,0.642
10/31/2014,100.1,0.3901,1.295,2.2469,1.69%,-0.396,0.557
11/28/2014,99.9,0.4129,1.264,2.1593,1.48%,-0.220,0.675
12/31/2014,99.9,0.3884,1.139,1.9287,1.33%,-0.188,0.601
1/30/2015,99.2,0.3421,0.950,1.589,1.13%,-0.178,0.461
2/27/2015,99.5,0.3999,1.051,1.7365,1.02%,0.031,0.716
3/31/2015,99.6,0.4417,1.101,1.7941,0.92%,0.185,0.878
4/30/2015,99.9,0.4365,1.079,1.755,0.96%,0.114,0.790
5/29/2015,100.1,0.4642,1.224,2.0243,0.96%,0.261,1.062
6/30/2015,100.1,0.4956,1.311,2.1696,1.07%,0.245,1.104
7/31/2015,100,0.4848,1.289,2.1353,1.02%,0.274,1.120
8/31/2015,100.3,0.4544,1.198,1.9799,0.96%,0.237,1.019
9/30/2015,100.2,0.4665,1.156,1.8814,0.76%,0.399,1.124
10/30/2015,100.3,0.4801,1.146,1.846,0.76%,0.389,1.090
11/30/2015,100.3,0.4836,1.212,1.9779,0.76%,0.455,1.222
12/31/2015,100.4,0.4511,1.168,1.9234,0.60%,0.565,1.320
1/29/2016,99.9,0.58976,1.171,1.7833,0.61%,0.565,1.177
2/29/2016,100.1,0.59073,1.035,1.5032,0.50%,0.532,1.000
3/31/2016,100.4,0.58825,1.054,1.5434,0.55%,0.501,0.991
4/29/2016,100.6,0.5889,1.066,1.5688,0.50%,0.566,1.068
5/31/2016,100.8,0.58929,1.051,1.5366,0.60%,0.450,0.936
6/30/2016,101,0.57468,0.933,1.3105,0.60%,0.334,0.711
7/29/2016,100.9,0.5136,0.730,0.9569,0.65%,0.079,0.306
8/31/2016,101.2,0.40613,0.570,0.7421,0.65%,-0.079,0.094
9/30/2016,101.5,0.37907,0.596,0.8243,0.75%,-0.151,0.077
10/31/2016,101.6,0.3975,0.729,1.078,0.75%,-0.017,0.332
11/30/2016,101.8,0.39773,0.877,1.3818,0.95%,-0.069,0.435
12/30/2016,102.2,0.37226,0.889,1.4336,1.14%,-0.255,0.289
1/31/2017,101.8,0.3621,0.878,1.4203,1.30%,-0.424,0.118
2/28/2017,102.4,0.35674,0.819,1.3058,1.45%,-0.628,-0.141
3/31/2017,102.7,0.34567,0.759,1.194,1.54%,-0.785,-0.350
4/28/2017,103.2,0.33513,0.697,1.0789,1.64%,-0.941,-0.559
5/31/2017,103.5,0.31081,0.704,1.1175,1.68%,-0.980,-0.567
6/30/2017,103.5,0.29442,0.679,1.0846,1.68%,-1.005,-0.600
7/31/2017,103.5,0.2931,0.770,1.2713,1.73%,-0.965,-0.464
8/31/2017,104,0.28119,0.692,1.1241,1.83%,-1.136,-0.704
9/29/2017,104.3,0.30911,0.764,1.2436,2.03%,-1.261,-0.782
10/31/2017,104.4,0.38187,0.869,1.3816,2.02%,-1.154,-0.642
11/30/2017,104.7,0.51857,0.914,1.3299,2.17%,-1.256,-0.840
12/29/2017,105,0.51871,0.889,1.2781,2.27%,-1.377,-0.987
1/31/2018,104.5,0.5225,0.947,1.3931,2.28%,-1.330,-0.883
2/28/2018,104.9,0.54683,1.062,1.6034,2.37%,-1.308,-0.766
3/29/2018,105.1,0.62842,1.057,1.508,2.31%,-1.257,-0.806
4/30/2018,105.5,0.75629,1.124,1.5108,2.41%,-1.283,-0.896
5/31/2018,105.9,0.64355,1.062,1.5016,2.50%,-1.437,-0.997
6/29/2018,105.9,0.63868,1.021,1.4229,2.40%,-1.376,-0.974
7/31/2018,105.9,0.74619,1.052,1.3739,2.45%,-1.396,-1.074
8/31/2018,106.5,0.80519,1.095,1.3991,2.59%,-1.491,-1.186
9/28/2018,106.6,0.80093,1.143,1.5023,2.48%,-1.339,-0.979
10/31/2018,106.7,0.80618,1.167,1.5462,2.48%,-1.312,-0.933
11/30/2018,106.9,0.87483,1.157,1.4541,2.47%,-1.317,-1.020
12/31/2018,107.1,0.90444,1.103,1.3125,2.37%,-1.266,-1.057
1/31/2019,106.4,0.91822,1.115,1.3221,2.23%,-1.119,-0.912
2/28/2019,106.8,0.87598,1.053,1.239,2.13%,-1.073,-0.887
3/29/2019,107,0.84,1.011,1.19,2.07%,-1.061,-0.882
4/30/2019,107.6,0.82,1.001,1.1906,2.11%,-1.109,-0.919
5/31/2019,107.9,0.8,0.961,1.13,2.10%,-1.143,-0.973
6/28/2019,107.9,0.78,0.848,0.919,2.10%,-1.256,-1.184
7/31/2019,108,0.77,0.799,0.8304,2.15%,-1.351,-1.320
8/30/2019,108.3,0.76,0.671,0.5776,2.05%,-1.375,-1.469
9/30/2019,108.4,0.77,0.686,0.5981,1.95%,-1.260,-1.348
10/31/2019,108.3,0.78,0.710,0.6373,1.85%,-1.140,-1.213
11/29/2019,108.5,0.79,0.778,0.765,1.80%,-1.021,-1.034
12/31/2019,108.5,0.79,0.810,0.8308,1.65%,-0.843,-0.822
1/31/2020,108.3,0.74,0.732,0.7235,1.80%,-1.070,-1.078
2/28/2020,108.6,0.75,0.693,0.633,1.75%,-1.055,-1.115
3/31/2020,108.6,0.53,0.496,0.4609,1.65%,-1.155,-1.191
4/30/2020,108.6,0.65,0.508,0.3577,1.46%,-0.951,-1.101
5/29/2020,108.6,0.33,0.303,0.2743,1.27%,-0.964,-0.992
6/30/2020,108.8,0.19,0.233,0.278,1.36%,-1.127,-1.082
7/31/2020,109.2,0.1,0.153,0.2094,1.55%,-1.393,-1.337
8/31/2020,108.8,0.07,0.168,0.2717,1.07%,-0.906,-0.802
9/30/2020,109.2,0.06,0.164,0.273,1.21%,-1.048,-0.939
10/30/2020,109.2,0.05,0.175,0.3058,1.16%,-0.990,-0.859
11/30/2020,109.1,0.04,0.207,0.3836,1.02%,-0.816,-0.640
12/31/2020,109.4,0.03,0.172,0.3224,1.07%,-0.896,-0.746
1/29/2021,109.3,0.03,0.194,0.3672,1.35%,-1.159,-0.986
2/26/2021,109.4,0.05,0.329,0.6222,1.21%,-0.881,-0.588
3/31/2021,109.7,0.08,0.453,0.8456,1.25%,-0.801,-0.408
4/30/2021,110.4,0.09,0.461,0.8515,1.29%,-0.832,-0.441
5/28/2021,111,0.08,0.482,0.9058,1.43%,-0.944,-0.521
6/30/2021,111.4,0.08,0.458,0.8549,1.61%,-1.151,-0.754
7/30/2021,111.4,0.08,0.381,0.6979,1.56%,-1.181,-0.864
8/31/2021,112.1,0.07,0.350,0.644,1.74%,-1.390,-1.095
9/30/2021,112.4,0.07,0.427,0.8023,1.83%,-1.402,-1.026
10/29/2021,113.4,0.16,0.610,1.083,2.33%,-1.718,-1.244
11/30/2021,114.1,0.13,0.524,0.9394,2.55%,-2.024,-1.609
12/31/2021,114.7,0.16,0.490,0.8375,2.82%,-2.327,-1.980
1/31/2022,114.6,0.53,0.859,1.2051,2.87%,-2.009,-1.662
2/28/2022,115.4,0.81,1.141,1.4891,3.08%,-1.942,-1.594
3/31/2022,116.5,0.99,1.261,1.5457,3.57%,-2.313,-2.028
4/29/2022,119,1.13,1.474,1.8362,4.68%,-3.205,-2.843
5/31/2022,119.7,1.31,1.601,1.9069,4.99%,-3.385,-3.079
6/30/2022,120.5,1.57,1.966,2.3824,5.24%,-3.274,-2.857
7/29/2022,121.2,1.84,1.989,2.1454,5.35%,-3.363,-3.206
