,CPI,3M BILL,5YR INTERPOLATION,5.25 YR,10YR BOND,24M CPI (Ann.),5YR Real Yield,5.25YR Real Yield,10YR Real Yield,
1/1/1960,18.12597633,6.082,NaN,NaN,NaN,NaN,NaN,NaN,NaN,
2/1/1960,18.14432246,6.082,NaN,NaN,NaN,NaN,NaN,NaN,NaN,
3/1/1960,18.08928407,6.082,NaN,NaN,NaN,NaN,NaN,NaN,NaN,
4/1/1960,18.19936085,6.082,NaN,NaN,NaN,NaN,NaN,NaN,NaN,
5/1/1960,18.36447602,6.082,NaN,NaN,NaN,NaN,NaN,NaN,NaN,
6/1/1960,18.2910915,6.082,NaN,NaN,NaN,NaN,NaN,NaN,NaN,
7/1/1960,18.27274537,6.082,NaN,NaN,NaN,NaN,NaN,NaN,NaN,
8/1/1960,18.41951441,6.082,NaN,NaN,NaN,NaN,NaN,NaN,NaN,
9/1/1960,18.56628345,6.082,NaN,NaN,NaN,NaN,NaN,NaN,NaN,
10/1/1960,18.6580141,6.082,NaN,NaN,NaN,NaN,NaN,NaN,NaN,
11/1/1960,18.40116828,6.082,NaN,NaN,NaN,NaN,NaN,NaN,NaN,
12/1/1960,18.54793732,6.082,NaN,NaN,NaN,NaN,NaN,NaN,NaN,
1/1/1961,18.80478313,6.082,NaN,NaN,NaN,NaN,NaN,NaN,NaN,
2/1/1961,18.89651378,6.082,NaN,NaN,NaN,NaN,NaN,NaN,NaN,
3/1/1961,18.85982152,6.082,NaN,NaN,NaN,NaN,NaN,NaN,NaN,
4/1/1961,19.04328282,6.082,NaN,NaN,NaN,NaN,NaN,NaN,NaN,
5/1/1961,18.95155217,6.082,NaN,NaN,NaN,NaN,NaN,NaN,NaN,
6/1/1961,18.95155217,6.082,NaN,NaN,NaN,NaN,NaN,NaN,NaN,
7/1/1961,19.26343638,6.082,NaN,NaN,NaN,NaN,NaN,NaN,NaN,
8/1/1961,19.41020542,6.082,NaN,NaN,NaN,NaN,NaN,NaN,NaN,
9/1/1961,19.5202822,6.082,NaN,NaN,NaN,NaN,NaN,NaN,NaN,
10/1/1961,19.94224319,6.082,NaN,NaN,NaN,NaN,NaN,NaN,NaN,
11/1/1961,20.03397384,6.082,NaN,NaN,NaN,NaN,NaN,NaN,NaN,
12/1/1961,20.21743514,6.082,NaN,NaN,NaN,NaN,NaN,NaN,NaN,
1/1/1962,20.34585805,6.082,NaN,NaN,NaN,5.95%,NaN,NaN,NaN,
2/1/1962,20.27247353,6.082,NaN,NaN,NaN,5.70%,NaN,NaN,NaN,
3/1/1962,20.30916579,6.082,NaN,NaN,NaN,5.96%,NaN,NaN,NaN,
4/1/1962,20.52931934,6.082,NaN,NaN,NaN,6.21%,NaN,NaN,NaN,
5/1/1962,20.63939612,6.082,NaN,NaN,NaN,6.01%,NaN,NaN,NaN,
6/1/1962,20.5660116,6.082,NaN,NaN,NaN,6.04%,NaN,NaN,NaN,
7/1/1962,20.76781903,6.082,NaN,NaN,NaN,6.61%,NaN,NaN,NaN,
8/1/1962,20.76781903,6.082,NaN,NaN,NaN,6.18%,NaN,NaN,NaN,
9/1/1962,20.69443451,6.082,NaN,NaN,NaN,5.58%,NaN,NaN,NaN,
10/1/1962,20.85954968,6.082,NaN,NaN,NaN,5.74%,NaN,NaN,NaN,
11/1/1962,20.78616516,6.082,NaN,NaN,NaN,6.28%,NaN,NaN,NaN,
12/1/1962,21.20812615,6.082,NaN,NaN,NaN,6.93%,NaN,NaN,NaN,
1/1/1963,21.55670262,6.082,NaN,NaN,NaN,7.07%,NaN,NaN,NaN,
2/1/1963,21.65424426,6.082,NaN,NaN,NaN,7.05%,NaN,NaN,NaN,
3/1/1963,21.7517859,6.082,NaN,NaN,NaN,7.39%,NaN,NaN,NaN,
4/1/1963,21.84932754,6.082,NaN,NaN,NaN,7.11%,NaN,NaN,NaN,
5/1/1963,22.02002541,6.082,NaN,NaN,NaN,7.79%,NaN,NaN,NaN,
6/1/1963,22.19072328,5.71,NaN,NaN,NaN,8.21%,NaN,NaN,NaN,
7/1/1963,22.04441082,5.71,NaN,NaN,NaN,6.98%,NaN,NaN,NaN,
8/1/1963,21.97125459,5.71,NaN,NaN,NaN,6.39%,NaN,NaN,NaN,
9/1/1963,22.41019197,5.71,NaN,NaN,NaN,7.15%,NaN,NaN,NaN,
10/1/1963,22.33703574,5.71,NaN,NaN,NaN,5.83%,NaN,NaN,NaN,
11/1/1963,22.2394941,5.71,NaN,NaN,NaN,5.36%,NaN,NaN,NaN,
12/1/1963,22.33703574,5.71,NaN,NaN,NaN,5.11%,NaN,NaN,NaN,
1/1/1964,22.36142115,5.71,NaN,NaN,NaN,4.84%,NaN,NaN,NaN,
2/1/1964,22.33703574,5.71,NaN,NaN,NaN,4.97%,NaN,NaN,NaN,
3/1/1964,22.43457738,5.71,NaN,NaN,NaN,5.10%,NaN,NaN,NaN,
4/1/1964,22.7028169,5.71,NaN,NaN,NaN,5.16%,NaN,NaN,NaN,
5/1/1964,22.80035854,5.71,NaN,NaN,NaN,5.10%,NaN,NaN,NaN,
6/1/1964,22.75158772,5.71,NaN,NaN,NaN,5.18%,NaN,NaN,NaN,
7/1/1964,22.62966067,5.71,NaN,NaN,NaN,4.39%,NaN,NaN,NaN,
8/1/1964,22.87351477,5.71,NaN,NaN,NaN,4.95%,NaN,NaN,NaN,
9/1/1964,23.16613969,5.71,NaN,NaN,NaN,5.80%,NaN,NaN,NaN,
10/1/1964,23.58069166,5.71,NaN,NaN,NaN,6.32%,NaN,NaN,NaN,
11/1/1964,23.38560838,5.71,NaN,NaN,NaN,6.07%,NaN,NaN,NaN,
12/1/1964,23.38560838,5.71,NaN,NaN,NaN,5.01%,NaN,NaN,NaN,
1/1/1965,23.897702,5.71,NaN,NaN,NaN,5.29%,NaN,NaN,NaN,
2/1/1965,23.84893118,5.71,NaN,NaN,NaN,4.95%,NaN,NaN,NaN,
3/1/1965,23.99524364,5.71,NaN,NaN,NaN,5.03%,NaN,NaN,NaN,
4/1/1965,24.50733725,5.71,NaN,NaN,NaN,5.91%,NaN,NaN,NaN,
5/1/1965,24.36102479,5.71,NaN,NaN,NaN,5.18%,NaN,NaN,NaN,
6/1/1965,24.31225397,5.71,NaN,NaN,NaN,4.67%,NaN,NaN,NaN,
7/1/1965,24.19032692,5.71,NaN,NaN,NaN,4.75%,NaN,NaN,NaN,
8/1/1965,24.31225397,5.71,NaN,NaN,NaN,5.19%,NaN,NaN,NaN,
9/1/1965,24.65364971,5.71,NaN,NaN,NaN,4.89%,NaN,NaN,NaN,
10/1/1965,24.97066005,5.71,NaN,NaN,NaN,5.73%,NaN,NaN,NaN,
11/1/1965,24.72680594,5.71,NaN,NaN,NaN,5.44%,NaN,NaN,NaN,
12/1/1965,24.89750382,5.71,NaN,NaN,NaN,5.58%,NaN,NaN,NaN,
1/1/1966,25.14135792,5.71,NaN,NaN,NaN,6.03%,NaN,NaN,NaN,
2/1/1966,25.3364412,5.71,NaN,NaN,NaN,6.50%,NaN,NaN,NaN,
3/1/1966,25.43398284,5.71,NaN,NaN,NaN,6.48%,NaN,NaN,NaN,
4/1/1966,25.72660776,5.71,NaN,NaN,NaN,6.45%,NaN,NaN,NaN,
5/1/1966,25.55590989,5.71,NaN,NaN,NaN,5.87%,NaN,NaN,NaN,
6/1/1966,25.60468071,5.71,NaN,NaN,NaN,6.08%,NaN,NaN,NaN,
7/1/1966,25.67783694,5.71,NaN,NaN,NaN,6.52%,NaN,NaN,NaN,
8/1/1966,25.48275366,5.71,NaN,NaN,NaN,5.55%,NaN,NaN,NaN,
9/1/1966,25.77537858,5.71,NaN,NaN,NaN,5.48%,NaN,NaN,NaN,
10/1/1966,25.94607645,5.71,NaN,NaN,NaN,4.90%,NaN,NaN,NaN,
11/1/1966,25.75099317,5.71,NaN,NaN,NaN,4.94%,NaN,NaN,NaN,
12/1/1966,25.99484727,5.71,NaN,NaN,NaN,5.43%,NaN,NaN,NaN,
1/1/1967,26.2874722,5.71,NaN,NaN,NaN,4.88%,NaN,NaN,NaN,
2/1/1967,26.40939925,5.71,NaN,NaN,NaN,5.23%,NaN,NaN,NaN,
3/1/1967,26.45817007,5.71,NaN,NaN,NaN,5.01%,NaN,NaN,NaN,
4/1/1967,26.5313263,5.71,NaN,NaN,NaN,4.05%,NaN,NaN,NaN,
5/1/1967,26.36062843,5.71,NaN,NaN,NaN,4.02%,NaN,NaN,NaN,
6/1/1967,26.21431597,5.71,NaN,NaN,NaN,3.84%,NaN,NaN,NaN,
7/1/1967,26.18993056,5.71,NaN,NaN,NaN,4.05%,NaN,NaN,NaN,
8/1/1967,26.40939925,5.71,NaN,NaN,NaN,4.22%,NaN,NaN,NaN,
9/1/1967,26.82395122,5.71,NaN,NaN,NaN,4.31%,NaN,NaN,NaN,
10/1/1967,27.28727401,5.71,NaN,NaN,NaN,4.54%,NaN,NaN,NaN,
11/1/1967,27.2628886,5.71,NaN,NaN,NaN,5.00%,NaN,NaN,NaN,
12/1/1967,27.45797189,5.71,NaN,NaN,NaN,5.02%,NaN,NaN,NaN,
1/1/1968,27.67744058,5.71,NaN,NaN,NaN,4.92%,NaN,NaN,NaN,
2/1/1968,27.79936763,5.71,NaN,NaN,NaN,4.75%,NaN,NaN,NaN,
3/1/1968,27.84813845,5.71,NaN,NaN,NaN,4.64%,NaN,NaN,NaN,
4/1/1968,27.92129468,5.896,NaN,NaN,NaN,4.18%,NaN,NaN,NaN,
5/1/1968,27.92129468,5.896,NaN,NaN,NaN,4.53%,NaN,NaN,NaN,
6/1/1968,27.67744058,5.896,NaN,NaN,NaN,3.97%,NaN,NaN,NaN,
7/1/1968,27.67744058,5.896,NaN,NaN,NaN,3.82%,NaN,NaN,NaN,
8/1/1968,27.92129468,5.71,NaN,NaN,NaN,4.68%,NaN,NaN,NaN,
9/1/1968,28.55531535,5.71,NaN,NaN,NaN,5.25%,NaN,NaN,NaN,
10/1/1968,28.57970076,5.71,NaN,NaN,NaN,4.95%,NaN,NaN,NaN,
11/1/1968,28.65285699,5.71,NaN,NaN,NaN,5.48%,NaN,NaN,NaN,
12/1/1968,28.53092994,5.71,NaN,NaN,NaN,4.76%,NaN,NaN,NaN,
1/1/1969,28.62847158,5.71,NaN,NaN,NaN,4.36%,NaN,NaN,NaN,
2/1/1969,28.62847158,5.71,NaN,NaN,NaN,4.12%,NaN,NaN,NaN,
3/1/1969,28.9210965,5.71,NaN,NaN,NaN,4.55%,NaN,NaN,NaN,
4/1/1969,29.21372142,5.71,NaN,NaN,NaN,4.93%,NaN,NaN,NaN,
5/1/1969,29.23810683,5.71,NaN,NaN,NaN,5.32%,NaN,NaN,NaN,
6/1/1969,29.28687765,5.71,NaN,NaN,NaN,5.70%,NaN,NaN,NaN,
7/1/1969,29.6526588,5.71,NaN,NaN,NaN,6.41%,NaN,NaN,NaN,
8/1/1969,29.92089832,5.71,NaN,NaN,NaN,6.44%,NaN,NaN,NaN,
9/1/1969,30.14036701,5.932,NaN,NaN,NaN,6.00%,NaN,NaN,NaN,
10/1/1969,30.28667947,5.932,NaN,NaN,NaN,5.35%,NaN,NaN,NaN,
11/1/1969,30.16475242,5.932,NaN,NaN,NaN,5.19%,NaN,NaN,NaN,
12/1/1969,30.3598357,5.932,NaN,NaN,NaN,5.15%,NaN,NaN,NaN,
1/1/1970,30.8475439,5.932,NaN,NaN,NaN,5.57%,NaN,NaN,NaN,
2/1/1970,30.8475439,5.932,NaN,NaN,NaN,5.34%,NaN,NaN,NaN,
3/1/1970,31.15296513,5.932,NaN,NaN,NaN,5.77%,NaN,NaN,NaN,
4/1/1970,31.45838636,5.932,NaN,NaN,NaN,6.15%,NaN,NaN,NaN,
5/1/1970,31.35657928,5.932,NaN,NaN,NaN,5.97%,NaN,NaN,NaN,
6/1/1970,31.35657928,5.932,NaN,NaN,NaN,6.44%,NaN,NaN,NaN,
7/1/1970,31.35657928,5.932,NaN,NaN,NaN,6.44%,NaN,NaN,NaN,
8/1/1970,31.25477221,5.932,NaN,NaN,NaN,5.80%,NaN,NaN,NaN,
9/1/1970,31.76380758,5.932,NaN,NaN,NaN,5.47%,NaN,NaN,NaN,
10/1/1970,32.27284296,5.932,NaN,NaN,NaN,6.26%,NaN,NaN,NaN,
11/1/1970,32.27284296,5.804,NaN,NaN,NaN,6.13%,NaN,NaN,NaN,
12/1/1970,32.47645711,5.804,NaN,NaN,NaN,6.69%,NaN,NaN,NaN,
1/1/1971,32.78187834,5.677,NaN,NaN,NaN,7.01%,NaN,NaN,NaN,
2/1/1971,32.78187834,5.677,NaN,NaN,NaN,7.01%,NaN,NaN,NaN,
3/1/1971,32.88368542,5.677,NaN,NaN,NaN,6.63%,NaN,NaN,NaN,
4/1/1971,33.29091372,5.677,NaN,NaN,NaN,6.75%,NaN,NaN,NaN,
5/1/1971,33.39272079,5.423,NaN,NaN,NaN,6.87%,NaN,NaN,NaN,
6/1/1971,33.49452787,5.423,NaN,NaN,NaN,6.94%,NaN,NaN,NaN,
7/1/1971,33.49452787,5.168,NaN,NaN,NaN,6.28%,NaN,NaN,NaN,
8/1/1971,33.49452787,5.168,NaN,NaN,NaN,5.80%,NaN,NaN,NaN,
9/1/1971,34.30898447,5.168,NaN,NaN,NaN,6.69%,NaN,NaN,NaN,
10/1/1971,34.41079155,5.168,NaN,NaN,NaN,6.59%,NaN,NaN,NaN,
11/1/1971,34.10537032,5.168,NaN,NaN,NaN,6.33%,NaN,NaN,NaN,
12/1/1971,34.10537032,5.168,NaN,NaN,NaN,5.99%,NaN,NaN,NaN,
1/1/1972,34.10537032,4.66,NaN,NaN,NaN,5.15%,NaN,NaN,NaN,
2/1/1972,34.30898447,4.66,NaN,NaN,NaN,5.46%,NaN,NaN,NaN,
3/1/1972,34.6144057,4.66,6.609,6.638,7.189,5.41%,1.1997,1.2287,1.7797,
4/1/1972,35.021634,4.66,6.533487179,6.558512821,7.034,5.51%,1.0219,1.0470,1.5225,
5/1/1972,35.12344108,4.66,6.533487179,6.558512821,7.034,5.84%,0.6973,0.7223,1.1978,
6/1/1972,35.12344108,4.153,6.195487179,6.237412821,7.034,5.84%,0.3593,0.4012,1.1978,
7/1/1972,35.12344108,4.153,6.041051282,6.074848718,6.717,5.84%,0.2049,0.2387,0.8808,
8/1/1972,35.42886231,4.153,6.041051282,6.074848718,6.717,6.47%,-0.4273,-0.3935,0.2487,
9/1/1972,35.63247646,4.153,6.041051282,6.074848718,6.717,5.91%,0.1262,0.1600,0.8022,
10/1/1972,35.83609061,4.153,6.041051282,6.074848718,6.717,5.38%,0.6651,0.6989,1.3410,
11/1/1972,35.73428353,4.153,6.041051282,6.074848718,6.717,5.23%,0.8148,0.8486,1.4908,
12/1/1972,36.03970476,4.153,6.041051282,6.074848718,6.717,5.34%,0.6979,0.7317,1.3739,
1/1/1973,36.34512599,4.153,6.041051282,6.074848718,6.717,5.29%,0.7464,0.7802,1.4224,
2/1/1973,36.65054721,4.153,6.041051282,6.074848718,6.717,5.74%,0.3049,0.3387,0.9809,
3/1/1973,37.56681089,4.914,6.548384615,6.556815385,6.717,6.88%,-0.3354,-0.3270,-0.1668,
4/1/1973,38.27946042,4.914,6.548384615,6.556815385,6.717,7.23%,-0.6825,-0.6741,-0.5139,
5/1/1973,38.89030288,4.914,6.669692308,6.684507692,6.966,7.92%,-1.2485,-1.2337,-0.9522,
6/1/1973,38.99210995,5.425,7.010358974,7.008141026,6.966,7.90%,-0.8847,-0.8869,-0.9290,
7/1/1973,39.29753118,5.549,7.093025641,7.086674359,6.966,8.32%,-1.2237,-1.2301,-1.3508,
8/1/1973,39.60295241,5.549,7.171948718,7.169751282,7.128,8.74%,-1.5649,-1.5671,-1.6089,
9/1/1973,40.72283024,5.549,7.171948718,7.169751282,7.128,8.95%,-1.7750,-1.7772,-1.8189,
10/1/1973,40.92644439,5.802999999,7.426051281,7.419848717,7.302,9.06%,-1.6312,-1.6374,-1.7553,
11/1/1973,41.23186561,5.802999999,7.426051281,7.419848717,7.302,9.95%,-2.5264,-2.5327,-2.6505,
12/1/1973,42.5553576,5.802999999,7.426051281,7.419848717,7.302,11.70%,-4.2772,-4.2834,-4.4012,
1/1/1974,44.38788496,6.825,8.457179487,8.435320513,8.02,14.08%,-5.6258,-5.6477,-6.0630,
2/1/1974,45.81318402,6.825,8.457179487,8.435320513,8.02,15.56%,-7.0985,-7.1204,-7.5357,
3/1/1974,46.11860524,6.825,8.457179487,8.435320513,8.02,15.43%,-6.9704,-6.9923,-7.4076,
4/1/1974,47.23848307,6.825,8.457179487,8.435320513,8.02,16.14%,-7.6823,-7.7041,-8.1195,
5/1/1974,47.44209723,6.825,8.457179487,8.435320513,8.02,16.22%,-7.7635,-7.7854,-8.2007,
6/1/1974,47.74751845,6.825,8.457179487,8.435320513,8.02,16.59%,-8.1370,-8.1589,-8.5742,
7/1/1974,48.66378213,6.825,8.457179487,8.435320513,8.02,17.71%,-9.2504,-9.2723,-9.6876,
8/1/1974,49.17281751,6.825,8.457179487,8.435320513,8.02,17.81%,-9.3533,-9.3752,-9.7905,
9/1/1974,49.88546704,6.825,8.457179487,8.435320513,8.02,18.32%,-9.8644,-9.8863,-10.3016,
10/1/1974,51.00534487,6.825,8.649128205,8.637371795,8.414,19.30%,-10.6528,-10.6646,-10.8879,
11/1/1974,51.41257317,6.825,8.649128205,8.637371795,8.414,19.95%,-11.2986,-11.3104,-11.5338,
12/1/1974,51.51438025,6.825,8.649128205,8.637371795,8.414,19.56%,-10.9075,-10.9192,-11.1426,
1/1/1975,52.1252227,6.825,8.649128205,8.637371795,8.414,19.76%,-11.1079,-11.1196,-11.3430,
2/1/1975,52.22702978,6.825,8.649128205,8.637371795,8.414,19.37%,-10.7242,-10.7360,-10.9594,
3/1/1975,52.63425808,6.825,8.649128205,8.637371795,8.414,18.37%,-9.7183,-9.7300,-9.9534,
4/1/1975,53.55052176,6.825,8.649128205,8.637371795,8.414,18.28%,-9.6275,-9.6393,-9.8626,
5/1/1975,53.85594299,6.314,8.308461538,8.313738462,8.414,17.68%,-9.3698,-9.3645,-9.2642,
6/1/1975,53.85594299,6.314,8.308461538,8.313738462,8.414,17.52%,-9.2160,-9.2108,-9.1105,
7/1/1975,54.05955714,6.314,8.308461538,8.313738462,8.414,17.29%,-8.9795,-8.9743,-8.8740,
8/1/1975,53.85594299,6.059,8.092666667,8.104033333,8.32,16.61%,-8.5220,-8.5106,-8.2946,
9/1/1975,55.0776279,6.059,8.092666667,8.104033333,8.32,16.30%,-8.2044,-8.1930,-7.9770,
10/1/1975,55.8920845,5.677,7.838,7.8621,8.32,16.86%,-9.0240,-8.9999,-8.5420,
11/1/1975,55.68847035,5.677,7.792692308,7.814407692,8.227,16.22%,-8.4234,-8.4017,-7.9891,
12/1/1975,55.68847035,5.677,7.792692308,7.814407692,8.227,14.39%,-6.6019,-6.5802,-6.1676,
1/1/1976,56.7065411,5.677,7.792692308,7.814407692,8.227,13.03%,-5.2349,-5.2132,-4.8006,
2/1/1976,57.11376941,5.677,7.792692308,7.814407692,8.227,11.65%,-3.8615,-3.8398,-3.4272,
3/1/1976,57.31738356,5.677,7.792692308,7.814407692,8.227,11.48%,-3.6894,-3.6677,-3.2551,
4/1/1976,58.64087554,5.677,7.792692308,7.814407692,8.227,11.42%,-3.6245,-3.6028,-3.1902,
5/1/1976,58.84448969,5.677,7.792692308,7.814407692,8.227,11.37%,-3.5780,-3.5563,-3.1437,
6/1/1976,58.94629677,5.677,7.792692308,7.814407692,8.227,11.11%,-3.3172,-3.2955,-2.8829,
7/1/1976,59.35352507,5.677,7.792692308,7.814407692,8.227,10.44%,-2.6458,-2.6240,-2.2115,
8/1/1976,58.94629677,5.677,7.792692308,7.814407692,8.227,9.49%,-1.6951,-1.6734,-1.2608,
9/1/1976,60.4734029,5.677,7.792692308,7.814407692,8.227,10.10%,-2.3093,-2.2876,-1.8750,
10/1/1976,60.77882413,5.677,7.792692308,7.814407692,8.227,9.16%,-1.3685,-1.3468,-0.9342,
11/1/1976,60.77882413,5.677,7.792692308,7.814407692,8.227,8.73%,-0.9353,-0.9136,-0.5010,
12/1/1976,61.49147366,5.677,7.792692308,7.814407692,8.227,9.26%,-1.4628,-1.4411,-1.0285,
1/1/1977,62.00050904,5.677,7.792692308,7.814407692,8.227,9.06%,-1.2694,-1.2476,-0.8351,
2/1/1977,62.40773734,5.677,7.792692308,7.814407692,8.227,9.31%,-1.5202,-1.4985,-1.0859,
3/1/1977,62.71315856,5.55,7.708025641,7.733974359,8.227,9.16%,-1.4473,-1.4214,-0.9284,
4/1/1977,63.73122932,4.914,7.284025641,7.331174359,8.227,9.09%,-1.8083,-1.7612,-0.8653,
5/1/1977,64.34207177,4.914,6.923512821,6.951687179,7.487,9.30%,-2.3791,-2.3510,-1.8157,
6/1/1977,64.13845762,4.914,6.923512821,6.951687179,7.487,9.13%,-2.2061,-2.1779,-1.6426,
7/1/1977,63.93484347,4.914,6.825589744,6.848610256,7.286,8.75%,-1.9252,-1.9022,-1.4648,
8/1/1977,64.03665055,4.914,6.678461538,6.693738462,6.984,9.04%,-2.3645,-2.3492,-2.0589,
9/1/1977,65.0547213,4.153,6.171128205,6.211771795,6.984,8.68%,-2.5094,-2.4688,-1.6965,
10/1/1977,65.46194961,4.153,6.024487179,6.057412821,6.683,8.22%,-2.1984,-2.1655,-1.5399,
11/1/1977,64.74930008,4.153,6.024487179,6.057412821,6.683,7.83%,-1.8043,-1.7714,-1.1458,
12/1/1977,64.647493,4.153,6.024487179,6.057412821,6.683,7.74%,-1.7195,-1.6866,-1.0610,
1/1/1978,64.85110715,4.153,6.024487179,6.057412821,6.683,6.94%,-0.9160,-0.8831,-0.2575,
2/1/1978,65.25833545,4.153,6.024487179,6.057412821,6.683,6.89%,-0.8681,-0.8352,-0.2096,
3/1/1978,65.76737083,3.393,5.517820513,5.576079487,6.683,7.12%,-1.6001,-1.5418,-0.4349,
4/1/1978,66.48002036,3.393,5.272769231,5.318130769,6.18,6.47%,-1.2017,-1.1563,-0.2944,
5/1/1978,66.88724866,3.393,5.272769231,5.318130769,6.18,6.62%,-1.3423,-1.2970,-0.4351,
6/1/1978,66.58182744,3.393,5.272769231,5.318130769,6.18,6.28%,-1.0068,-0.9614,-0.0995,
7/1/1978,66.78544159,3.393,5.272769231,5.318130769,6.18,6.08%,-0.8034,-0.7580,0.1039,
8/1/1978,66.98905574,3.393,5.272769231,5.318130769,6.18,6.60%,-1.3313,-1.2859,-0.4240,
9/1/1978,67.70170527,3.393,5.272769231,5.318130769,6.18,5.81%,-0.5350,-0.4896,0.3722,
10/1/1978,67.80351234,3.393,5.272769231,5.318130769,6.18,5.62%,-0.3482,-0.3028,0.5591,
11/1/1978,67.19266989,3.393,5.272769231,5.318130769,6.18,5.14%,0.1287,0.1741,1.0359,
12/1/1978,67.09086281,3.393,5.272769231,5.318130769,6.18,4.45%,0.8190,0.8643,1.7262,
1/1/1979,67.19266989,3.393,5.272769231,5.318130769,6.18,4.10%,1.1698,1.2151,2.0770,
2/1/1979,66.98905574,3.393,5.272769231,5.318130769,6.18,3.61%,1.6673,1.7127,2.5745,
3/1/1979,67.59989819,3.393,5.468615385,5.524284615,6.582,3.82%,1.6456,1.7013,2.7590,
4/1/1979,68.4143548,4.153,6.31825641,6.36664359,7.286,3.61%,2.7093,2.7576,3.6770,
5/1/1979,69.02519725,4.153,6.31825641,6.36664359,7.286,3.58%,2.7429,2.7913,3.7107,
6/1/1979,69.12700433,4.153,6.032769231,6.066130769,6.7,3.82%,2.2167,2.2501,2.8839,
7/1/1979,69.73784678,4.153,6.032769231,6.066130769,6.7,4.44%,1.5931,1.6265,2.2603,
8/1/1979,69.02519725,5.168,7.239487179,7.266912821,7.788,3.82%,3.4175,3.4449,3.9660,
9/1/1979,69.94146093,5.168,6.955948718,6.968451282,7.206,3.69%,3.2681,3.2806,3.5181,
10/1/1979,70.75591754,5.168,6.955948718,6.968451282,7.206,3.96%,2.9910,3.0035,3.2411,
11/1/1979,70.45049631,5.168,6.955948718,6.968451282,7.206,4.31%,2.6463,2.6588,2.8963,
12/1/1979,70.95953169,5.677,7.338641026,7.336458974,7.295,4.77%,2.5704,2.5682,2.5268,
1/1/1980,71.57037414,5.677,7.933,7.9621,8.515,5.05%,2.8801,2.9092,3.4621,
2/1/1980,72.18121659,5.677,8.326641026,8.376458974,9.323,5.17%,3.1561,3.2059,4.1525,
3/1/1980,72.5884449,5.677,8.643307692,8.709792308,9.973,5.06%,3.5855,3.6519,4.9152,
4/1/1980,73.91193688,6.825,9.392076923,9.419423077,9.939,5.44%,3.9505,3.9779,4.4975,
5/1/1980,74.52277933,6.825,8.642307692,8.630192308,8.4,5.55%,3.0888,3.0766,2.8464,
6/1/1980,74.82820056,6.825,8.569230769,8.553269231,8.25,6.01%,2.5573,2.5413,2.2381,
7/1/1980,74.93000764,6.825,8.676410256,8.666089744,8.47,5.92%,2.7542,2.7439,2.5478,
8/1/1980,74.72639348,6.825,8.764589744,8.758910256,8.651,5.62%,3.1473,3.1416,3.0337,
9/1/1980,75.94807839,6.442,8.553102564,8.562497436,8.741,5.92%,2.6378,2.6472,2.8257,
10/1/1980,76.15169254,6.442,8.402076923,8.403523077,8.431,5.98%,2.4246,2.4260,2.4535,
11/1/1980,76.25349962,5.932,8.305666667,8.336933333,8.931,6.53%,1.7764,1.8077,2.4017,
12/1/1980,76.04988547,5.932,8.271076923,8.300523077,8.86,6.47%,1.8034,1.8329,2.3924,
1/1/1981,76.86434207,5.932,7.964641026,7.977958974,8.231,6.96%,1.0095,1.0229,1.2759,
2/1/1981,76.762535,5.932,7.924692308,7.935907692,8.149,7.05%,0.8781,0.8893,1.1024,
3/1/1981,76.96614915,5.932,7.779025641,7.782574359,7.85,6.70%,1.0760,1.0795,1.1469,
4/1/1981,77.5769916,5.677,7.632897436,7.646202564,7.899,6.49%,1.1468,1.1601,1.4129,
5/1/1981,78.28964113,5.677,7.721564103,7.739535897,8.081,6.50%,1.2219,1.2399,1.5813,
6/1/1981,78.39144821,5.677,7.681615385,7.697484615,7.999,6.49%,1.1912,1.2071,1.5086,
7/1/1981,78.18783405,5.677,7.930564103,7.959535897,8.51,5.89%,2.0453,2.0743,2.6248,
8/1/1981,77.88241283,5.677,8.096205128,8.133894872,8.85,6.22%,1.8739,1.9116,2.6277,
9/1/1981,79.00229066,5.677,8.028487179,8.062612821,8.711,6.28%,1.7483,1.7824,2.4308,
10/1/1981,79.30771189,5.677,8.184384615,8.226715385,9.031,5.87%,2.3136,2.3559,3.1602,
11/1/1981,79.20590481,5.677,7.755179487,7.774920513,8.15,6.03%,1.7232,1.7430,2.1180,
12/1/1981,79.30771189,5.423,7.571230769,7.598669231,8.12,5.72%,1.8524,1.8798,2.4012,
1/1/1982,79.30771189,5.423,7.55174359,7.57815641,8.08,5.27%,2.2850,2.3114,2.8133,
2/1/1982,79.20590481,5.423,7.55174359,7.57815641,8.08,4.75%,2.7987,2.8251,3.3269,
3/1/1982,79.30771189,5.423,7.381230769,7.398669231,7.73,4.53%,2.8553,2.8728,3.2041,
4/1/1982,79.91855434,5.423,7.366615385,7.383284615,7.7,3.98%,3.3826,3.3993,3.7160,
5/1/1982,80.22397557,5.423,7.561487179,7.588412821,8.1,3.75%,3.8068,3.8338,4.3454,
6/1/1982,80.22397557,5.423,7.766102564,7.803797436,8.52,3.54%,4.2234,4.2611,4.9773,
7/1/1982,79.71494019,5.423,7.683282051,7.716617949,8.35,3.14%,4.5398,4.5731,5.2065,
8/1/1982,80.32578264,5.423,7.727128205,7.762771795,8.44,3.68%,4.0482,4.0839,4.7611,
9/1/1982,81.54746755,5.423,7.751487179,7.788412821,8.49,3.62%,4.1307,4.1676,4.8692,
10/1/1982,81.7510817,5.423,7.878153846,7.921746154,8.75,3.61%,4.2669,4.3105,5.1387,
11/1/1982,81.03843217,5.423,7.693025641,7.726874359,8.37,3.09%,4.6032,4.6371,5.2802,
12/1/1982,80.9366251,5.423,7.425076923,7.444823077,7.82,3.16%,4.2622,4.2820,4.6572,
1/1/1983,81.03843217,5.423,7.595589744,7.624310256,8.17,2.68%,4.9163,4.9450,5.4907,
2/1/1983,80.73301094,5.423,7.483538462,7.506361538,7.94,2.55%,4.9299,4.9528,5.3864,
3/1/1983,81.14023925,5.423,7.488410256,7.511489744,7.95,2.68%,4.8126,4.8357,5.2742,
4/1/1983,81.54746755,5.423,7.444564103,7.465335897,7.86,2.53%,4.9174,4.9382,5.3329,
5/1/1983,82.36192415,5.423,7.468923077,7.490976923,7.91,2.57%,4.9011,4.9232,5.3422,
6/1/1983,81.85288878,5.423,7.454307692,7.475592308,7.88,2.18%,5.2704,5.2916,5.6961,
7/1/1983,81.54746755,5.423,7.464051282,7.485848718,7.9,2.13%,5.3382,5.3600,5.7742,
8/1/1983,81.3438534,5.423,7.449435897,7.470464103,7.87,2.20%,5.2514,5.2724,5.6719,
9/1/1983,82.26011708,5.423,7.371487179,7.388412821,7.71,2.04%,5.3305,5.3474,5.6690,
10/1/1983,82.97276661,4.914,7.027282051,7.060917949,7.7,2.28%,4.7427,4.7764,5.4154,
11/1/1983,82.5655383,4.914,6.968820513,6.999379487,7.58,2.10%,4.8700,4.9006,5.4812,
12/1/1983,82.26011708,4.914,6.87625641,6.90194359,7.39,1.84%,5.0319,5.0576,5.5456,
1/1/1984,82.5655383,4.914,6.89574359,6.92245641,7.43,2.03%,4.8625,4.8892,5.3968,
2/1/1984,83.07457368,4.914,6.89574359,6.92245641,7.43,2.41%,4.4827,4.5094,5.0170,
3/1/1984,83.17638076,4.914,6.798307692,6.819892308,7.23,2.41%,4.3883,4.4099,4.8200,
4/1/1984,83.37999491,4.914,6.793435897,6.814764103,7.22,2.14%,4.6508,4.6721,5.0773,
5/1/1984,83.99083736,4.914,6.978564103,7.009635897,7.6,2.32%,4.6578,4.6889,5.2792,
6/1/1984,83.37999491,4.914,6.924974359,6.953225641,7.49,1.95%,4.9769,5.0052,5.5420,
7/1/1984,83.58360906,4.914,6.915230769,6.942969231,7.47,2.40%,4.5174,4.5452,5.0722,
8/1/1984,82.87095953,4.914,6.812923077,6.835276923,7.26,1.57%,5.2410,5.2633,5.6881,
9/1/1984,84.19445151,4.914,6.788564103,6.809635897,7.21,1.61%,5.1786,5.1996,5.6000,
10/1/1984,84.70348689,4.914,6.657025641,6.671174359,6.94,1.79%,4.8673,4.8815,5.1503,
11/1/1984,84.29625859,4.914,6.535230769,6.542969231,6.69,1.99%,4.5450,4.5527,4.6998,
12/1/1984,84.49987274,4.914,6.540102564,6.548097436,6.7,2.18%,4.3626,4.3705,4.5225,
1/1/1985,84.70348689,4.914,6.486512821,6.491687179,6.59,2.24%,4.2502,4.2554,4.3537,
2/1/1985,84.39806567,4.406,6.323230769,6.354569231,6.95,2.24%,4.0786,4.1099,4.7053,
3/1/1985,84.70348689,3.899,5.985230769,6.033469231,6.95,2.17%,3.8131,3.8613,4.7779,
4/1/1985,85.31432935,3.393,5.530974359,5.589925641,6.71,2.28%,3.2474,3.3064,4.4265,
5/1/1985,85.41613642,3.393,5.516358974,5.574541026,6.68,1.84%,3.6791,3.7373,4.8427,
6/1/1985,85.41613642,0,3.176410256,3.343589744,6.52,2.15%,1.0230,1.1902,4.3666,
7/1/1985,85.61975057,3.393,5.384820513,5.436079487,6.41,2.47%,2.9184,2.9696,3.9435,
8/1/1985,85.41613642,3.393,5.306871795,5.354028205,6.25,2.47%,2.8343,2.8815,3.7774,
9/1/1985,85.5179435,3.393,5.063282051,5.097617949,5.75,1.96%,3.1023,3.1366,3.7890,
10/1/1985,86.3324001,3.393,5.540717949,5.600182051,6.73,2.00%,3.5363,3.5957,4.7255,
11/1/1985,85.61975057,2.888,4.975076923,5.039323077,6.26,1.83%,3.1423,3.2065,4.4272,
12/1/1985,85.72155765,2.888,4.916615385,4.977784615,6.14,2.08%,2.8343,2.8955,4.0577,
1/1/1986,86.02697888,4.914,6.057794872,6.040405128,5.71,2.07%,3.9831,3.9657,3.6353,
2/1/1986,85.9251718,4.406,5.704512821,5.703287179,5.68,1.70%,4.0033,4.0021,3.9788,
3/1/1986,85.82336472,3.899,4.928051282,4.920648718,4.78,1.58%,3.3493,3.3419,3.2013,
4/1/1986,86.12878595,3.393,4.576102564,4.584797436,4.75,1.63%,2.9411,2.9498,3.1150,
5/1/1986,86.3324001,3.393,4.785589744,4.805310256,5.18,1.38%,3.4012,3.4210,3.7956,
6/1/1986,85.9251718,0,2.467223077,2.597076923,5.0643,1.51%,0.9524,1.0823,3.5495,
7/1/1986,85.72155765,3.393,4.745446154,4.763053846,5.0976,1.27%,3.4746,3.4922,3.8267,
8/1/1986,85.5179435,3.393,4.810533333,4.831566667,5.2312,1.58%,3.2260,3.2471,3.6467,
9/1/1986,85.9251718,3.393,5.035464103,5.068335897,5.6929,1.02%,4.0129,4.0458,4.6703,
10/1/1986,86.02697888,3.393,5.027669231,5.060130769,5.6769,0.78%,4.2494,4.2819,4.8987,
11/1/1986,85.61975057,2.888,4.564920513,4.607579487,5.4181,0.78%,3.7830,3.8256,4.6361,
12/1/1986,85.41613642,2.888,4.508602564,4.548297436,5.3025,0.54%,3.9679,4.0076,4.7618,
1/1/1987,85.11071519,2.888,4.385053846,4.418246154,5.0489,0.24%,4.1450,4.1781,4.8088,
2/1/1987,85.11071519,2.888,4.237535897,4.262964103,4.7461,0.42%,3.8162,3.8417,4.3248,
3/1/1987,85.41613642,2.384,3.797571795,3.834328205,4.5327,0.42%,3.3778,3.4145,4.1129,
4/1/1987,86.23059303,2.384,3.368805128,3.382994872,3.6526,0.54%,2.8332,2.8474,3.1170,
5/1/1987,86.3324001,2.384,3.007269231,3.002430769,2.9105,0.53%,2.4723,2.4675,2.3756,
6/1/1987,86.23059303,2.384,3.193274359,3.198225641,3.2923,0.48%,2.7176,2.7226,2.8167,
7/1/1987,85.82336472,2.384,3.738135897,3.771764103,4.4107,0.12%,3.6193,3.6529,4.2919,
8/1/1987,85.82336472,2.384,3.958876923,4.004123077,4.8638,0.24%,3.7208,3.7660,4.6257,
9/1/1987,86.63782133,2.384,4.224487179,4.283712821,5.409,0.65%,3.5719,3.6311,4.7564,
10/1/1987,86.63782133,2.384,4.371664103,4.438635897,5.7111,0.18%,4.1949,4.2619,5.5344,
11/1/1987,86.23059303,2.384,3.933689744,3.977610256,4.8121,0.36%,3.5776,3.6215,4.4560,
12/1/1987,86.12878595,2.384,4.026448718,4.075251282,5.0025,0.24%,3.7892,3.8380,4.7653,
1/1/1988,85.82336472,2.384,3.712558974,3.744841026,4.3582,-0.12%,3.8310,3.8633,4.4766,
2/1/1988,85.72155765,2.384,3.678212821,3.708687179,4.2877,-0.12%,3.7968,3.8272,4.4063,
3/1/1988,86.02697888,2.384,3.749487179,3.783712821,4.434,0.12%,3.6309,3.6652,4.3154,
4/1/1988,86.43420718,2.384,3.701646154,3.733353846,4.3358,0.18%,3.5245,3.5562,4.1587,
5/1/1988,86.53601425,2.384,3.856715385,3.896584615,4.6541,0.12%,3.7389,3.7787,4.5362,
6/1/1988,86.3324001,2.384,3.881074359,3.922225641,4.7041,0.24%,3.6444,3.6855,4.4674,
7/1/1988,86.23059303,2.384,4.018897436,4.067302564,4.987,0.30%,3.7224,3.7708,4.6905,
8/1/1988,86.43420718,2.384,4.102887179,4.155712821,5.1594,0.53%,3.5686,3.6214,4.6251,
9/1/1988,87.14685671,2.384,4.103958974,4.156841026,5.1616,0.71%,3.3956,3.4484,4.4532,
10/1/1988,87.55408501,2.384,3.91074359,3.95345641,4.765,0.88%,3.0271,3.0698,3.8813,
11/1/1988,87.24866378,2.384,3.835961538,3.874738462,4.6115,0.95%,2.8892,2.9280,3.6647,
12/1/1988,86.94324256,2.384,3.783102564,3.819097436,4.503,0.89%,2.8931,2.9291,3.6130,
1/1/1989,86.84143548,2.384,3.929548718,3.973251282,4.8036,1.01%,2.9179,2.9616,3.7920,
2/1/1989,86.53601425,2.384,3.979971795,4.026328205,4.9071,0.83%,3.1461,3.1925,4.0733,
3/1/1989,86.94324256,2.384,4.100987179,4.153712821,5.1555,0.89%,3.2110,3.2638,4.2655,
4/1/1989,88.47034869,2.384,4.136453846,4.191046154,5.2283,1.29%,2.8461,2.9007,3.9379,
5/1/1989,88.97938407,2.384,4.216107692,4.274892308,5.3918,1.52%,2.6947,2.7534,3.8704,
6/1/1989,88.97938407,3.141,4.741528205,4.776171795,5.4344,1.58%,3.1602,3.1948,3.8530,
7/1/1989,88.77576992,3.141,4.637076923,4.666223077,5.22,1.71%,2.9316,2.9607,3.5145,
8/1/1989,88.67396284,3.141,4.558982051,4.584017949,5.0597,1.65%,2.9118,2.9368,3.4125,
9/1/1989,89.48841945,3.141,4.650912821,4.680787179,5.2484,1.63%,3.0191,3.0490,3.6166,
10/1/1989,90.0992619,3.646,5.034007692,5.049492308,5.3437,1.98%,3.0559,3.0714,3.3656,
11/1/1989,89.18299822,3.646,5.116487179,5.136312821,5.513,1.70%,3.4190,3.4388,3.8155,
12/1/1989,89.28480529,3.646,5.126717949,5.147082051,5.534,1.82%,3.3110,3.3314,3.7183,
1/1/1990,89.6920336,4.153,5.905176923,5.931823077,6.4381,2.23%,3.6762,3.7028,4.2091,
2/1/1990,89.79384067,4.153,6.069989744,6.105310256,6.7764,2.35%,3.7223,3.7576,4.4287,
3/1/1990,90.0992619,4.153,6.280889744,6.327310256,7.2093,2.34%,3.9414,3.9878,4.8698,
4/1/1990,90.9137185,5.168,6.786946154,6.790553846,6.8591,2.56%,4.2284,4.2320,4.3005,
5/1/1990,91.32094681,5.168,6.610392308,6.604707692,6.4967,2.73%,3.8829,3.8772,3.7692,
6/1/1990,91.01552558,5.168,6.59514359,6.58865641,6.4654,2.68%,3.9187,3.9122,3.7890,
7/1/1990,90.81191143,5.168,6.762733333,6.765066667,6.8094,2.62%,4.1407,4.1430,4.1873,
8/1/1990,91.11733265,5.168,7.149310256,7.171989744,7.6029,2.67%,4.4760,4.4987,4.9296,
9/1/1990,91.82998218,5.55,7.623597436,7.645102564,8.0537,2.65%,4.9718,4.9933,5.4019,
10/1/1990,92.84805294,5.55,7.428579487,7.439820513,7.6534,2.98%,4.4497,4.4609,4.6745,
11/1/1990,92.74624586,5.55,7.2701,7.273,7.3281,3.10%,4.1677,4.1706,4.2257,
12/1/1990,92.64443879,5.55,7.008046154,6.997153846,6.7902,3.23%,3.7814,3.7705,3.5636,
1/1/1991,93.25528124,5.55,6.858823077,6.840076923,6.4839,3.63%,3.2318,3.2130,2.8568,
2/1/1991,92.94986002,5.55,6.775076923,6.751923077,6.312,3.64%,3.1354,3.1123,2.6724,
3/1/1991,93.45889539,5.55,6.872610256,6.854589744,6.5122,3.68%,3.1932,3.1752,2.8328,
4/1/1991,93.96793077,5.55,6.936869231,6.922230769,6.6441,3.06%,3.8767,3.8620,3.5839,
5/1/1991,94.47696615,5.55,6.932192308,6.917307692,6.6345,3.04%,3.8892,3.8744,3.5916,
6/1/1991,94.06973785,5.55,6.997523077,6.986076923,6.7686,2.82%,4.1769,4.1654,3.9480,
7/1/1991,93.96793077,5.423,6.869741026,6.860258974,6.6801,2.88%,3.9870,3.9775,3.7973,
8/1/1991,94.17154492,5.423,6.728312821,6.711387179,6.3898,3.05%,3.6750,3.6581,3.3365,
9/1/1991,94.37515907,5.423,6.588248718,6.563951282,6.1023,2.69%,3.8942,3.8699,3.4082,
10/1/1991,95.39322983,5.423,6.489302564,6.459797436,5.8992,2.90%,3.5934,3.5639,3.0033,
11/1/1991,95.49503691,4.914,6.147825641,6.135174359,5.8948,3.48%,2.6695,2.6569,2.4165,
12/1/1991,95.0878086,4.914,6.051705128,6.033994872,5.6975,3.20%,2.8531,2.8354,2.4989,
1/1/1992,94.88419445,4.406,5.516120513,5.504979487,5.2933,2.85%,2.6624,2.6513,2.4396,
2/1/1992,94.78238738,4.406,5.583546154,5.575953846,5.4317,2.74%,2.8433,2.8357,2.6915,
3/1/1992,95.29142275,4.406,5.564789744,5.556210256,5.3932,2.84%,2.7238,2.7152,2.5522,
4/1/1992,96.30949351,3.646,5.219330769,5.244569231,5.7241,2.92%,2.2946,2.3198,2.7993,
5/1/1992,96.30949351,3.646,5.219135897,5.244364103,5.7237,2.70%,2.5241,2.5494,3.0287,
6/1/1992,96.30949351,3.646,5.185617949,5.209082051,5.6549,2.87%,2.3184,2.3419,2.7877,
7/1/1992,95.49503691,3.646,5.062751282,5.079748718,5.4027,2.55%,2.5167,2.5337,2.8566,
8/1/1992,95.80045813,3.141,4.538471795,4.562428205,5.0176,2.54%,2.0008,2.0248,2.4800,
9/1/1992,96.30949351,3.141,4.462471795,4.482428205,4.8616,2.41%,2.0525,2.0724,2.4516,
10/1/1992,96.30949351,3.141,4.431779487,4.450120513,4.7986,1.85%,2.5848,2.6031,2.9516,
11/1/1992,96.20768643,3.141,4.355974359,4.370325641,4.643,1.85%,2.5070,2.5213,2.7940,
12/1/1992,96.20768643,3.141,4.327669231,4.340530769,4.5849,1.90%,2.4227,2.4356,2.6800,
1/1/1993,96.10587936,3.141,4.38754359,4.40355641,4.7078,1.52%,2.8707,2.8867,3.1909,
2/1/1993,96.20768643,2.384,3.720451282,3.753148718,4.3744,1.74%,1.9831,2.0158,2.6370,
3/1/1993,96.41130059,2.384,3.701646154,3.733353846,4.3358,1.57%,2.1344,2.1661,2.7686,
4/1/1993,97.12395011,2.384,3.836205128,3.874994872,4.612,1.67%,2.1708,2.2096,2.9466,
5/1/1993,97.12395011,2.384,3.974758974,4.020841026,4.8964,1.39%,2.5836,2.6297,3.5052,
6/1/1993,97.12395011,2.384,3.925505128,3.968994872,4.7953,1.61%,2.3151,2.3586,3.1849,
7/1/1993,97.32756427,2.384,3.792797436,3.829302564,4.5229,1.77%,2.0208,2.0574,2.7510,
8/1/1993,97.63298549,2.384,3.711048718,3.743251282,4.3551,1.82%,1.8898,1.9220,2.5338,
9/1/1993,97.73479257,1.629,3.093812821,3.145187179,4.1213,1.76%,1.3294,1.3808,2.3569,
10/1/1993,97.63298549,1.629,2.970653846,3.015546154,3.8685,1.17%,1.8035,1.8484,2.7014,
11/1/1993,97.12395011,1.629,2.850515385,2.889084615,3.6219,0.85%,2.0012,2.0398,2.7726,
12/1/1993,97.12395011,1.629,2.606487179,2.632212821,3.121,1.06%,1.5415,1.5672,2.0560,
1/1/1994,97.22575719,1.629,2.657348718,2.685751282,3.2254,1.23%,1.4310,1.4594,1.9990,
2/1/1994,97.22575719,1.629,2.784210256,2.819289744,3.4858,1.28%,1.5035,1.5386,2.2051,
3/1/1994,97.73479257,1.629,3.294823077,3.356776923,4.5339,1.27%,2.0209,2.0828,3.2600,
4/1/1994,97.93840672,1.629,3.193879487,3.250520513,4.3267,0.84%,2.3518,2.4084,3.4846,
5/1/1994,98.04021379,1.629,3.072815385,3.123084615,4.0782,0.89%,2.1783,2.2286,3.1837,
6/1/1994,97.63298549,1.629,3.155782051,3.210417949,4.2485,0.68%,2.4710,2.5257,3.5637,
7/1/1994,97.12395011,1.629,3.203233333,3.260366667,4.3459,0.85%,2.3540,2.4111,3.4966,
8/1/1994,97.63298549,1.629,3.332628205,3.396571795,4.6115,0.95%,2.3807,2.4447,3.6596,
9/1/1994,97.93840672,1.629,3.308415385,3.371084615,4.5618,0.84%,2.4663,2.5290,3.7197,
10/1/1994,98.34563502,1.629,3.382466667,3.449033333,4.7138,1.05%,2.3309,2.3975,3.6622,
11/1/1994,98.04021379,1.629,3.380323077,3.446776923,4.7094,0.95%,2.4324,2.4989,3.7615,
12/1/1994,97.83659964,1.629,3.323371795,3.386828205,4.5925,0.84%,2.4804,2.5438,3.7495,
1/1/1995,97.83659964,1.629,3.3698,3.4357,4.6878,0.90%,2.4734,2.5393,3.7914,
2/1/1995,97.53117842,1.629,3.279135897,3.340264103,4.5017,0.69%,2.5937,2.6548,3.8162,
3/1/1995,97.42937134,1.629,3.028725641,3.076674359,3.9877,0.53%,2.5021,2.5501,3.4611,
4/1/1995,97.73479257,0.876,2.250787179,2.309312821,3.4213,0.31%,1.9368,1.9953,3.1073,
5/1/1995,97.93840672,0.876,2.136835897,2.189364103,3.1874,0.42%,1.7184,1.7710,2.7690,
6/1/1995,97.83659964,0.876,1.948833333,1.991466667,2.8015,0.37%,1.5826,1.6253,2.4353,
7/1/1995,97.32756427,0.751,1.843528205,1.889171795,2.7564,0.00%,1.8435,1.8892,2.7564,
8/1/1995,97.42937134,0.751,2.065292308,2.122607692,3.2116,-0.10%,2.1696,2.2269,3.3159,
9/1/1995,98.04021379,0.374,1.714769231,1.779430769,3.008,0.16%,1.5586,1.6233,2.8519,
10/1/1995,97.73479257,0.374,1.675746154,1.738353846,2.9279,0.05%,1.6236,1.6862,2.8758,
11/1/1995,97.42937134,0.374,1.685294872,1.748405128,2.9475,0.16%,1.5282,1.5913,2.7904,
12/1/1995,97.42937134,0.374,1.662007692,1.723892308,2.8997,0.16%,1.5049,1.5668,2.7426,
1/1/1996,97.32756427,0.374,1.771233333,1.838866667,3.1239,0.05%,1.7189,1.7865,3.0716,
2/1/1996,97.12395011,0.374,1.809184615,1.878815385,3.2018,-0.05%,1.8616,1.9312,3.2542,
3/1/1996,97.32756427,0.374,1.804069231,1.873430769,3.1913,-0.21%,2.0126,2.0820,3.3999,
4/1/1996,97.93840672,0.374,1.834176923,1.905123077,3.2531,0.00%,1.8342,1.9051,3.2531,
5/1/1996,98.14202087,0.374,1.862238462,1.934661538,3.3107,0.05%,1.8103,1.8828,3.2588,
6/1/1996,97.83659964,0.374,1.817564103,1.887635897,3.219,0.10%,1.7133,1.7834,3.1148,
7/1/1996,97.73479257,0.374,1.860533333,1.932866667,3.3072,0.31%,1.5466,1.6189,2.9932,
8/1/1996,97.63298549,0.374,1.788138462,1.856661538,3.1586,0.00%,1.7881,1.8567,3.1586,
9/1/1996,98.04021379,0.374,1.663615385,1.725584615,2.903,0.05%,1.6117,1.6736,2.8510,
10/1/1996,98.24382795,0.374,1.581866667,1.639533333,2.7352,-0.05%,1.6336,1.6913,2.7870,
11/1/1996,97.93840672,0.374,1.52764359,1.58245641,2.6239,-0.05%,1.5796,1.6344,2.6758,
12/1/1996,98.04021379,0.374,1.486964103,1.539635897,2.5404,0.10%,1.3830,1.4356,2.4364,
1/1/1997,97.93840672,0.374,1.494076923,1.547123077,2.555,0.05%,1.4421,1.4951,2.5030,
2/1/1997,97.73479257,0.374,1.461435897,1.512764103,2.488,0.10%,1.3571,1.4084,2.3837,
3/1/1997,97.83659964,0.374,1.434105128,1.483994872,2.4319,0.21%,1.2253,1.2752,2.2231,
4/1/1997,99.77093408,0.374,1.399320513,1.447379487,2.3605,1.04%,0.3630,0.4111,1.3242,
5/1/1997,99.97454823,0.374,1.569589744,1.626610256,2.71,1.03%,0.5354,0.5925,1.6758,
6/1/1997,99.97454823,0.374,1.530030769,1.584969231,2.6288,1.09%,0.4433,0.4983,1.5421,
7/1/1997,99.56731993,0.374,1.463141026,1.514558974,2.4915,1.14%,0.3191,0.3705,1.3474,
8/1/1997,99.669127,0.374,1.373451282,1.420148718,2.3074,1.14%,0.2306,0.2773,1.1645,
9/1/1997,100.3817765,0.374,1.313479487,1.357020513,2.1843,1.19%,0.1263,0.1699,0.9972,
10/1/1997,100.6871978,0.374,1.192853846,1.230046154,1.9367,1.50%,-0.3063,-0.2691,0.4375,
11/1/1997,99.97454823,0.374,1.16805641,1.20394359,1.8858,1.30%,-0.1297,-0.0938,0.5881,
12/1/1997,99.77093408,0.374,1.164158974,1.199841026,1.8778,1.19%,-0.0304,0.0053,0.6833,
1/1/1998,99.669127,0.374,1.197628205,1.235071795,1.9465,1.20%,0.0018,0.0393,0.7507,
2/1/1998,99.56731993,0.374,1.201623077,1.239276923,1.9547,1.25%,-0.0484,-0.0108,0.7047,
3/1/1998,99.97454823,0.374,1.13575641,1.16994359,1.8195,1.35%,-0.2150,-0.1808,0.4688,
4/1/1998,100.1781624,0.374,1.148861538,1.183738462,1.8464,1.14%,0.0119,0.0468,0.7094,
5/1/1998,100.4835836,0.374,1.020587179,1.048712821,1.5831,1.19%,-0.1653,-0.1372,0.3972,
6/1/1998,100.0763553,0.374,0.977910256,1.003789744,1.4955,1.14%,-0.1603,-0.1344,0.3573,
7/1/1998,99.46551285,0.374,1.060292308,1.090507692,1.6646,0.88%,0.1788,0.2090,0.7831,
8/1/1998,99.36370578,0.374,0.956669231,0.981430769,1.4519,0.88%,0.0742,0.0990,0.5695,
9/1/1998,100.1781624,0.175,0.618851282,0.639448718,1.0308,1.08%,-0.4656,-0.4450,-0.0537,
10/1/1998,100.8908119,0.175,0.533107692,0.549192308,0.8548,1.34%,-0.8051,-0.7890,-0.4834,
11/1/1998,100.7890048,0.175,0.561510256,0.579089744,0.9131,1.44%,-0.8834,-0.8658,-0.5318,
12/1/1998,100.3817765,0.175,0.856594872,0.889705128,1.5188,1.19%,-0.3305,-0.2974,0.3317,
1/1/1999,99.87274116,0.175,1.124787179,1.172012821,2.0693,0.98%,0.1421,0.1893,1.0866,
2/1/1999,99.46551285,0.074,1.090338462,1.142661538,2.1368,0.88%,0.2088,0.2611,1.2553,
3/1/1999,99.56731993,0.074,0.889523077,0.931276923,1.7246,0.88%,0.0089,0.0507,0.8440,
4/1/1999,100.0763553,0.074,0.799589744,0.836610256,1.54,0.15%,0.6466,0.6837,1.3871,
5/1/1999,100.0763553,0.033,0.683297436,0.717002564,1.3574,0.05%,0.6324,0.6661,1.3065,
6/1/1999,99.77093408,0.042,0.844707692,0.886292308,1.6764,-0.10%,0.9466,0.9882,1.7783,
7/1/1999,99.36370578,0.047,0.86265641,0.90484359,1.7064,-0.10%,0.9650,1.0071,1.8087,
8/1/1999,99.669127,0.031,0.945235897,0.992864103,1.8978,0.00%,0.9452,0.9929,1.8978,
9/1/1999,99.97454823,0.021,0.874358974,0.918941026,1.766,-0.20%,1.0774,1.1220,1.9690,
10/1/1999,100.1781624,0.058,0.910182051,0.954117949,1.7889,-0.25%,1.1633,1.2072,2.0420,
11/1/1999,99.56731993,0.074,0.934051282,0.978148718,1.816,-0.20%,1.1379,1.1820,2.0199,
12/1/1999,99.2618987,0.41,1.123364103,1.154435897,1.7448,-0.26%,1.3788,1.4099,2.0002,
1/1/2000,99.16009163,0.068,0.885279487,0.927220513,1.7241,-0.26%,1.1410,1.1829,1.9798,
2/1/2000,98.8546704,0.05,0.927064103,0.972435897,1.8345,-0.36%,1.2856,1.3310,2.1930,
3/1/2000,99.05828455,0.115,0.96484359,1.00775641,1.8231,-0.46%,1.4241,1.4671,2.2824,
4/1/2000,99.2618987,0.059,0.898474359,0.941725641,1.7635,-0.46%,1.3568,1.4001,2.2219,
5/1/2000,99.36370578,0.037,0.86344359,0.90635641,1.7217,-0.56%,1.4222,1.4652,2.2805,
6/1/2000,99.16009163,0.092,0.889051282,0.929548718,1.699,-0.46%,1.3479,1.3884,2.1578,
7/1/2000,98.8546704,0.172,0.956951282,0.995548718,1.7289,-0.31%,1.2645,1.3031,2.0364,
8/1/2000,99.16009163,0.326,1.080323077,1.114876923,1.7714,-0.10%,1.1828,1.2174,1.8739,
9/1/2000,99.05828455,0.346,1.151338462,1.188261538,1.8898,-0.56%,1.7119,1.7488,2.4503,
10/1/2000,99.05828455,0.364,1.140246154,1.175353846,1.8424,-0.91%,2.0526,2.0877,2.7547,
11/1/2000,98.75286332,0.384,1.117528205,1.150071795,1.7684,-1.02%,2.1328,2.1653,2.7837,
12/1/2000,98.8546704,0.747,1.295902564,1.312997436,1.6378,-0.76%,2.0595,2.0766,2.4014,
1/1/2001,98.8546704,0.344,0.984851282,1.013148718,1.5508,-0.51%,1.4958,1.5241,2.0618,
2/1/2001,98.54924917,0.212,0.840533333,0.870266667,1.4352,-0.46%,1.3022,1.3319,1.8969,
3/1/2001,98.4474421,0.06,0.622374359,0.651025641,1.1954,-0.56%,1.1863,1.2150,1.7594,
4/1/2001,98.54924917,0.031,0.68225641,0.71604359,1.358,-0.77%,1.4482,1.4819,2.1239,
5/1/2001,98.65105625,0.007,0.630546154,0.663253846,1.2847,-0.71%,1.3452,1.3779,1.9994,
6/1/2001,98.4474421,0.02,0.598728205,0.628871795,1.2016,-0.67%,1.2642,1.2944,1.8671,
7/1/2001,98.14202087,0.034,0.670079487,0.703020513,1.3289,-0.62%,1.2867,1.3197,1.9456,
8/1/2001,98.4474421,0.013,0.673861538,0.708438462,1.3654,-0.61%,1.2886,1.3232,1.9802,
9/1/2001,98.34563502,0.008,0.690210256,0.725989744,1.4058,-0.82%,1.5082,1.5440,2.2238,
10/1/2001,98.34563502,0.014,0.674869231,0.709430769,1.3661,-0.92%,1.5937,1.6283,2.2850,
11/1/2001,97.83659964,0.018,0.665307692,0.699092308,1.341,-0.87%,1.5382,1.5720,2.2139,
12/1/2001,97.73479257,0.033,0.681251282,0.714848718,1.3532,-0.77%,1.4535,1.4871,2.1254,
1/1/2002,97.53117842,0.004,0.692951282,0.729148718,1.4169,-0.82%,1.5177,1.5539,2.2417,
2/1/2002,97.02214304,0.002,0.723625641,0.761574359,1.4826,-0.93%,1.6548,1.6928,2.4138,
3/1/2002,97.22575719,0.002,0.709594872,0.746805128,1.4538,-0.93%,1.6389,1.6761,2.3831,
4/1/2002,97.53117842,0.002,0.685528205,0.721471795,1.4044,-0.88%,1.5612,1.5971,2.2800,
5/1/2002,97.83659964,0.004,0.682428205,0.718071795,1.3953,-0.77%,1.4538,1.4895,2.1667,
6/1/2002,97.73479257,0.012,0.667494872,0.701805128,1.3537,-0.72%,1.3888,1.4231,2.0750,
7/1/2002,97.32756427,0.008,0.643197436,0.676502564,1.3093,-0.78%,1.4186,1.4519,2.0847,
8/1/2002,97.63298549,0.002,0.616982051,0.649317949,1.2637,-0.77%,1.3900,1.4223,2.0367,
9/1/2002,97.63298549,0.002,0.570846154,0.600753846,1.169,-0.72%,1.2929,1.3228,1.8910,
10/1/2002,97.42937134,0.009,0.545892308,0.574007692,1.1082,-0.83%,1.3715,1.3996,1.9338,
11/1/2002,97.42937134,0.014,0.497682051,0.522917949,1.0024,-0.67%,1.1700,1.1953,1.6748,
12/1/2002,97.42937134,0.005,0.476774359,0.501525641,0.9718,-0.72%,1.2003,1.2250,1.6953,
1/1/2003,97.12395011,0.004,0.416525641,0.438174359,0.8495,-0.88%,1.2958,1.3174,1.7288,
2/1/2003,96.81852889,0.002,0.394535897,0.415164103,0.8071,-0.88%,1.2765,1.2972,1.6891,
3/1/2003,97.12395011,0.016,0.370205128,0.388594872,0.738,-0.67%,1.0447,1.0631,1.4125,
4/1/2003,97.42937134,0.012,0.330561538,0.347138462,0.6621,-0.57%,0.9004,0.9169,1.2319,
5/1/2003,97.63298549,0.006,0.284566667,0.299133333,0.5759,-0.52%,0.8019,0.8165,1.0932,
6/1/2003,97.32756427,0.007,0.274758974,0.288741026,0.5544,-0.57%,0.8452,0.8591,1.1248,
7/1/2003,97.12395011,0.012,0.489917949,0.514882051,0.9892,-0.52%,1.0099,1.0349,1.5092,
8/1/2003,97.32756427,0.018,0.569187179,0.597912821,1.1437,-0.57%,1.1396,1.1683,1.7141,
9/1/2003,97.42937134,0.034,0.731951282,0.768148718,1.4559,-0.47%,1.1989,1.2351,1.9228,
10/1/2003,97.42937134,0.013,0.694274359,0.729925641,1.4073,-0.47%,1.1612,1.1969,1.8742,
11/1/2003,96.92033596,0.004,0.678920513,0.714379487,1.3881,-0.47%,1.1483,1.1837,1.8575,
12/1/2003,97.02214304,0.003,0.660082051,0.694617949,1.3508,-0.37%,1.0253,1.0599,1.7161,
1/1/2004,96.81852889,0.006,0.651266667,0.685133333,1.3286,-0.37%,1.0173,1.0511,1.6946,
2/1/2004,96.81852889,0.004,0.609205128,0.640994872,1.245,-0.10%,0.7142,0.7460,1.3500,
3/1/2004,97.02214304,0.012,0.668128205,0.702471795,1.355,-0.10%,0.7729,0.8072,1.4598,
4/1/2004,97.02214304,0.012,0.742423077,0.780676923,1.5075,-0.26%,1.0037,1.0420,1.7688,
5/1/2004,97.12395011,0.005,0.732007692,0.770192308,1.4957,-0.36%,1.0969,1.1351,1.8606,
6/1/2004,97.32756427,0.015,0.869871795,0.914628205,1.765,-0.21%,1.0784,1.1232,1.9736,
7/1/2004,97.02214304,0.005,0.878892308,0.924807692,1.7972,-0.16%,1.0359,1.0818,1.9542,
8/1/2004,97.12395011,0.01,0.813825641,0.855974359,1.6568,-0.26%,1.0749,1.1170,1.9178,
9/1/2004,97.42937134,0.008,0.74214359,0.78065641,1.5124,-0.10%,0.8465,0.8850,1.6167,
10/1/2004,97.93840672,0.004,0.731682051,0.769917949,1.4964,0.26%,0.4708,0.5090,1.2355,
11/1/2004,97.73479257,0.001,0.716869231,0.754530769,1.4701,0.16%,0.5603,0.5979,1.3135,
12/1/2004,97.22575719,0.003,0.685853846,0.721746154,1.4037,-0.10%,0.7904,0.8263,1.5082,
1/1/2005,97.02214304,0.001,0.670587179,0.705812821,1.3751,-0.05%,0.7230,0.7582,1.4275,
2/1/2005,96.71672181,0.002,0.680948718,0.716651282,1.395,-0.05%,0.7335,0.7692,1.4476,
3/1/2005,97.02214304,0.008,0.714715385,0.751784615,1.4561,-0.05%,0.7671,0.8042,1.5085,
4/1/2005,97.12395011,0,0.643369231,0.677230769,1.3206,-0.16%,0.8002,0.8341,1.4775,
5/1/2005,97.22575719,0,0.619205128,0.651794872,1.271,-0.21%,0.8280,0.8606,1.4798,
6/1/2005,96.81852889,0,0.608487179,0.640512821,1.249,-0.26%,0.8703,0.9024,1.5108,
7/1/2005,96.71672181,0,0.615892308,0.648307692,1.2642,-0.21%,0.8258,0.8582,1.4741,
8/1/2005,96.81852889,0.001,0.690951282,0.727248718,1.4169,-0.26%,0.9528,0.9891,1.6787,
9/1/2005,97.12395011,0,0.674646154,0.710153846,1.3848,-0.16%,0.8315,0.8670,1.5417,
10/1/2005,97.12395011,0,0.750305128,0.789794872,1.5401,-0.16%,0.9072,0.9467,1.6970,
11/1/2005,96.71672181,0,0.743533333,0.782666667,1.5262,-0.11%,0.8486,0.8878,1.6313,
12/1/2005,96.81852889,0.003,0.754546154,0.794053846,1.5447,-0.10%,0.8595,0.8990,1.6497,
1/1/2006,96.92033596,0.004,0.721451282,0.759148718,1.4754,0.05%,0.6689,0.7066,1.4228,
2/1/2006,96.61491474,0.035,0.790689744,0.829910256,1.5751,-0.11%,0.8959,0.9351,1.6803,
3/1/2006,96.81852889,0.069,0.874302564,0.915597436,1.7002,-0.10%,0.9793,1.0206,1.8052,
4/1/2006,97.02214304,0.032,0.952917949,1.000882051,1.9122,0.00%,0.9529,1.0009,1.9122,
5/1/2006,97.32756427,0.239,1.096179487,1.137520513,1.923,0.10%,0.9914,1.0328,1.8182,
6/1/2006,97.32756427,0.34,1.142320513,1.179179487,1.8795,0.00%,1.1423,1.1792,1.8795,
7/1/2006,97.02214304,0.356,1.173107692,1.210492308,1.9208,0.00%,1.1731,1.2105,1.9208,
8/1/2006,97.73479257,0.373,1.141666667,1.176233333,1.833,0.31%,0.8277,0.8623,1.5190,
9/1/2006,97.73479257,0.338,1.047546154,1.079553846,1.6877,0.16%,0.8909,0.9229,1.5311,
10/1/2006,97.53117842,0.372,1.106702564,1.139497436,1.7626,-0.21%,1.3148,1.3476,1.9707,
11/1/2006,97.02214304,0.448,1.131402564,1.160297436,1.7093,-0.37%,1.4967,1.5255,2.0746,
12/1/2006,97.12395011,0.419,1.083423077,1.111776923,1.6505,-0.05%,1.1358,1.1641,1.7029,
1/1/2007,96.92033596,0.427,1.118961538,1.148638462,1.7125,-0.05%,1.1714,1.2011,1.7650,
2/1/2007,96.41130059,0.523,1.183546154,1.210053846,1.7137,-0.16%,1.3416,1.3681,1.8717,
3/1/2007,96.71672181,0.586,1.185694872,1.208005128,1.6319,-0.16%,1.3432,1.3655,1.7894,
4/1/2007,97.02214304,0.58,1.205712821,1.229487179,1.6812,-0.05%,1.2581,1.2819,1.7336,
5/1/2007,97.32756427,0.561,1.192607692,1.216992308,1.6803,0.05%,1.1403,1.1646,1.6280,
6/1/2007,97.12395011,0.633,1.344717949,1.372182051,1.894,0.16%,1.1871,1.2146,1.7364,
7/1/2007,97.02214304,0.672,1.371984615,1.398215385,1.8966,0.16%,1.2142,1.2404,1.7388,
8/1/2007,97.53117842,0.686,1.274771795,1.294928205,1.6779,0.37%,0.9074,0.9276,1.3105,
9/1/2007,97.53117842,0.549,1.156497436,1.179802564,1.6226,0.21%,0.9471,0.9704,1.4132,
10/1/2007,97.73479257,0.587,1.204192308,1.227407692,1.6685,0.31%,0.8902,0.9134,1.3545,
11/1/2007,97.63298549,0.557,1.1136,1.1341,1.5236,0.47%,0.6410,0.6615,1.0510,
12/1/2007,97.73479257,0.553,1.117558974,1.138541026,1.5372,0.47%,0.6455,0.6665,1.0651,
1/1/2008,97.63298549,0.543,1.065779487,1.084720513,1.4446,0.37%,0.6988,0.7177,1.0776,
2/1/2008,97.42937134,0.562,1.083464103,1.102035897,1.4549,0.42%,0.6629,0.6814,1.0343,
3/1/2008,97.83659964,0.623,1.05334359,1.06615641,1.3096,0.52%,0.5290,0.5418,0.7852,
4/1/2008,97.73479257,0.584,1.082687179,1.099712821,1.4232,0.37%,0.7161,0.7331,1.0566,
5/1/2008,98.54924917,0.584,1.201120513,1.224379487,1.6663,0.63%,0.5755,0.5987,1.0406,
6/1/2008,99.05828455,0.597,1.257092308,1.282407692,1.7634,0.89%,0.3719,0.3972,0.8782,
7/1/2008,99.2618987,0.582,1.174989744,1.197010256,1.6154,1.15%,0.0273,0.0493,0.4677,
8/1/2008,99.56731993,0.576,1.100251282,1.118748718,1.4702,0.93%,0.1671,0.1856,0.5371,
9/1/2008,99.56731993,0.639,1.151117949,1.167982051,1.4884,0.93%,0.2180,0.2348,0.5553,
10/1/2008,99.46551285,0.635,1.160387179,1.178012821,1.5129,0.99%,0.1736,0.1912,0.5261,
11/1/2008,98.54924917,0.446,1.015728205,1.038671795,1.4746,0.78%,0.2318,0.2548,0.6907,
12/1/2008,98.14202087,0.357,0.881807692,0.903792308,1.3215,0.52%,0.3591,0.3810,0.7988,
1/1/2009,97.63298549,0.241,0.773782051,0.798017949,1.2585,0.37%,0.4068,0.4310,0.8915,
2/1/2009,97.32756427,0.248,0.796523077,0.821476923,1.2956,0.47%,0.3225,0.3474,0.8215,
3/1/2009,97.63298549,0.272,0.820171795,0.844728205,1.3113,0.47%,0.3476,0.3722,0.8387,
4/1/2009,97.73479257,0.212,0.8399,0.8696,1.4339,0.37%,0.4733,0.5030,1.0673,
5/1/2009,97.53117842,0.198,0.83855641,0.86914359,1.4503,0.10%,0.7340,0.7646,1.3458,
6/1/2009,97.32756427,0.158,0.8248,0.8574,1.4768,0.10%,0.7200,0.7526,1.3720,
7/1/2009,97.02214304,0.165,0.769884615,0.799115385,1.3545,0.00%,0.7699,0.7991,1.3545,
8/1/2009,97.32756427,0.144,0.769574359,0.800225641,1.3826,-0.10%,0.8740,0.9047,1.4870,
9/1/2009,97.32756427,0.151,0.746130769,0.775069231,1.3249,-0.10%,0.8506,0.8795,1.4293,
10/1/2009,96.92033596,0.15,0.750384615,0.779615385,1.335,-0.42%,1.1679,1.1972,1.7525,
11/1/2009,96.71672181,0.154,0.764012821,0.793687179,1.3575,-0.47%,1.2344,1.2640,1.8278,
12/1/2009,96.51310766,0.121,0.702161538,0.730838462,1.2757,-0.63%,1.3291,1.3578,1.9027,
1/1/2010,96.61491474,0.116,0.729276923,0.759723077,1.3382,-0.52%,1.2520,1.2825,1.8609,
2/1/2010,96.61491474,0.118,0.732412821,0.762887179,1.3419,-0.42%,1.1513,1.1817,1.7608,
3/1/2010,96.81852889,0.119,0.740484615,0.771315385,1.3571,-0.52%,1.2621,1.2930,1.8788,
4/1/2010,96.81852889,0.118,0.742546154,0.773553846,1.3627,-0.47%,1.2124,1.2434,1.8326,
5/1/2010,96.81852889,0.112,0.700887179,0.730112821,1.2854,-0.88%,1.5829,1.6121,2.1674,
6/1/2010,96.61491474,0.116,0.671058974,0.698441026,1.2187,-1.24%,1.9121,1.9394,2.4597,
7/1/2010,96.10587936,0.112,0.614997436,0.639702564,1.1091,-1.60%,2.2176,2.2423,2.7117,
8/1/2010,96.20768643,0.105,0.553720513,0.575679487,0.9929,-1.70%,2.2553,2.2773,2.6945,
9/1/2010,96.41130059,0.11,0.595346154,0.619153846,1.0715,-1.60%,2.1930,2.2168,2.6691,
10/1/2010,96.71672181,0.107,0.507505128,0.526894872,0.8953,-1.39%,1.8990,1.9184,2.2868,
11/1/2010,96.41130059,0.118,0.585187179,0.607912821,1.0397,-1.09%,1.6758,1.6986,2.1304,
12/1/2010,96.20768643,0.13,0.669479487,0.695820513,1.1963,-0.99%,1.6599,1.6862,2.1867,
1/1/2011,96.10587936,0.108,0.664069231,0.691630769,1.2153,-0.79%,1.4492,1.4768,2.0004,
2/1/2011,96.10587936,0.116,0.702433333,0.731466667,1.2831,-0.63%,1.3320,1.3611,1.9127,
3/1/2011,96.30949351,0.114,0.688189744,0.716610256,1.2566,-0.68%,1.3683,1.3967,1.9367,
4/1/2011,96.41130059,0.103,0.689382051,0.718617949,1.2741,-0.68%,1.3688,1.3980,1.9535,
5/1/2011,96.41130059,0.104,0.625838462,0.651661538,1.1423,-0.58%,1.2016,1.2274,1.7181,
6/1/2011,96.30949351,0.092,0.61525641,0.64134359,1.137,-0.52%,1.1396,1.1657,1.6614,
7/1/2011,96.30949351,0.097,0.611233333,0.636766667,1.1219,-0.37%,0.9792,1.0047,1.4898,
8/1/2011,96.41130059,0.095,0.566930769,0.590269231,1.0337,-0.47%,1.0388,1.0621,1.5055,
9/1/2011,96.41130059,0.094,0.556812821,0.579687179,1.0143,-0.47%,1.0286,1.0515,1.4861,
10/1/2011,96.51310766,0.102,0.562048718,0.584651282,1.0141,-0.21%,0.7724,0.7950,1.2244,
11/1/2011,95.90226521,0.102,0.55274359,0.57485641,0.995,-0.42%,0.9747,0.9968,1.4169,
12/1/2011,96.00407228,0.1,0.56105641,0.58374359,1.0148,-0.26%,0.8251,0.8478,1.2789,
1/1/2012,96.20768643,0.101,0.546182051,0.568017949,0.9829,-0.21%,0.7572,0.7790,1.1939,
2/1/2012,96.41130059,0.103,0.544397436,0.566002564,0.9765,-0.11%,0.6498,0.6714,1.0819,
3/1/2012,96.81852889,0.102,0.560635897,0.583164103,1.0112,0.00%,0.5606,0.5832,1.0112,
4/1/2012,96.92033596,0.1,0.536405128,0.557794872,0.9642,0.05%,0.4838,0.5052,0.9116,
5/1/2012,96.61491474,0.1,0.488125641,0.506974359,0.8651,-0.11%,0.5933,0.6122,0.9703,
6/1/2012,96.10587936,0.099,0.478933333,0.497366667,0.8476,-0.26%,0.7427,0.7611,1.1114,
7/1/2012,95.80045813,0.099,0.445512821,0.462187179,0.779,-0.16%,0.6045,0.6212,0.9380,
8/1/2012,96.00407228,0.099,0.458715385,0.476084615,0.8061,-0.11%,0.5646,0.5820,0.9120,
9/1/2012,96.10587936,0.098,0.45634359,0.47365641,0.8026,-0.16%,0.6149,0.6322,0.9611,
10/1/2012,96.10587936,0.099,0.443125641,0.459674359,0.7741,-0.32%,0.7594,0.7760,1.0904,
11/1/2012,95.80045813,0.099,0.429971795,0.445828205,0.7471,-0.32%,0.7473,0.7631,1.0644,
12/1/2012,95.80045813,0.094,0.423617949,0.439482051,0.7409,-0.21%,0.6355,0.6513,0.9528,
1/1/2013,95.90226521,0.096,0.442733333,0.459466667,0.7774,-0.11%,0.5487,0.5655,0.8834,
2/1/2013,95.69865106,0.077,0.415694872,0.432305128,0.7479,-0.21%,0.6278,0.6444,0.9600,
3/1/2013,95.90226521,0.042,0.325179487,0.339420513,0.61,-0.21%,0.5368,0.5511,0.8216,
4/1/2013,96.20768643,0.088,0.341474359,0.353425641,0.5805,-0.11%,0.4471,0.4591,0.6862,
5/1/2013,96.30949351,0.094,0.443592308,0.460507692,0.7819,-0.05%,0.4964,0.5133,0.8347,
6/1/2013,96.30949351,0.094,0.478230769,0.496969231,0.853,0.00%,0.4782,0.4970,0.8530,
7/1/2013,96.51310766,0.094,0.466684615,0.484815385,0.8293,0.11%,0.3610,0.3792,0.7236,
8/1/2013,96.81852889,0.088,0.428679487,0.445220513,0.7595,0.21%,0.2177,0.2342,0.5485,
9/1/2013,97.12395011,0.023,0.370194872,0.388105128,0.7284,0.37%,0.0013,0.0192,0.3595,
10/1/2013,97.22575719,0.072,0.359551282,0.373548718,0.6395,0.37%,-0.0090,0.0050,0.2710,
11/1/2013,97.22575719,0.058,0.338282051,0.352117949,0.615,0.69%,-0.3494,-0.3355,-0.0727,
12/1/2013,97.32756427,0.057,0.365628205,0.380971795,0.6725,0.69%,-0.3213,-0.3060,-0.0144,
1/1/2014,97.22575719,0.058,0.364297436,0.379502564,0.6684,0.53%,-0.1634,-0.1482,0.1407,
2/1/2014,97.22575719,0.054,0.330110256,0.343789744,0.6037,0.42%,-0.0914,-0.0777,0.1822,
3/1/2014,97.42937134,0.033,0.324051282,0.338848718,0.62,0.31%,0.0091,0.0239,0.3050,
4/1/2014,99.46551285,0.064,0.343694872,0.357405128,0.6179,1.30%,-0.9608,-0.9471,-0.6866,
5/1/2014,99.87274116,0.039,0.317576923,0.331623077,0.5985,1.67%,-1.3544,-1.3404,-1.0735,
6/1/2014,99.77093408,0.024,0.30504359,0.31945641,0.5933,1.89%,-1.5839,-1.5695,-1.2956,
7/1/2014,99.87274116,0.026,0.283966667,0.297133333,0.5473,2.10%,-1.8193,-1.8061,-1.5560,
8/1/2014,100.0763553,0.029,0.270133333,0.282366667,0.5148,2.10%,-1.8287,-1.8165,-1.5841,
9/1/2014,100.2799695,0.003,0.265320513,0.279079487,0.5405,2.15%,-1.8832,-1.8694,-1.6080,
10/1/2014,99.97454823,-0.004,0.236587179,0.249312821,0.4911,1.99%,-1.7563,-1.7435,-1.5018,
11/1/2014,99.669127,-0.014,0.219835897,0.232364103,0.4704,2.00%,-1.7793,-1.7668,-1.5287,
12/1/2014,99.669127,-0.006,0.182638462,0.192661538,0.3831,2.00%,-1.8165,-1.8065,-1.6160,
1/1/2015,99.56731993,-0.005,0.128935897,0.136064103,0.2715,1.89%,-1.7640,-1.7568,-1.6214,
2/1/2015,99.36370578,0.004,0.185797436,0.195302564,0.3759,1.90%,-1.7111,-1.7016,-1.5210,
3/1/2015,99.669127,0.016,0.195453846,0.204646154,0.3793,1.94%,-1.7495,-1.7403,-1.5657,
4/1/2015,100.1781624,-0.006,0.156476923,0.165123077,0.3294,2.04%,-1.8862,-1.8775,-1.7132,
5/1/2015,100.4835836,0.001,0.196512821,0.206787179,0.402,2.14%,-1.9475,-1.9372,-1.7420,
6/1/2015,100.1781624,-0.001,0.227820513,0.239879487,0.469,1.99%,-1.7609,-1.7488,-1.5197,
7/1/2015,100.0763553,-0.003,0.212748718,0.224151282,0.4408,1.83%,-1.6165,-1.6051,-1.3885,
8/1/2015,100.1781624,-0.006,0.184538462,0.194661538,0.387,1.72%,-1.5357,-1.5256,-1.3332,
9/1/2015,100.2799695,-0.035,0.153269231,0.163730769,0.3625,1.61%,-1.4585,-1.4480,-1.2492,
10/1/2015,100.2799695,-0.004,0.152938462,0.161261538,0.3194,1.56%,-1.4056,-1.3973,-1.2391,
11/1/2015,99.87274116,-0.086,0.095105128,0.105994872,0.3129,1.35%,-1.2570,-1.2461,-1.0392,
12/1/2015,99.87274116,-0.021,0.1323,0.1407,0.3003,1.30%,-1.1668,-1.1584,-0.9988,
1/1/2016,99.46551285,-0.021,0.095225641,0.101674359,0.2242,1.15%,-1.0500,-1.0436,-0.9211,
2/1/2016,99.56731993,-0.107,-0.060566667,-0.056433333,0.0221,1.20%,-1.2576,-1.2535,-1.1749,
3/1/2016,99.669127,-0.104,-0.096469231,-0.094430769,-0.0557,1.14%,-1.2394,-1.2373,-1.1986,
4/1/2016,99.87274116,-0.204,-0.177946154,-0.173353846,-0.0861,0.20%,-0.3824,-0.3779,-0.2906,
5/1/2016,99.97454823,-0.273,-0.231351282,-0.224848718,-0.1013,0.05%,-0.2823,-0.2758,-0.1523,
6/1/2016,99.87274116,-0.244,-0.237594872,-0.233405128,-0.1538,0.05%,-0.2886,-0.2844,-0.2048,
7/1/2016,99.669127,-0.269,-0.300689744,-0.298110256,-0.2491,-0.10%,-0.1987,-0.1961,-0.1471,
8/1/2016,99.669127,-0.228,-0.191412821,-0.185887179,-0.0809,-0.20%,0.0123,0.0178,0.1228,
9/1/2016,99.77093408,-0.329,-0.238138462,-0.228161538,-0.0386,-0.25%,0.0160,0.0260,0.2155,
10/1/2016,100.3817765,-0.257,-0.199102564,-0.191997436,-0.057,0.20%,-0.4026,-0.3955,-0.2605,
11/1/2016,100.3817765,-0.287,-0.195815385,-0.186484615,-0.0092,0.36%,-0.5527,-0.5434,-0.3661,
12/1/2016,100.1781624,-0.412,-0.245484615,-0.230215385,0.0599,0.26%,-0.5005,-0.4853,-0.1951,
1/1/2017,99.97454823,-0.261,-0.142869231,-0.132530769,0.0639,0.20%,-0.3472,-0.3368,-0.1404,
2/1/2017,99.87274116,-0.31,-0.163892308,-0.151307692,0.0878,0.26%,-0.4197,-0.4071,-0.1680,
3/1/2017,99.87274116,-0.223,-0.113005128,-0.103694872,0.0732,0.10%,-0.2151,-0.2058,-0.0289,
4/1/2017,100.2799695,-0.131,-0.072133333,-0.066966667,0.0312,0.05%,-0.1229,-0.1178,-0.0196,
5/1/2017,100.3817765,-0.125,-0.063407692,-0.058192308,0.0409,-0.05%,-0.0127,-0.0075,0.0916,
6/1/2017,100.2799695,-0.085,-0.028507692,-0.024192308,0.0578,0.05%,-0.0793,-0.0750,0.0070,
7/1/2017,100.0763553,-0.111,-0.034782051,-0.029017949,0.0805,0.00%,-0.0348,-0.0290,0.0805,
8/1/2017,100.2799695,-0.178,-0.097474359,-0.090425641,0.0435,0.05%,-0.1483,-0.1412,-0.0073,
9/1/2017,100.5853907,-0.145,-0.084194872,-0.078705128,0.0256,0.15%,-0.2364,-0.2309,-0.1266,
10/1/2017,100.5853907,-0.175,-0.084512821,-0.076987179,0.066,0.15%,-0.2367,-0.2292,-0.0862,
11/1/2017,100.8908119,-0.223,-0.130007692,-0.121592308,0.0383,0.51%,-0.6384,-0.6300,-0.4701,
12/1/2017,101.1962331,-0.163,-0.084697436,-0.078002564,0.0492,0.66%,-0.7451,-0.7384,-0.6112,
1/1/2018,101.2980402,-0.139,-0.055202564,-0.048597436,0.0769,0.92%,-0.9722,-0.9656,-0.8401,
2/1/2018,101.2980402,-0.176,-0.084838462,-0.077261538,0.0667,0.87%,-0.9502,-0.9426,-0.7987,
3/1/2018,100.992619,-0.14,-0.071702564,-0.065897436,0.0444,0.66%,-0.7335,-0.7277,-0.6174,
4/1/2018,100.8908119,-0.12,-0.059051282,-0.053948718,0.043,0.51%,-0.5674,-0.5623,-0.4654,
5/1/2018,101.0944261,-0.13,-0.063623077,-0.058076923,0.0473,0.56%,-0.6221,-0.6166,-0.5112,
6/1/2018,100.992619,-0.115,-0.056984615,-0.052115385,0.0404,0.56%,-0.6161,-0.6112,-0.5187,
7/1/2018,100.992619,-0.165,-0.084471795,-0.077628205,0.0524,0.66%,-0.7462,-0.7394,-0.6094,
8/1/2018,101.6034614,-0.14,-0.043007692,-0.035692308,0.1033,0.97%,-1.0087,-1.0014,-0.8624,
9/1/2018,101.7052685,-0.11,-0.016235897,-0.009564103,0.1172,0.96%,-0.9810,-0.9743,-0.8475,
10/1/2018,102.0106897,-0.295,-0.128217949,-0.114782051,0.1405,0.81%,-0.9363,-0.9229,-0.6676,
11/1/2018,101.8070756,-0.275,-0.130620513,-0.118679487,0.1082,0.71%,-0.8381,-0.8261,-0.5992,
12/1/2018,101.5016544,-0.15,-0.079733333,-0.073666667,0.0416,0.66%,-0.7381,-0.7321,-0.6168,
1/1/2019,101.5016544,-0.24,-0.156394872,-0.148205128,0.0074,0.76%,-0.9172,-0.9091,-0.7535,
2/1/2019,101.5016544,-0.18,-0.130717949,-0.125282051,-0.022,0.81%,-0.9429,-0.9375,-0.8342,
3/1/2019,101.5016544,-0.17,-0.133210256,-0.128589744,-0.0408,0.81%,-0.9454,-0.9408,-0.8530,
4/1/2019,101.8070756,-0.16,-0.125861538,-0.121538462,-0.0394,0.76%,-0.8844,-0.8801,-0.7979,
5/1/2019,101.8070756,-0.155,-0.132661538,-0.129038462,-0.0602,0.71%,-0.8401,-0.8365,-0.7676,
6/1/2019,101.6034614,-0.125,-0.146910256,-0.146089744,-0.1305,0.66%,-0.8046,-0.8038,-0.7882,
7/1/2019,101.6034614,-0.115,-0.145407692,-0.145192308,-0.1411,0.76%,-0.9055,-0.9053,-0.9012,
8/1/2019,101.8070756,-0.155,-0.213776923,-0.214423077,-0.2267,0.76%,-0.9723,-0.9730,-0.9852,
9/1/2019,101.9088827,-0.335,-0.335238462,-0.329961538,-0.2297,0.66%,-0.9910,-0.9857,-0.8854,
10/1/2019,102.2143039,-0.19,-0.207051282,-0.204948718,-0.165,0.81%,-1.0135,-1.0114,-0.9715,
11/1/2019,102.316111,-0.205,-0.179246154,-0.174653846,-0.0874,0.70%,-0.8831,-0.8785,-0.7913,
12/1/2019,102.316111,-0.1,-0.073535897,-0.070564103,-0.0141,0.55%,-0.6253,-0.6224,-0.5659,
1/1/2020,102.316111,-0.125,-0.091030769,-0.087269231,-0.0158,0.50%,-0.5923,-0.5885,-0.5171,
2/1/2020,102.1124968,-0.125,-0.111882051,-0.109217949,-0.0586,0.40%,-0.5131,-0.5104,-0.4598,
3/1/2020,102.1124968,-0.205,-0.150648718,-0.144551282,-0.0287,0.55%,-0.7036,-0.6975,-0.5816,
4/1/2020,102.0106897,-0.15,-0.100389744,-0.095410256,-0.0008,0.55%,-0.6539,-0.6489,-0.5543,
5/1/2020,101.9088827,-0.11,-0.075866667,-0.072333333,-0.0052,0.40%,-0.4779,-0.4743,-0.4072,
6/1/2020,101.7052685,-0.09,-0.052546154,-0.049153846,0.0153,0.35%,-0.4047,-0.4014,-0.3369,
7/1/2020,101.8070756,-0.085,-0.045071795,-0.041628205,0.0238,0.40%,-0.4475,-0.4440,-0.3786,
8/1/2020,101.9088827,-0.115,-0.062197436,-0.057602564,0.0297,0.15%,-0.2124,-0.2078,-0.1205,
9/1/2020,101.7052685,-0.175,-0.105412821,-0.098987179,0.0231,0.00%,-0.1054,-0.0990,0.0231,
10/1/2020,101.6034614,-0.085,-0.041466667,-0.037833333,0.0312,-0.20%,0.1583,0.1620,0.2310,
11/1/2020,101.2980402,-0.085,-0.044487179,-0.041012821,0.025,-0.25%,0.2058,0.2093,0.2753,
12/1/2020,101.0944261,-0.1,-0.059066667,-0.055333333,0.0156,-0.20%,0.1417,0.1455,0.2164,
1/1/2021,101.6034614,-0.085,-0.040297436,-0.036602564,0.0336,0.05%,-0.0904,-0.0867,-0.0165,
2/1/2021,101.6034614,-0.1,-0.026035897,-0.020564103,0.0834,0.05%,-0.0762,-0.0707,0.0333,
3/1/2021,101.7052685,-0.095,-0.0133,-0.0075,0.1027,0.10%,-0.1136,-0.1078,0.0024,
4/1/2021,100.8908119,-0.105,-0.025325641,-0.019474359,0.0917,-0.45%,0.4257,0.4315,0.5427,
5/1/2021,101.1962331,-0.105,-0.030684615,-0.025115385,0.0807,-0.30%,0.2698,0.2753,0.3812,
6/1/2021,101.2980402,-0.1,-0.038020513,-0.033179487,0.0588,-0.15%,0.1124,0.1172,0.2092,
7/1/2021,101.5016544,-0.105,-0.059233333,-0.055166667,0.0221,-0.05%,-0.0091,-0.0051,0.0722,
8/1/2021,101.5016544,-0.115,-0.068579487,-0.064320513,0.0166,-0.15%,0.0815,0.0858,0.1667,
9/1/2021,101.9088827,-0.14,-0.072189744,-0.066410256,0.0434,0.00%,-0.0722,-0.0664,0.0434,
10/1/2021,101.7052685,-0.115,-0.035938462,-0.029961538,0.0836,-0.25%,0.2134,0.2194,0.3329,
11/1/2021,101.9088827,-0.155,-0.067476923,-0.060423077,0.0736,-0.20%,0.1317,0.1388,0.2728,
12/1/2021,101.9088827,-0.125,-0.057561538,-0.052038462,0.0529,-0.20%,0.1416,0.1472,0.2521,
1/1/2022,102.1124968,-0.095,0.001266667,0.007833333,0.1326,-0.10%,0.1008,0.1074,0.2322,
2/1/2022,102.5197251,-0.08,0.045466667,0.053333333,0.2028,0.20%,-0.1537,-0.1459,0.0036,
3/1/2022,102.9269534,-0.08,0.041910256,0.049589744,0.1955,0.40%,-0.3561,-0.3484,-0.2025,
4/1/2022,103.3341817,-0.145,0.017820513,0.028679487,0.235,0.65%,-0.6288,-0.6179,-0.4116,
5/1/2022,103.639603,-0.095,0.051446154,0.060653846,0.2356,0.85%,-0.7941,-0.7849,-0.6100,
6/1/2022,103.639603,-0.15,0.016923077,0.028076923,0.24,0.95%,-0.9295,-0.9184,-0.7065,
7/1/2022,104.1486383,-0.15,0.009907692,0.020692308,0.2256,1.14%,-1.1336,-1.1228,-0.9179,
8/1/2022,104.5558666,-0.115,0.01935641,0.02824359,0.1971,1.29%,-1.2710,-1.2621,-1.0933,
9/1/2022,104.9630949,-0.245,-0.043146154,-0.028653846,0.2467,1.59%,-1.6321,-1.6176,-1.3423,
