,AUSTRALIA,AUSTRIA,BELGIUM,CANADA,DENMARK,FRANCE,GERMANY,HONG KONG,ITALY,JAPAN,MALAYSIA,NETHERLANDS,NORWAY,PORTUGAL,SPAIN,SWEDEN,SWITZERLAND,UK,US
,EWA,EWO,EWK,EWC,EDEN,EWQ,EWG,EWH,EWI,EWJ,NoETF,EWN,ENOR,PGAL,EWP,EWD,EWL,EWU,SPY
197501,0.2029,,0.1812,,,0.2501,0.1253,0.3326,0.1551,0.0527,,0.2475,0.1102,,0.0318,0.1143,0.2318,0.549,0.1272
197502,0.0258,,0.0702,,,0.0217,0.1347,0.1018,0.1052,0.149,,0.089,0.0313,,0.0557,0.0928,0.0797,0.267,0.06378
197503,-0.0297,,-0.0139,,,0.0747,-0.0142,0.0578,-0.033,0.0213,,-0.0102,-0.0426,,-0.0438,-0.023,-0.0072,-0.0744,0.02537
197504,-0.0122,,0.0671,,,0.0885,0.0178,0.1487,-0.0133,0.0019,,0.0254,0.0609,,0.0379,0.0374,0.0534,0.1546,0.05099
197505,0.1002,,-0.0005,,,-0.024,-0.0586,-0.0098,-0.0147,-0.0021,,-0.0409,-0.0207,,-0.0439,-0.0249,-0.0171,0.0346,0.04764
197506,-0.0318,,-0.0304,,,-0.0576,0.002,0.0172,-0.1169,0.014,,0.0232,-0.0129,,-0.0508,0.0366,-0.0304,-0.1525,0.04773
197507,-0.0394,,-0.0512,,,0.0012,-0.0109,-0.0614,-0.1168,-0.0528,,-0.0605,-0.0259,,-0.0515,-0.0532,-0.0539,-0.0475,-0.0644
197508,-0.0209,,-0.0095,,,-0.0012,-0.0467,-0.0224,-0.0056,-0.0441,,-0.0022,-0.0306,,0.0186,-0.0323,-0.0437,0.1282,-0.01758
197509,0.0663,,-0.1007,,,-0.0704,-0.0425,0.0112,-0.0486,-0.0635,,-0.0863,-0.1706,,-0.0515,0.0175,-0.0833,-0.0126,-0.03119
197510,0.0296,,0.0276,,,0.0781,0.1246,0.0434,0.0393,0.11,,0.0922,0.0387,,0.0518,0.0542,0.1488,0.0597,0.06534
197511,0.0711,,0.0469,,,0.0402,0.028,0.0192,0.0292,0.009,,0.0743,-0.072,,0.1221,-0.0163,0.0402,-0.02,0.02819
197512,0.0348,,0.0038,,,-0.0099,0.0111,0.127,0.001,0.0111,,0.0574,0.0099,,-0.0259,0.0225,0.0484,0.0463,-0.00811
197601,0.0233,,0.0965,,,0.0178,0.0227,0.2106,-0.0298,0.0561,,0.0781,0.1991,,-0.0499,0.0463,0.0408,0.0971,0.12174
197602,0.0189,,-0.0153,,,0.0472,0.0134,0.0771,-0.0053,0.0094,,-0.0119,-0.0675,,-0.1435,0.0127,0.001,-0.0307,-0.00843
197603,-0.023,,-0.0141,,,-0.0688,0.0395,0.0246,-0.184,0.001,,0.0417,-0.0385,,-0.0541,0.0255,0.0116,-0.0623,0.0337
197604,0.0296,,-0.0129,,,-0.0408,-0.0557,-0.0623,-0.1095,0.009,,0.0059,-0.0185,,0.0863,0.1079,-0.0085,0.0044,-0.00779
197605,0.0152,,-0.0606,,,-0.0127,-0.0294,-0.0467,0.0702,0.0072,,-0.0324,-0.0253,,-0.0327,-0.052,0.0106,-0.1019,-0.01112
197606,0.0132,,0.0067,,,-0.0194,0.0176,0.0211,0.0692,0.0474,,-0.0161,0.0757,,-0.0701,0.0009,0.0191,0.0005,0.04432
197607,0.1093,,0.0193,,,-0.0827,-0.0103,-0.0171,0.0463,-0.0142,,0.007,0.0309,,-0.0063,0.01,0.0044,-0.0268,-0.0048
197608,0.0007,,-0.0215,,,-0.0021,0.0019,0.0294,-0.031,0.0378,,-0.0108,-0.0225,,-0.0263,-0.046,0.0034,-0.0501,-0.00184
197609,-0.0781,,0.0042,,,-0.0619,0.0534,-0.0064,-0.0837,0.0071,,-0.0072,0.0284,,0.0113,-0.0271,-0.0043,-0.1039,0.02585
197610,-0.0588,,-0.0272,,,-0.0741,-0.0599,-0.0398,-0.1219,-0.0483,,-0.0086,-0.0408,,-0.0704,-0.0752,-0.0303,-0.1361,-0.01862
197611,-0.2051,,0.0732,,,-0.0342,0.0522,0.0563,0.0598,-0.0084,,0.0414,0.0422,,0.0421,0.0396,0.008,0.0995,-0.00408
197612,0.1243,,0.0442,,,0.1238,0.0279,0.1411,0.035,0.1506,,0.0675,0.0041,,-0.078,0.064,0.0645,0.227,0.05612
197701,0.0251,,-0.0189,-0.0324,,-0.0165,-0.0137,-0.0285,-0.0645,-0.0313,,-0.0007,-0.0351,,-0.0678,-0.0886,-0.0085,0.1029,-0.04728
197702,-0.026,,0.0325,-0.0036,,-0.0421,-0.011,-0.0152,-0.0156,0.0522,,0.0322,-0.0344,,0.0702,0.1099,-0.022,0.0249,-0.01823
197703,0.0598,,-0.025,0.0049,,-0.0963,0.0346,-0.0233,-0.0155,-0.0075,,0.0247,0.014,,-0.0467,0.0257,0.013,0.04,-0.01052
197704,-0.005,,0.0319,-0.0182,,-0.0192,0.0853,0.0532,-0.042,0.0155,,0.0982,-0.0592,,0.0134,-0.0481,0.0129,0.0318,0.00416
197705,0.0467,,-0.0022,-0.0193,,0.0503,-0.0175,-0.0165,-0.0376,-0.0057,,-0.0522,-0.0324,,-0.0536,-0.0236,-0.0288,0.0311,-0.01961
197706,0.0035,,0.0343,0.0472,,0.0672,-0.0184,0.0121,0.0568,0.0363,,0.0082,0.0208,,-0.0033,-0.0968,0.0287,0.0343,0.04942
197707,-0.0541,,0.0336,-0.0041,,-0.0262,0.0377,-0.0421,-0.0708,-0.0078,,0.0181,0.0006,,-0.2768,-0.0104,0.0271,-0.0138,-0.01543
197708,-0.0488,,-0.0271,-0.0386,,0.0783,0.0078,0.0258,0.2003,0.0528,,-0.0432,-0.0765,,0.0014,-0.1472,0.0364,0.1244,-0.01421
197709,-0.0008,,0.0016,0.0017,,0.0606,0.0208,-0.0253,-0.0339,0.0077,,0.0248,0.0376,,-0.1249,0.0609,0.1194,0.0872,0.00155
197710,0.0683,,0.0112,-0.0652,,0.0468,0.0524,0.0005,-0.0662,0.0234,,0.0145,-0.0145,,0.0159,-0.0386,-0.002,0.0197,-0.03896
197711,-0.023,,-0.0051,0.0627,,-0.0409,0.0216,0.0103,-0.0507,0.0018,,0.0219,-0.0257,,0.0118,-0.0623,0.0389,-0.0521,0.03163
197712,0.0872,,0.0615,0.0596,,0.0006,0.0509,-0.0211,-0.0093,0.0104,,0.0218,0.0069,,0.0965,0.1161,0.0797,0.0734,0.00749
197801,-0.0428,,0.0404,-0.0746,,-0.0588,0.0118,0.0149,0.0706,0.039,,0.0124,-0.0543,,-0.0371,0.1059,0.0471,-0.0253,-0.05742
197802,-0.0527,,0.0423,-0.0003,,0.0196,0.045,0.0206,0.0569,0.0336,,0.0305,-0.0279,,-0.0277,-0.0213,0.0156,-0.0519,-0.02028
197803,0.0551,,0.0259,0.0423,,0.2753,0.0065,0.0905,0.0425,0.1282,,0.037,0.0105,,0.0386,0.078,-0.012,0.0264,0.02941
197804,0.0635,,0.0523,0.0161,,0.0464,-0.048,0.0123,-0.013,-0.0017,,-0.0171,0.0028,,0.0659,0.0499,-0.073,0.0018,0.09024
197805,0.0488,,-0.0466,0.046,,0.0583,0.0063,0.0216,0.0571,0.0001,,0.0153,0.0306,,0.0362,-0.039,0.0408,0.0415,0.00919
197806,0.0002,,-0.0055,-0.0038,,-0.0227,0.0325,0.1837,-0.0805,0.1036,,0.0183,-0.0529,,0.0219,0.0405,0.0446,-0.0053,-0.01377
197807,0.0686,,0.0514,0.0604,,0.1497,0.0516,0.0528,0.0161,0.0842,,0.0342,0.0629,,0.074,0.0894,0.063,0.1037,0.05831
197808,0.0624,,0.0494,0.0216,,-0.0136,0.048,0.1524,0.0848,-0.0035,,0.0798,0.1895,,0.0166,0.0216,0.0703,0.0382,0.0301
197809,0.0377,,0.0518,0.0244,,0.1562,0.0552,-0.0606,0.211,0.0251,,0.0033,0.0576,,-0.0036,-0.0234,0.0266,0.0145,-0.0032
197810,-0.0404,,0.0916,-0.0362,,0.0318,0.0947,0.0658,-0.0168,0.0801,,0.0341,-0.0548,,0.0605,0.0195,0.0164,0.0236,-0.08718
197811,-0.0509,,-0.0845,0.0601,,-0.1127,-0.1073,-0.2652,-0.0987,-0.0945,,-0.0804,-0.0496,,-0.1107,-0.0582,-0.1156,-0.0461,0.02147
197812,0.0611,,0.0632,0.0257,,0.0814,0.0573,0.003,0.0079,0.0427,,0.0494,0.0107,,0.0141,0.0313,0.0922,0.0348,0.01964
197901,0.0384,,0.0475,0.02,,-0.0246,-0.012,0.111,0.0382,-0.0047,,0.0358,0.0632,,-0.043,0.0761,0.0538,-0.0016,0.04432
197902,0.0324,,0.0203,0.0333,,-0.0589,-0.0193,-0.0391,0.057,-0.0354,,-0.0147,0.1236,,0.0645,-0.0459,-0.0014,0.0892,-0.03213
197903,0.0124,,0.0144,0.1015,,0.0496,-0.0194,-0.0114,0.0202,-0.0317,,0.043,0.0264,,0.1504,0.0026,-0.0003,0.1521,0.05963
197904,-0.0295,,-0.0068,0.0313,,0.0488,-0.0145,-0.0039,-0.0529,-0.024,,0.0038,0.1347,,-0.0404,-0.054,-0.0025,0.0501,0.00629
197905,0.0314,,-0.0106,0.0271,,-0.0628,-0.0471,0.0343,0.033,-0.0016,,-0.0443,0.1209,,0.0045,-0.0157,-0.033,-0.0603,-0.02172
197906,-0.0095,,0.0418,0.0724,,0.1467,0.0093,-0.0416,0.0235,0.0087,,0.0667,0.1902,,0.0289,0.0015,0.0395,0.0038,0.0435
197907,0.0352,,0.0132,-0.047,,0.0008,0.046,0.1144,0.0593,-0.0033,,0.0104,-0.0047,,-0.0362,0.0466,0.0089,0.0123,0.01341
197908,0.1169,,0.0101,0.1095,,0.0786,0.0225,-0.0135,0.0895,0.0051,,0.0457,0.0192,,0.0122,-0.0097,0.0285,0.0298,0.05771
197909,0.0679,,0.0607,0.065,,0.1515,0.055,0.1842,0.0424,0.0166,,0.0543,0.1665,,-0.0403,0.0197,0.0815,0.016,0.0043
197910,-0.0174,,-0.064,-0.1034,,-0.1157,-0.0808,-0.027,-0.0857,-0.0789,,-0.0632,0.0742,,-0.0573,-0.0232,-0.0876,-0.11,-0.06403
197911,-0.0253,,0.0285,0.1031,,0.0753,0.0575,0.1437,-0.0132,-0.0399,,0.0163,0.1894,,-0.0325,0.0336,0.0175,0.0485,0.04753
197912,0.1193,,0.0316,0.0636,,-0.0034,-0.0112,0.1655,-0.0022,0.0586,,0.0171,-0.0197,,0.0738,0.0381,0.0279,0.0011,0.02138
198001,0.1909,,0.0096,0.1139,,0.0801,0.0049,0.0641,0.0973,0.0196,,0.0195,0.0212,,-0.0191,0.0646,0.0081,0.1157,0.06216
198002,0.0269,,-0.0446,0.1364,,-0.0106,0.0045,-0.0131,0.0126,-0.0386,,-0.0169,-0.0624,,0.0443,-0.0163,-0.0627,0.058,-0.00009
198003,-0.1794,,-0.1563,-0.2161,,-0.1576,-0.1522,-0.1821,-0.1057,-0.03,,-0.1553,-0.2672,,-0.0863,-0.0575,-0.1505,-0.1387,-0.09722
198004,0.0688,,0.173,0.0366,,0.1094,0.1135,0.1644,0.0986,0.0764,,0.1355,0.157,,-0.0123,0.0665,0.1372,0.089,0.04623
198005,0.1432,,0.0071,0.0838,,0.0654,0.0411,0.0342,0.0382,0.0622,,0.0383,0.1313,,0.0543,-0.0028,0.0082,0.008,0.05147
198006,0.0708,,0.0236,0.0751,,0.0199,0.044,0.1907,0.0428,0.0448,,0.0465,-0.0096,,0.0693,0.02,0.065,0.129,0.03164
198007,0,,-0.0126,0.0511,,-0.0409,0.0149,0.1026,0.1115,-0.0502,,0.0359,-0.0338,,-0.0137,0.0064,0.0047,0.0335,0.06959
198008,0.0594,,-0.0203,-0.0041,,0.027,-0.0205,0.0477,0.0786,0.0633,,-0.0086,-0.04,,0.007,-0.0298,0.0058,0.0294,0.01011
198009,0.0527,,-0.0181,-0.0069,,0.0001,-0.0062,-0.0164,0.1298,0.0581,,0.0012,0.1095,,0.0561,0.0051,-0.001,0.0324,0.02942
198010,0.0493,,-0.0546,-0.0324,,0.0456,-0.07,0.2298,0.2412,0.0301,,0.0435,-0.0262,,-0.0052,0.0621,-0.0248,0.0845,0.02025
198011,-0.0177,,-0.0404,0.0435,,-0.0345,0.0037,-0.04,-0.0803,-0.0328,,0.0421,-0.0367,,-0.0463,0.0618,-0.0216,-0.0218,0.10654
198012,-0.0047,,-0.029,-0.0637,,-0.0726,-0.0356,0.0298,0.001,0.0734,,-0.0576,-0.0785,,0.0091,0.0297,-0.0031,-0.0453,-0.03017
198101,-0.0986,,-0.0659,0.0059,,-0.117,-0.0919,0.051,0.1526,0.0227,,-0.055,-0.0547,,0.0195,-0.0551,-0.1172,-0.0072,-0.04184
198102,-0.0303,,-0.0012,-0.0224,,0.016,0.0002,-0.0616,0.0671,-0.0179,,-0.0027,-0.0445,,-0.0035,0.1156,0.0012,-0.031,0.01737
198103,0.0979,,-0.0091,0.0817,,0.042,0.0492,-0.0641,0.0281,0.0567,,-0.0415,-0.0344,,0.0374,0.0687,0.0226,0.0273,0.03999
198104,-0.012,,-0.0484,-0.0138,,-0.1011,-0.003,0.0342,0.0502,0.067,,-0.0349,-0.0392,,-0.0005,-0.0644,-0.0707,0.0348,-0.01933
198105,0.0014,,-0.1377,0.0459,,-0.238,-0.072,0.1493,0.0044,-0.029,,-0.0794,-0.1341,,0.0171,0.0363,-0.0686,-0.0806,0.00256
198106,-0.013,,-0.0356,0.0051,,-0.0768,0.0333,0.031,-0.2024,0.0379,,0.0006,-0.0203,,0.1116,0.085,0.0538,-0.046,-0.00626
198107,-0.1064,,-0.0218,-0.0624,,0.0828,-0.0177,-0.0545,-0.1046,-0.0386,,-0.0112,0.1367,,-0.0345,0.0289,-0.0515,-0.0387,0.00206
198108,0.0099,,0.0333,0.0136,,0.0555,-0.0046,-0.0572,0.1152,0.0471,,0.0145,0.0309,,0.0874,0.0033,-0.0205,0.0458,-0.05775
198109,-0.0911,,0.0215,-0.155,,0.0421,-0.0106,-0.2601,-0.1266,-0.0998,,-0.0901,-0.0662,,-0.0316,-0.1269,-0.0082,-0.1788,-0.04927
198110,-0.0542,,0.0184,-0.0035,,-0.0362,0.0308,0.0504,-0.0833,-0.004,,0.0993,0.1004,,-0.0481,0.121,0.0593,0.0576,0.05397
198111,0.0992,,0.0468,0.135,,0.077,0.0581,0.1665,0.1078,0.097,,0.1067,0.0519,,0.0506,0.0967,0.0919,0.1906,0.04127
198112,-0.0173,,0.1469,-0.0444,,-0.0377,-0.0458,-0.0296,-0.0378,0.0131,,-0.0315,-0.0804,,-0.0652,-0.0436,-0.0128,-0.0351,-0.02565
198201,-0.1089,,0.0736,-0.097,,0.058,0.0011,-0.0132,-0.0448,-0.0304,,-0.0346,0.0008,,0.0047,-0.0173,-0.04,0.0349,-0.01305
198202,-0.1131,,-0.0556,-0.0885,,0.042,-0.0193,-0.1148,0.0285,-0.0637,,-0.1003,-0.0816,,-0.0161,-0.0278,-0.0401,-0.0833,-0.0559
198203,-0.0732,,-0.0097,-0.0456,,-0.102,0.0222,-0.0651,-0.0338,-0.0768,,0.0883,-0.1137,,-0.0546,-0.0684,-0.0179,0.0188,-0.00522
198204,0.121,,0.002,-0.0104,,0.0949,0.0315,0.1567,-0.0326,0.0659,,0.0889,0.0861,,0.0345,-0.0304,-0.0075,0.0179,0.04519
198205,-0.0075,,-0.0497,-0.0182,,-0.0154,-0.0247,0.0879,-0.0872,-0.0379,,0.009,0.0115,,-0.0189,0.0211,-0.0159,0.0432,-0.03409
198206,-0.0934,,-0.0521,-0.1322,,-0.1689,-0.0717,-0.1143,-0.1438,-0.0577,,-0.1027,-0.1172,,-0.0809,-0.0369,-0.0945,-0.0685,-0.01502
198207,-0.0333,,0.0228,0.0739,,-0.0408,0.0008,-0.0735,0.0742,-0.0315,,-0.0022,-0.0261,,-0.0243,0.062,-0.0027,0.0384,-0.01779
198208,0.0227,,0.0489,0.1855,,0.0309,-0.0233,-0.1392,0.0182,-0.0093,,0.0059,0.0068,,-0.0596,-0.0059,0.012,0.0168,0.12139
198209,0.0244,,0.0211,-0.0204,,-0.0481,0.0409,-0.1307,-0.0333,-0.0374,,-0.0051,-0.0775,,-0.0981,0.0434,-0.0128,0.0445,0.01247
198210,-0.0096,,-0.0249,0.1149,,0.0124,-0.0188,-0.2348,-0.0253,-0.0037,,0.0598,-0.005,,0.0336,-0.0444,0.0551,0.0116,0.1151
198211,-0.0155,,0.013,0.0127,,0.0494,0.0535,-0.053,0.0674,0.1793,,0.0096,-0.0306,,0.0338,0.1576,0.0756,-0.0229,0.04039
198212,0.0404,,0.094,0.0725,,0.0342,0.108,0.158,0.0282,0.1148,,0.1186,0.0505,,-0.0802,0.0823,0.1241,0.0214,0.01927
198301,0.1069,,0.0048,0.0243,,0.0347,-0.0327,0.1343,0.1032,-0.0338,,0.0135,0.1134,,-0.0322,0.1338,0.0245,-0.0189,0.03719
198302,-0.071,,0.0387,0.0339,,0.0397,0.0827,0.1478,0.1027,0.0172,,0.043,0.0955,,-0.0046,0.2112,0.0138,0.0042,0.02292
198303,-0.0652,,0.0773,0.0308,,0.0268,0.1215,-0.0375,0.0398,0.0261,,0.1477,0.0289,,0.0711,-0.0068,-0.0088,0.0084,0.03695
198304,0.1623,,0.0638,0.1063,,0.0391,0.0491,-0.0034,-0.0743,0.0255,,0.0231,0.2145,,-0.004,0.1235,0.0467,0.1428,0.07878
198305,0.0679,,-0.0404,0.0269,,0.0225,-0.0733,-0.1276,-0.0615,0.0042,,-0.026,-0.0075,,0.064,-0.021,-0.0344,0.0327,-0.0087
198306,-0.0309,,0.0574,0.0216,,-0.0224,0.0411,0.055,0.0011,0.0218,,0.0944,0.0244,,-0.0456,-0.0594,0.017,0.0031,0.03892
198307,0.1268,,0.0141,0.0064,,-0.0045,-0.0138,0.0996,0.0031,0.0108,,-0.0064,0.1031,,-0.0157,0.0793,0.0202,-0.032,-0.0295
198308,0.0368,,-0.0343,0.0011,,0.0398,-0.0787,-0.1342,-0.0075,-0.0123,,-0.0091,0.0027,,-0.0708,0.0241,-0.0495,-0.0063,0.01501
198309,0.0381,,0.0222,0.0204,,0.0467,0.0534,-0.2634,-0.0155,0.0733,,0.0322,0.0387,,0.0401,-0.0097,0.0281,-0.0043,0.01381
198310,-0.0147,,-0.0562,-0.06,,0.0021,0.0875,0.2005,-0.0538,0.0006,,-0.0422,-0.0493,,0.0638,-0.0155,0.0318,-0.0181,-0.01157
198311,0.0871,,0.0361,0.0836,,0.0296,-0.011,-0.0162,0.0074,0.0016,,0.0314,0.0162,,0.0034,0.0554,0.0304,0.039,0.0211
198312,0.025,,0.0532,-0.0082,,0.0263,0.008,0.0368,-0.0086,0.0766,,0.0277,0.0301,,-0.0838,-0.0382,0.0513,0.0076,-0.00523
198401,-0.004,,0.0579,-0.0385,,0.0614,0.0033,0.2665,0.1707,0.053,,0.1215,0.1187,,0.1007,0.0833,-0.0297,0.0351,-0.00558
198402,-0.0209,,0.0258,-0.0114,,0.0205,0.0333,-0.035,0.0128,-0.0011,,0.0043,0.043,,0.1456,0.0122,0.0092,0.0457,-0.03519
198403,0.0241,,0.0613,-0.0277,,0.0226,0.009,-0.0276,0.0051,0.1806,,0.0186,0.0485,,0.0358,0.0519,0.0092,0.0366,0.01732
198404,-0.0046,,0.0241,-0.0268,,0.0546,-0.0386,0.0258,-0.0529,-0.0191,,-0.037,0.0605,,-0.0364,-0.0637,-0.0104,-0.0055,0.00949
198405,-0.1637,,-0.0424,-0.0436,,-0.0313,-0.0419,-0.1181,-0.0495,-0.1253,,-0.0565,-0.0356,,0.0187,-0.1062,-0.0477,-0.1085,-0.05536
198406,-0.0256,,-0.0499,-0.0242,,-0.0267,0.002,-0.0162,0.0096,-0.0017,,0.0018,-0.1572,,0.0137,0.0234,-0.0377,0.0004,0.02172
198407,-0.0074,,-0.0144,-0.0293,,-0.1094,-0.097,-0.1194,-0.043,-0.0714,,-0.0927,-0.0201,,0.0542,-0.0014,-0.0656,-0.0587,-0.0124
198408,0.1059,,0.1148,0.1488,,0.1096,0.0613,0.1723,0.0645,0.0918,,0.1484,0.1106,,0.0158,0.0057,0.0792,0.1018,0.11045
198409,-0.0166,,-0.0314,-0.0083,,-0.0102,0.0179,0.0857,-0.0877,-0.0033,,0.0381,-0.0821,,0.0389,-0.0614,-0.0258,-0.0196,0.00024
198410,0.0417,,0.025,-0.0203,,0,0.0178,0.0061,-0.0104,0.044,,-0.0054,0.0321,,-0.0434,-0.0276,0.0182,-0.0102,0.00385
198411,0.0092,,-0.038,-0.0036,,-0.0094,-0.01,0.1175,0.0008,0.0116,,-0.0264,-0.0619,,-0.0006,-0.0658,-0.0182,0.0149,-0.0112
198412,-0.0708,,-0.0001,0.0156,,-0.0127,0.0011,0.0661,0.0701,0.0408,,0.0098,-0.0084,,-0.0232,-0.0212,0.0051,0.0062,0.02634
198501,0.0558,,-0.0376,0.0767,,0.0501,0.0347,0.146,0.1336,-0.0009,,0.0817,0.1324,,0.1631,0.0895,0.0267,0.0216,0.07791
198502,-0.1027,,0.0165,-0.0455,,-0.0198,-0.0298,0.0076,0.0001,0.0392,,-0.0153,-0.0687,,-0.0681,-0.0627,-0.0536,-0.0446,0.01225
198503,0.0319,,0.0922,0.0313,,0.1248,0.0903,0.0036,0.0197,0.0559,,0.0837,0.0149,,0.0772,0.0392,0.0847,0.1554,0.00066
198504,-0.0174,,-0.0062,0.0087,,0.0181,0.0406,0.0965,0.035,-0.0378,,0.0281,0.07,,-0.0215,0.0173,0.0464,0.0164,-0.00094
198505,0.0103,,0.0456,0.0295,,0.0877,0.1002,0.0673,0.103,0.0392,,-0.0094,0.0223,,0.0158,-0.0525,0.0268,0.063,0.05778
198506,-0.0014,,-0.0233,-0.0085,,-0.0328,0.0697,-0.0212,0.1006,0.0466,,0.0204,-0.054,,-0.0231,-0.0089,0.0737,-0.0391,0.01567
198507,0.1962,,0.1079,0.0262,,0.0332,0.0438,0.0695,0.1128,0.0105,,0.1074,0.1581,,0.107,0.1142,0.1436,0.1282,-0.00146
198508,-0.0433,,0.0341,0.0057,,0.0458,0.0973,-0.0174,0.0634,0.0231,,0.0182,0.0048,,-0.0091,-0.0163,0.0605,0.0487,-0.00854
198509,0.0708,,0.1015,-0.0629,,-0.0158,0.105,-0.0751,0.115,0.1029,,0.0064,0.0888,,0.0201,0.0533,0.0009,-0.0359,-0.03128
198510,0.0295,,0.1942,0.014,,0.0869,0.1518,0.1,0.0379,0.0251,,0.0602,0.1615,,0.0922,0.0818,0.1282,0.1057,0.04619
198511,-0.0615,,0.0982,0.0588,,0.1715,0.0178,0.0311,0.1118,0.0177,,0.0916,0.0587,,0.0954,0.1599,0.1054,0.0769,0.06859
198512,0.0138,,0.0106,0.0042,,0.0853,0.147,0.0213,0.069,0.0592,,0.0585,-0.0201,,0.0321,0.079,0.0908,-0.0408,0.04837
198601,0.1331,,0.0006,-0.0442,,0.0909,0.0344,-0.0253,0.0766,0.0293,,-0.0059,-0.0248,,0.1214,0.0288,-0.0231,0.0001,0.00559
198602,-0.0432,,0.2564,0.0094,,0.1707,0.0591,0.0061,0.2949,0.1129,,0.0442,0.0302,,0.2612,0.1135,0.0624,0.1275,0.07475
198603,0.1054,,0.0398,0.0859,,0.1078,0.0459,-0.0366,0.2196,0.1953,,0.0611,-0.0617,,0.2156,0.1132,0.0397,0.097,0.05579
198604,0.1047,,0.0992,0.0136,,0.1112,0.1133,0.1322,0.127,0.0416,,0.0633,-0.003,,0.1354,0.112,0.0787,0.0455,-0.01126
198605,-0.0016,,-0.0578,0.0113,,-0.1277,-0.1413,-0.0274,-0.0152,0.0162,,-0.0082,-0.0385,,-0.0485,0.0053,-0.0583,-0.07,0.0532
198606,-0.1117,,0.0647,-0.0202,,0.0536,0.0356,-0.0218,-0.1046,0.078,,0.0427,0.0869,,-0.0179,0.0525,0.0504,0.0701,0.0169
198607,-0.155,,0.0315,-0.0479,,0.1073,-0.0213,0.061,0.1817,0.1414,,0.0036,-0.0965,,0.0425,0.0405,-0.014,-0.0774,-0.05593
198608,0.0681,,0.0854,0.0488,,0.099,0.176,0.0378,0.1272,0.0799,,0.1032,0.1361,,0.1271,0.0185,0.1226,0.0566,0.07416
198609,0.0826,,0.0037,-0.0097,,-0.0614,-0.044,0.0834,-0.0854,0.0386,,-0.0278,-0.015,,0.015,-0.0066,-0.0286,-0.0761,-0.08267
198610,0.1332,,0.0087,0.0218,,0.0194,-0.0058,0.1234,0.0353,-0.1256,,-0.0254,-0.0036,,-0.112,0.0457,0.0049,0.0167,0.05767
198611,0.0168,,0.0902,0.0125,,0.0501,0.0927,0.0404,-0.0175,0.0473,,0.0771,0.0299,,0.0841,-0.0181,0.078,0.0406,0.0243
198612,0.0902,,0.0386,0.0205,,0.0084,0.0113,0.0704,0.0073,0.0833,,0.0126,-0.0301,,0.0666,0.0023,0.0187,0.0553,-0.02552
198701,0.0087,-0.0348,0.0758,0.138,,0.1266,-0.0414,0.0054,0.0333,0.1809,,0.053,0.096,,0.1628,-0.0675,0.0335,0.1286,0.13465
198702,0.1092,-0.0047,0.0316,0.0456,,0.011,-0.0581,0.1276,-0.0412,0.0043,,-0.0104,0.0462,,0.0106,0.1421,-0.0506,0.1053,0.03952
198703,0.1188,-0.0163,0.0462,0.1026,,0.0665,0.0535,-0.0453,0.0483,0.112,,0.1,0.0818,,-0.0787,0.0594,0.0385,0.058,0.02885
198704,0.0412,-0.005,0.0839,-0.0308,,0.0132,0.0164,-0.0182,0.0905,0.1689,,0.0027,0.0934,,-0.0042,0.0907,0.0028,0.0656,-0.00888
198705,0.0362,-0.071,-0.0463,0.0037,,-0.0558,-0.0316,0.1085,-0.1185,-0.0134,,0.0238,0.0079,,0.0218,-0.0622,-0.0432,0.0479,0.00867
198706,0.012,0.0062,0.0448,0.0318,,-0.0628,0.0622,0.0905,-0.0129,-0.0778,,0.0754,0.0331,,0.0698,0.0216,0.0482,0.0379,0.0505
198707,0.1148,0.1523,0.0806,0.0815,,0.029,0.051,0.0995,-0.0147,-0.0305,,0.0406,0.1258,,0.1937,0.0673,0.0704,0.0299,0.05066
198708,0.087,-0.0031,0.0385,-0.0028,,0.0563,0.038,0.0447,-0.0661,0.1196,,0.0013,0.1074,,0.1198,0.0461,0.0308,-0.0223,0.03731
198709,0.0563,0.0496,-0.0466,-0.0154,,-0.0614,-0.0351,0.1059,0.0197,-0.036,,-0.0271,0.0298,,0.0117,0.0391,0.022,0.0581,-0.02192
198710,-0.4521,-0.0999,-0.192,-0.2151,,-0.1929,-0.1735,-0.4322,-0.1228,-0.0826,,-0.1838,-0.2715,,-0.2255,-0.174,-0.1913,-0.2243,-0.21536
198711,0.0864,0.018,0.0014,-0.0262,,-0.0038,-0.0756,-0.0311,0.03,0.0385,,-0.0723,-0.175,,0.0712,-0.1133,-0.0384,-0.0296,-0.08241
198712,0.0497,0.0654,0.1053,0.0754,,0.004,0.0265,0.0851,-0.0389,0.0158,,0.0892,0.0162,,0.1021,0.0641,0.0284,0.1194,0.07607
198801,-0.0616,-0.1422,-0.0404,-0.0039,,-0.1588,-0.1248,0.0294,-0.1021,0.0479,,-0.0277,-0.0097,,0.0029,0.0875,-0.0708,-0.0063,0.04206
198802,0.0152,0.0081,0.2333,0.0617,,0.2051,0.1541,0.0143,0.0732,0.0769,,0.0527,0.0778,,0.0456,0.0268,0.0647,-0.0036,0.04661
198803,0.1781,0.0433,0.028,0.0503,,-0.0565,0.014,0.063,0.0388,0.0682,,0.0509,0.1307,,0.0671,0.0664,-0.012,0.0527,-0.03089
198804,0.0594,0.0165,-0.049,0.013,,0.0823,-0.0247,0.03,-0.0247,0.0091,,0.0207,0.0256,,-0.0074,0.037,-0.0119,0.0339,0.01106
198805,0.1605,-0.0508,-0.0495,-0.0325,,0.0687,-0.0087,-0.0335,-0.1103,-0.0407,,-0.0533,-0.0639,,0.0032,0.03,-0.0385,-0.0245,0.00865
198806,-0.0199,-0.0182,-0.0015,0.0769,,0.0131,-0.0037,0.0776,0.0572,-0.0328,,0.0185,0.0142,,-0.0139,-0.0583,0.0173,-0.0257,0.04571
198807,0.0508,0.0226,-0.0373,-0.0122,,-0.0352,-0.0067,0.0138,0.0259,0.0394,,0.015,-0.0156,,-0.0321,0.0233,-0.0246,0.0036,-0.00362
198808,-0.0193,0.029,-0.0207,-0.0427,,-0.0235,0.0008,-0.082,-0.0295,-0.0791,,-0.0356,-0.1047,,-0.0112,-0.0479,-0.0126,-0.0642,-0.03424
198809,-0.0337,0.0208,0.1004,0.0207,,0.0993,0.0705,0.0025,0.0669,0.0309,,0.027,0.044,,0.0036,0.0668,0.0352,0.0462,0.04253
198810,0.0729,0.1131,0.0695,0.0293,,0.0943,0.088,0.0761,0.1222,0.0589,,0.0704,0.0531,,0.0731,0.0768,0.0881,0.0694,0.02823
198811,-0.0081,0.0365,0.0421,-0.002,,0.0321,0.0028,0.0188,0.0291,0.0966,,0.0044,0.0763,,0.0308,0.0387,0.0252,0.0175,-0.01425
198812,-0.0111,-0.0291,0.0209,0.0313,,0.0433,0.0216,0.0164,-0.0042,0.0036,,0.0259,0.1182,,-0.0177,0.0575,-0.0077,-0.0209,0.01744
198901,0.0894,-0.012,-0.0158,0.0828,-0.0265,0.0133,-0.0421,0.1471,-0.031,-0.0059,,0.0072,0.1232,,0.0165,0.0319,-0.0381,0.1115,0.0731
198902,-0.1386,0.0624,-0.0122,-0.0257,-0.0117,-0.0095,0.0064,-0.0128,-0.0192,0.0182,,0.004,0.0322,,-0.0156,0.0324,0.0207,-0.0176,-0.0248
198903,0.0087,0.073,-0.0093,0.0136,0.0094,0.0096,-0.0161,0.0104,0.0167,-0.0392,,0.0323,0.0845,,0.0059,0.0256,-0.0126,0.0063,0.0232
198904,0.0074,0.0935,0.0355,0.02,0.0623,0.046,0.0482,0.0378,0.013,0.0013,,0.0459,0.0799,,0.0839,0.0157,0.0284,0.0221,0.05205
198905,-0.0256,-0.0563,-0.0286,0.008,-0.0372,-0.0188,-0.0296,-0.1176,-0.0481,-0.0505,,-0.0458,-0.0485,,-0.0151,-0.0051,-0.0556,-0.06,0.04046
198906,0.0067,0.1231,0.0019,0.0246,0.1228,0.0137,0.0603,-0.1711,0.0812,-0.0442,,0.0358,-0.0021,,0.0284,0.0472,0.1303,-0.0004,-0.00567
198907,0.0922,0.0841,0.0578,0.0727,0.0934,0.1043,0.098,0.1358,0.1116,0.131,,0.0931,0.0485,,0.0305,0.1183,0.1171,0.1437,0.09029
198908,0.0845,0.1362,-0.016,0.0145,-0.1133,-0.0113,-0.0138,-0.0236,0.025,-0.0723,,-0.0239,-0.0012,,0.0061,-0.0175,-0.0153,-0.024,0.01955
198909,0.0027,0.1408,0.0928,-0.0142,0.0306,0.0734,0.0559,0.1044,-0.0031,0.0726,,0.0443,0.0397,,0.0432,-0.0188,0.0183,0.0037,-0.00406
198910,-0.0378,-0.0628,-0.0471,-0.0005,0.0636,-0.0501,-0.0515,-0.0109,-0.0756,-0.0348,,-0.0319,-0.1185,,-0.0275,-0.0602,-0.0525,-0.0896,-0.02322
198911,-0.0148,-0.0156,0.0798,0.0101,0.0706,0.0654,0.0997,0.0107,0.0541,0.0515,,0.0608,0.0758,,0.0258,-0.0089,0.046,0.0576,0.02039
198912,0.0459,0.2309,0.054,0.0187,0.0764,0.1095,0.1838,0.0315,0.0682,0.008,,0.0882,0.1264,,0.0034,0.1097,0.0313,0.0934,0.02402
199001,0.0024,0.2002,-0.034,-0.0892,0.0276,-0.0571,0.0314,-0.0256,-0.0015,-0.0587,,-0.0368,0.1036,,-0.035,0.0042,-0.0001,0.0111,-0.06714
199002,-0.0687,0.1681,-0.0942,0,-0.0069,-0.0271,-0.0151,0.0767,-0.0449,-0.1002,,-0.0389,0.0684,,-0.0291,-0.0556,-0.0014,-0.0305,0.01299
199003,-0.0191,0.0245,0.1045,0.01,0.0534,0.0706,0.1038,0.0236,0.0543,-0.1858,,0.0641,0.0157,,-0.0292,-0.0271,-0.0192,-0.0178,0.02639
199004,-0.0642,-0.1235,-0.001,-0.0734,-0.0668,0.0551,-0.0651,-0.0077,0.0243,-0.0017,,-0.0196,-0.0639,,0.0781,0.0134,-0.0093,-0.0627,-0.02495
199005,0.0889,-0.0249,0.0305,0.069,0.0478,0.0126,0.0075,0.066,0.0718,0.1482,,0.0348,0.0955,,0.0624,0.1239,0.1483,0.1428,0.09749
199006,0.0414,0.0997,0.0112,-0.003,0.0114,-0.0063,0.0458,0.0511,0.0315,-0.045,,0.0187,-0.0217,,0.0701,0.0633,0.0301,0.0576,-0.00673
199007,0.0577,0.1429,0.0629,0.0204,0.0803,0.0168,0.0824,0.0591,0.0192,-0.0053,,0.0526,0.131,,0.0578,0.0501,0.0261,0.0493,-0.00321
199008,-0.0192,-0.1544,-0.1055,-0.0534,-0.0824,-0.1322,-0.1431,-0.1034,-0.1512,-0.1044,,-0.0851,-0.0474,,-0.1474,-0.1286,-0.1108,-0.0628,-0.09039
199009,-0.0537,-0.2278,-0.0983,-0.0473,-0.0758,-0.1061,-0.1668,-0.1031,-0.1085,-0.1653,,-0.052,-0.079,,-0.1679,-0.2215,-0.109,-0.0854,-0.04866
199010,-0.092,0.1333,0.0854,-0.0317,0.0873,0.1059,0.1292,0.0838,0.0391,0.2592,,0.0562,-0.0559,,0.1419,0.0429,0.0554,0.0758,-0.00426
199011,-0.0032,0.0035,-0.0242,0.0273,-0.0329,-0.0063,0.0179,-0.0094,-0.0845,-0.122,,0.0075,-0.0201,,-0.014,-0.0685,-0.0227,0.0488,0.06464
199012,-0.0278,-0.0071,-0.0048,0.0401,-0.0302,-0.0439,-0.028,0.0235,0.0306,0.0373,,0.0008,-0.0703,,-0.0142,0.0334,0.0098,-0.0026,0.02787
199101,0.05,-0.0223,0.0198,0.0021,0.0347,0.0475,0.0193,0.0758,-0.0233,0.0298,,0.0106,-0.0707,,0.0712,0.1476,0.0515,0.0336,0.04354
199102,0.0697,0.1314,0.1085,0.0692,0.0884,0.0841,0.0578,0.0999,0.1327,0.1168,,0.0588,0.1034,,0.1075,0.097,0.05,0.0815,0.07151
199103,0.0156,-0.0911,-0.0623,0.0017,-0.0922,-0.064,-0.1207,0.0525,-0.078,-0.0523,,-0.0321,-0.0606,,-0.0282,-0.0434,-0.0406,-0.0497,0.02421
199104,0.0803,0.028,-0.0141,0.0067,-0.0128,-0.0175,0.045,-0.0343,-0.0135,0.0258,,0.0283,-0.0355,,-0.025,-0.0447,0.0124,0.0046,0.00237
199105,-0.0409,-0.0298,-0.0307,0.0368,0.0138,0.0051,0.0296,0.0406,0.0421,-0.0134,,-0.011,0.0672,,0.0188,0.0516,0.0149,-0.0132,0.04314
199106,0.01,-0.0973,-0.045,-0.02,0.0004,-0.0819,-0.0832,-0.007,-0.0792,-0.0732,,-0.054,-0.085,,-0.0786,-0.017,-0.0847,-0.0719,-0.04581
199107,0.0645,-0.0053,0.0276,0.0144,0.0705,0.0363,0.0348,0.0986,0.0155,0.0306,,0.0609,0.0683,,0.0225,0.0362,0.0583,0.1182,0.04661
199108,-0.0125,-0.0079,-0.0062,0.0059,-0.0041,0.06,0.0121,-0.0003,-0.035,-0.0554,,-0.0048,0.0265,,0.0274,-0.0102,0.0004,0.0246,0.02369
199109,0.0351,0.016,0.0098,-0.0252,0.0377,0.06,0.0216,-0.0066,0.0132,0.0831,,0.0239,-0.0233,,0.0526,-0.0156,0.0095,0.0407,-0.01674
199110,0.0651,-0.1618,0.0222,0.0462,-0.0037,-0.0088,-0.0196,0.0198,-0.0491,0.0474,,0.01,-0.057,,-0.0218,-0.0297,-0.008,-0.0225,0.01345
199111,-0.049,0.0898,0.0081,-0.0284,-0.0141,-0.0166,0.0184,0.0341,0.0417,-0.0706,,0.0115,-0.1536,,-0.0388,-0.0361,-0.0054,-0.0384,-0.04029
199112,0.0011,-0.0143,0.1009,0.0009,0.0562,0.0847,0.0705,0.0362,0.0482,0.0309,,0.0737,0.1243,,0.0785,0.0476,0.0774,0.0862,0.11437
199201,-0.0325,0.0301,0.0095,0.0105,-0.0163,0.0058,0.0055,0.0728,0.0228,-0.0571,,-0.0054,0.0168,,-0.0014,0.0034,0.0024,-0.0087,-0.01864
199202,0.0015,0.0585,0.0019,-0.009,-0.059,0.0426,0.0255,0.0751,-0.0175,-0.076,,0.0065,-0.1002,,0.0355,-0.0319,0.0038,-0.0148,0.01295
199203,0.0067,-0.0481,-0.0218,-0.0513,-0.0623,-0.0029,-0.0158,0.0085,-0.0654,-0.1103,,-0.0092,0.0721,,-0.0389,0.0576,-0.0146,-0.0533,-0.01945
199204,0.0365,-0.0385,0.0163,-0.0113,0.0025,0.0452,-0.0018,0.0869,0.0037,-0.0688,,0.0476,0.0564,,-0.021,-0.0112,0.0179,0.1249,0.02935
199205,0.0155,0.0292,0.0408,0.0018,0.1137,0.0392,0.0572,0.1402,0.0197,0.0825,,0.0428,0.0567,,0.0964,0.0374,0.0641,0.055,0.0049
199206,-0.0321,0.018,0.0155,0.0005,-0.044,-0.0146,0.0185,0.0092,-0.0395,-0.09,,0.0116,-0.0719,,-0.0494,-0.0356,0.0342,-0.0297,-0.01487
199207,-0.0211,-0.0959,0.0191,0.0293,-0.0061,-0.0424,-0.0471,-0.0399,-0.0864,-0.0108,,0.0014,-0.0289,,-0.067,-0.0387,0.013,-0.0444,0.04085
199208,-0.08,-0.033,-0.0315,-0.0198,-0.0715,0.0083,0.0008,-0.0417,0.0107,0.1793,,0.0265,-0.1225,,-0.0175,-0.0656,0.0237,-0.0062,-0.02047
199209,-0.0426,0.0563,0.0356,-0.0655,-0.0545,0.0174,-0.0423,-0.014,-0.1751,-0.0317,,0.0159,-0.0252,,-0.1231,-0.1024,0.0638,-0.0139,0.01175
199210,-0.0641,-0.0672,-0.0678,0.0202,-0.0939,-0.0873,-0.0671,0.1205,0.1384,-0.0497,,-0.1,-0.0488,,-0.056,-0.0804,-0.0887,-0.0836,0.00346
199211,-0.0031,-0.0683,-0.0222,-0.0507,0.0041,-0.0122,-0.0053,-0.0592,-0.0595,0.0286,,-0.0123,0.023,,0.0533,0.129,-0.0373,0.0234,0.03405
199212,0.0857,0.0093,-0.0119,0.0279,-0.0133,0.0237,-0.0199,-0.0482,-0.0216,-0.0121,,0.0059,-0.0354,,0.0034,-0.0174,0.0608,0.0366,0.01227
199301,-0.0247,0.0027,0.056,-0.0164,0.1297,-0.0056,0.0291,0.0396,0.0912,-0.0008,,0.0236,0.0365,,0.0822,-0.0661,0.0006,-0.0237,0.00836
199302,0.0996,0.0464,0.0016,0.0573,-0.0424,0.0824,0.0425,0.1085,0.0083,0.0397,,0.0254,-0.0105,,-0.017,0.0466,-0.0159,-0.009,0.010668971
199303,0.0402,-0.0014,0.0916,0.0343,0.0253,0.07,0.0416,-0.0008,-0.0864,0.1618,,0.0806,0.1253,,0.0681,0.0056,0.08,0.0609,0.022398596
199304,0.0078,-0.0142,-0.0207,0.0405,0.0481,-0.0216,-0.0148,0.0741,0.2035,0.1719,,-0.0099,0.0552,,0.0027,0.0916,0.0225,0.0265,-0.025587838
199305,0.0071,0.0216,-0.0057,0.0146,0.0249,-0.0161,0.003,0.0918,0.0379,0.0341,,0.02,-0.0204,,-0.0227,0.0777,0.0734,0.0051,0.026970169
199306,-0.0291,-0.0322,-0.0087,-0.0065,-0.0105,-0.034,-0.0441,-0.0384,-0.0537,-0.0318,,-0.0236,-0.0543,,-0.0235,-0.0844,-0.0181,-0.0219,0.003606894
199307,0.0969,0.065,-0.0009,-0.0095,-0.0232,0.0196,0.0454,-0.0207,0.0261,0.0774,,0.016,0.0579,,-0.0669,0.0414,0.0159,0.0126,-0.004853971
199308,0.0419,0.1061,0.0101,0.0144,0.0442,0.0866,0.1071,0.0687,0.1264,0.0239,,0.1057,0.088,,0.2114,0.0751,0.0694,0.0635,0.038327469
199309,-0.04,-0.0234,0.0056,-0.0476,0.0342,-0.0047,0.0151,0.0259,-0.0531,-0.0573,,0.0034,-0.025,,-0.0244,0.029,0.0374,-0.0129,-0.007276059
199310,0.1201,0.0729,0.0356,0.0935,0.0383,0.0072,0.0516,0.2342,-0.0494,-0.0085,,0.0523,0.1003,,0.0522,0.0906,0.047,0.0322,0.019728051
199311,-0.0627,-0.0375,0.0161,-0.025,-0.0183,-0.0269,-0.0193,-0.0091,-0.0986,-0.1588,,-0.0216,-0.0758,,-0.0885,-0.12,0.016,0.0036,-0.0106738
199312,0.1135,0.0809,0.0732,0.0434,0.0668,0.0921,0.0595,0.301,0.1324,0.025,,0.0544,0.0676,,0.0941,0.0944,0.088,0.073,0.012276765
199401,0.1109,0.0382,0.0537,0.0576,0.0989,0.052,-0.0119,-0.0383,0.0978,0.1717,-0.1618,0.0529,0.1492,,0.1374,0.2034,0.0992,0.0528,0.034876208
199402,-0.0505,-0.0164,-0.0054,-0.0441,-0.0067,-0.0255,-0.0162,-0.1044,-0.0172,0.0393,0.0616,-0.0227,0.0187,,-0.0472,-0.0537,-0.0607,-0.0559,-0.029164397
199403,-0.073,-0.0372,-0.0073,-0.0417,-0.0177,-0.05,0.0357,-0.1047,0.1733,-0.0303,-0.153,-0.0323,-0.0724,,-0.0433,-0.0725,-0.0153,-0.0644,-0.041901411
199404,0.0358,-0.0257,0.0569,-0.0043,0.0194,0.0344,0.0636,-0.0019,0.1175,0.0364,0.0979,0.0544,0.0158,,0.0363,0.0847,-0.0143,0.0386,0.011212857
199405,0.0392,-0.0201,-0.0186,0.014,-0.0756,-0.0497,-0.0564,0.0693,-0.0797,0.0177,-0.0362,-0.025,0.0073,,0,-0.0231,0.0041,-0.0549,0.01593915
199406,-0.0544,0.0814,-0.0196,-0.0677,0.0515,-0.029,0.0076,-0.0811,-0.0624,0.055,0.0121,0.0002,-0.0343,,-0.0459,-0.0547,0.0127,0.0056,-0.022914864
199407,0.0529,-0.0214,0.049,0.0422,0.046,0.0939,0.049,0.0813,0.0421,-0.0386,0.0377,0.0692,0.1168,,0.0534,0.0547,-0.0209,0.0525,0.03232663
199408,0.0441,0.0248,0.0129,0.0654,-0.0873,0.003,0.0333,0.0551,-0.0367,0.0076,0.1208,0.0198,-0.0033,,-0.0068,-0.0044,0.0364,0.0654,0.038121027
199409,-0.0457,-0.0424,-0.0485,0.0214,0.0038,-0.0654,-0.0613,-0.0319,0.0021,-0.0264,-0.001,-0.0274,-0.0634,,-0.0235,0.0075,-0.0068,-0.0401,-0.025255191
199410,0.0165,-0.0204,0.0378,-0.0104,0.0127,0.0382,0.0597,0.0049,-0.0487,0.0317,-0.0146,0.0679,0.0598,,0.03,0.0965,0.0134,0.0596,0.028426724
199411,-0.032,-0.023,-0.0203,-0.0599,-0.0303,-0.0173,-0.0594,-0.1256,-0.0621,-0.0581,-0.0881,-0.0511,-0.0166,,-0.021,-0.0341,-0.0235,-0.0498,-0.039815738
199412,0.0253,0.027,0.0155,0.0191,0.0403,-0.0345,0.0372,-0.031,0.0121,0.0186,-0.0353,0.0209,0.0682,,-0.0561,-0.0139,0.0285,0.0013,0.00728167
199501,-0.0591,-0.0385,-0.0138,-0.0494,0.0094,-0.0344,-0.0174,-0.1023,0.0597,-0.0658,-0.1103,0.0103,0.0079,,-0.0183,0.014,-0.0243,-0.0086,0.033608619
199502,0.036,0.0431,0.0381,0.0467,0.0403,0.025,0.0854,0.1425,-0.0823,-0.0485,0.1426,0.039,-0.0173,,0.0287,0.0271,0.0697,0.0077,0.040808927
199503,-0.0107,-0.0051,0.0465,0.0393,-0.0093,0.1105,-0.0286,0.0269,-0.0756,0.09,0.0052,0.0432,-0.011,,-0.0227,-0.0293,0.0605,0.0562,0.027848114
199504,0.0691,0.0003,0.0712,0.0194,0.0436,0.0101,0.0457,-0.0319,0.107,0.0488,-0.0167,0.0416,0.0816,,0.0944,0.0923,0.0216,0.0292,0.029622209
199505,-0.0253,0.0533,0.0053,0.0352,0.0433,0.0171,0.0111,0.1257,0.0003,-0.0579,0.1209,0.0167,-0.0096,,0.0407,0.0058,0.0491,0.0198,0.039673649
199506,-0.0093,0.0204,0.0051,0.0163,-0.0112,-0.0177,0.0338,-0.0191,-0.0271,-0.0457,-0.0151,0.0166,0.0422,,0.0169,0.0507,0.0362,0.0033,0.020229723
199507,0.0989,0.0093,0.0289,0.027,0.0654,0.0375,0.0523,0.0269,0.0826,0.0703,0.0239,0.0504,0.0412,,0.0615,0.0737,0.0058,0.057,0.03216524
199508,0.0281,-0.0702,-0.0547,-0.0077,-0.051,-0.0634,-0.0462,-0.0321,-0.035,-0.0291,-0.0538,-0.053,-0.0517,,-0.0342,-0.0224,-0.0186,-0.0197,0.004451482
199509,0.0042,0.0072,0.0259,0.0022,0.0096,-0.0144,0.0081,0.0558,-0.0262,-0.0127,-0.0207,0.0457,0.0323,,0.004,0.1374,0.0736,0.0318,0.042376493
199510,-0.0205,-0.032,0.0011,-0.0125,0.0052,0.0177,-0.0034,0.0066,-0.0487,-0.0414,-0.0516,-0.003,-0.0528,,-0.0186,-0.0232,0.0436,0.0049,-0.002938759
199511,0.0248,-0.0247,0.0099,0.0339,0.0024,-0.0109,-0.0039,0.0019,-0.0612,0.0489,-0.0002,0.0253,-0.0044,,0.0557,0.0199,0.0097,0.0075,0.04448036
199512,0.0238,0.0399,0.068,0.0111,0.0271,0.0384,0.0305,0.0294,0.0883,0.0488,0.0525,0.0352,0.0254,,0.0489,-0.027,0.0405,0.0275,0.015733106
199601,0.0425,0.0647,0.0298,0.0483,0.0316,0.0424,0.0404,0.1387,0.0505,-0.0167,0.0442,0.0089,-0.0178,,0.0016,-0.0197,-0.0528,-0.0035,0.035578139
199602,0.0274,-0.0052,-0.0046,-0.011,0.0185,0.0202,0.0102,-0.0119,-0.0032,-0.015,0.0346,0.0263,0.0434,,0.0658,0.1002,0.0379,0.0109,0.00319011
199603,-0.0035,-0.0048,-0.0228,0.0203,-0.0213,0.0327,0.0008,-0.0037,-0.0451,0.0305,0.0627,0.0371,0.0126,,-0.0144,0.0264,0.0815,-0.002,0.017217768
199604,0.042683144,-0.00568208,0.021276293,0.035928141,-0.0071,0.014218469,-0.046296623,0.013953621,0.134259084,0.04780885,0.0518,0.003773697,0.0535,,0.036199259,0.00450479,-0.020100383,0.030456372,0.01086941
199605,-0.005847982,0.051428772,0.016666677,-0.005780082,0.006,-0.009346347,0.024271954,0.018348328,0,-0.045627454,-0.0386,0.067669581,0.0099,,-0.008733887,0.035874322,-0.030769185,-0.009852066,0.022700465
199606,-0.017646629,-0.054347939,0.016393254,-0.017441655,0.022,0.028302342,0.03317531,-0.013513491,0.004081521,0.011952479,-0.0003,0,-0.006,,0.039647784,0.017316154,0.047618611,0.009950095,0.008821931
199607,-0.041916355,-0.005746716,-0.004031968,-0.017751876,0.0167,-0.013761608,0.009174432,-0.050228173,-0.069105774,-0.047244165,-0.0613,-0.02112738,-0.032,,-0.033898456,-0.034043006,-0.025252381,0.014778708,-0.044935686
199608,0.03733458,-0.021792986,0.020294949,0.028017364,0.0392,-0.03304449,-0.005141908,0.014746346,-0.008097697,-0.053718962,0.0519,0.011528867,0.0243,,0.008782286,0.060386839,0.018061381,0.034095725,0.019258724
199609,0,-0.029940277,0.004149445,0.041176906,-0.0012,0.054186887,0.018433164,0.057692128,0.067873149,0.034934446,0.0165,0.028985151,0.0058,,0.022221932,0.042734937,-0.020512786,0.019139057,0.055872305
199610,0.042944914,-0.006172945,0.008264406,0.084745409,0.0339,0.023364185,0.004524689,0.059091014,-0.063559187,-0.067510522,0.0205,0.021126423,0.0438,,0.039130565,0.040983333,-0.010471186,0.056337758,0.032331751
199611,0.029411921,0.018633679,0.036885279,0.057291707,0.0221,0.0456624,0.036036013,0.090128841,0.085972615,0.022624159,0.0404,0.062068771,0.0436,,0.071129934,0.062991926,0.031745977,0.048888982,0.07300382
199612,0.016525853,0.024390658,-0.011095035,-0.032647986,0.0393,0.017467219,0,-0.024664777,0,-0.07522117,0.006,0.016978376,0.0787,,0.107503046,0.015959282,-0.01538487,0.051936329,-0.023797526
199701,-0.045454391,-0.029762398,0.0199997,0.051020231,0.0423,0.012875481,0,-0.004065218,0.083333349,-0.100478324,0.0157,-0.003194759,0.0786,,-0.014134296,0.018248125,0.031250382,-0.052631446,0.061785795
199702,0.023809312,0,-0.003921511,-0.009708706,-0.0024,0.008474495,0.03478296,-0.028571324,-0.080769271,0.02127655,0.0494,0.044871519,-0.0453,,-0.039426689,-0.007168563,-0.005050496,0.034188128,0.009565238
199703,-0.005813903,0.018405223,0.015747981,-0.058823166,0.0261,0.008403415,0.03781503,-0.092436686,0.012552295,-0.04166658,-0.054,-0.006134919,0.0259,,0.03731327,0.018050494,0.01522826,0.012396602,-0.044122166
199704,0.02923976,-0.030120813,0.003876091,0.015624853,-0.0302,-0.0416668,-0.020243303,0.055555196,0,0.059782781,-0.1149,0,-0.0515,,0.050359442,-0.049645354,0.06500044,0.02040826,0.062603159
199705,0.022727317,0.062111964,0.042471127,0.087179612,0.0702,0.013043702,0.066115908,0.114034826,0.008264613,0.097435527,0.0168,0.077160652,0.0539,,0.095891021,0.052238766,0.084506741,0.055999988,0.063207307
199706,0.033333278,-0.011695935,0.037036999,0.009433767,0.0191,0.077253295,0.027131599,0.07086651,0.098360681,0.056074654,-0.0275,0.068767977,0.0176,,0.056249897,0.092199016,0.073592825,0.015151327,0.041102297
199707,-0.005376297,0.076923011,0.025000124,0.084112492,0.0626,0.027888493,0.105660326,0.036764599,0.055970361,-0.013273991,-0.0894,0.050938252,0.0195,,-0.056212841,0.055194475,0.024193621,0.052238805,0.079264289
199708,-0.069465647,-0.082417394,-0.102932396,-0.061797076,-0.0464,-0.079377498,-0.109176404,-0.139265412,-0.043839078,-0.09830799,-0.2934,-0.085680605,0.006,,-0.014213385,-0.068859515,-0.087064192,-0.028415398,-0.051803407
199709,0.047903939,0.077844233,0.089430843,0.055814233,0.1149,0.10775841,0.088803347,0.064102606,0.162264149,-0.009950109,-0.0622,0.086956366,0.1059,,0.131312655,0.127147736,0.07623329,0.086792104,0.048090949
199710,-0.125714008,-0.03888858,-0.026119524,-0.057268846,-0.0359,-0.058365462,-0.056737399,-0.281124543,-0.064934955,-0.095477289,-0.1905,-0.042666701,-0.0318,,-0.083333089,-0.091463389,-0.024999672,-0.034722214,-0.02450349
199711,-0.039216424,-0.075144582,0.003831508,-0.028037205,0.0093,0.00413214,0.015037487,-0.01675968,0.020833265,-0.066666887,-0.2197,-0.011142135,-0.0676,,0.048700827,0.006711093,0.017093413,-0.003597212,0.038696863
199712,0.020701714,0.078660796,0.022169636,0.029503101,0.0836,0.046483008,0.046270701,-0.002186732,0.093411853,-0.059427544,-0.0213,0.020211665,-0.0056,,0.025922955,-0.031064485,0.03954801,0.018917994,0.019071052
199801,0.080536683,0.023255642,0.030188956,-0.009389737,0.0024,0.019762727,0.021276538,-0.074712465,0.077881364,0.120253282,-0.106,0.016666379,-0.0705,,0.081570461,0.024138412,0.036437194,0.056737876,0.012878118
199802,-0.006211079,0.039773015,0.051281706,0.094786764,0.0196,0.100775488,0.065972391,0.099378792,0.040462794,0.01129947,0.4837,0.098360751,0.0393,,0.120112107,0.090908839,0.089843966,0.067113698,0.069294779
199803,0.03125,0.06557312,0.080139121,0.05627709,0.1094,0.102112438,0.068403762,0,0.194444429,-0.11173184,-0.0237,0.047263602,0.0873,,0.152119712,0.07407397,0.050178881,0.07861659,0.048783215
199804,-0.006060756,0.061538927,0.058064642,0,-0.0413,0.035143798,0.064024262,-0.09604522,-0.018604835,0.037735753,-0.1468,0.033254322,0.0537,,0.025973805,0.068965427,-0.003412846,-0.008746271,0.01279139
199805,-0.079268254,0.062801961,0.054878028,-0.016393145,0.027,0.052469089,0.063037656,-0.168749903,0.056871727,-0.060606148,-0.1627,0.048275918,-0.0849,,0,0.021505313,0.061643569,-0.041176642,-0.020768516
199806,0,-0.081818237,0.031792268,-0.020833822,-0.0183,0.03519057,0.032344613,-0.067669126,-0.062780059,0.012903483,-0.2204,-0.015350647,-0.0336,,-0.004219268,-0.015789618,-0.025806281,0.030674614,0.042573565
199807,-0.01986777,0.009900918,0.058823385,-0.072340305,0.0268,-0.008498287,0.023499041,-0.080645244,0.095693858,-0.038216638,-0.1036,0.002226961,0.0139,,0.036016979,-0.034759443,0.049669155,-0.029761685,-0.013513991
199808,-0.159399255,-0.197747311,-0.101632905,-0.224107763,-0.105,-0.142900515,-0.196518614,-0.184302625,-0.159497738,-0.164497482,-0.2689,-0.131258015,-0.2823,,-0.226678615,-0.155204166,-0.184814587,-0.118622173,-0.141179589
199809,0.090163829,-0.064934994,0.010489289,0.043749981,-0.0404,-0.034013667,0.009646349,0.258426609,-0.030725685,0.015873192,-0.0532,-0.027248091,-0.0199,,0.035325955,-0.075601603,-0.0833333,0.032142621,0.06363909
199810,0.075188027,0.118055531,0.06228384,0.089820106,0.0744,0.123239345,0.057324935,0.383928433,0.074927327,0.210937346,0.0921,0.06442609,0.1517,,0.154855692,0.059479775,0.177272654,0.055363415,0.081081463
199811,0.069929837,-0.055900591,0.006514921,0.032967226,-0.0387,0.034482864,0.039156332,-0.019354615,0.104557702,0.032258259,0.2402,0.031578764,-0.0786,,0.050000029,0.084210545,0.04633216,0.049180635,0.055681638
199812,-0.004860085,0.107378131,0.139950287,-0.011354531,0.0953,0.067690593,0.033790929,-0.002483767,0.074898526,0.025994739,0.1472,0.06794081,-0.0587,,0.048709437,0.003513992,0.037607521,0.026326508,0.065422201
199901,0.052631997,-0.044585759,-0.035294029,0.086486668,-0.0306,0.046242878,0.016853837,-0.073333256,-0.043678318,0.024390345,0.0298,-0.060679601,0.1165,,0,0.051780167,-0.011029446,0.006116034,0.035225493
199902,-0.006249921,0.019999675,-0.045731778,-0.049751163,-0.0776,-0.077348128,-0.091160098,0,-0.031249998,-0.035714134,-0.0908,-0.010335733,-0.0916,,-0.027196421,-0.015385254,-0.03345744,0.012158055,-0.032068415
199903,0.018867686,-0.019607531,-0.067092624,0.041884812,-0.0285,0.011975828,-0.033434827,0.122302038,0.032258063,0.135802623,0.0561,-0.007832943,0.1039,,-0.060215278,0,-0.026922743,0.024024138,0.041468279
199904,0.12962951,0.046666416,-0.010274038,0.100502342,0.0468,0.026627532,0.069182505,0.237179575,-0.016826989,0.043478093,0.3477,0.084210361,0.0746,,0.013729931,0.034375199,0.027667631,0.043988017,0.037974173
199905,-0.087431277,-0.05732457,-0.051902954,-0.041095784,-0.0396,-0.014409043,-0.052941371,-0.062176281,-0.046454848,-0.057292008,0.1091,-0.058252218,-0.0256,,-0.022573178,-0.027190431,-0.049999651,-0.056179519,-0.022865995
199906,0.07185561,0.027026758,0.040145976,0.071428529,0.0084,0.052631298,0.083850996,0.138121502,0.007692478,0.104973072,0.249,0.023195788,-0.0141,,0.027713612,0.118012807,0.024291474,0.026785683,0.055378526
199907,-0.016759348,-0.026315535,-0.028070226,-0.008888678,0.06,-0.005555371,-0.045845314,-0.087378452,-0.05852395,0.074999664,-0.0439,-0.010075744,0.0407,,-0.069663016,0.022222104,-0.003952705,-0.01449267,-0.031021627
199908,-0.070591974,-0.002588827,0.062383454,0.004745894,-0.0009,0.036500952,0.031116425,0.026434294,0.025343743,-0.001083641,0.1104,0.022809582,0.0288,,0.021774557,-0.009220616,-0.003423996,0.001200332,-0.005178889
199909,0.031250277,-0.054794374,-0.027027148,0,0.0255,0.00544942,-0.002976024,-0.037036887,0.020231254,0.042056022,-0.1238,-0.026738157,0.0116,,-0.014778849,0.011299471,0.024489639,0,-0.022337487
199910,-0.024242776,-0.014492986,-0.015872965,0.055814037,0.0131,0.046070662,0.050745945,0.054944777,-0.019830067,0.062780207,0.1115,0.030219797,-0.0462,,0.022500199,0.078212004,0.007968169,0.018461649,0.064077595
199911,0.02484509,-0.04411781,-0.020161256,0.061673851,0.0367,0.036269208,0.014204605,0.088541734,0,0.029535966,-0.0125,-0.023999808,0.0405,,0.051344959,0.082901639,-0.003952408,0.009063225,0.016651948
199912,0.07442635,0.023076819,0.061728287,0.095710574,0.0538,0.129291848,0.196078482,0.101154367,0.156069289,0.077380132,0.0991,0.106557538,0.1134,,0.051162636,0.170023951,0.015872913,0.04627335,0.057109058
200001,-0.039548424,-0.022556292,-0.189922386,0.011363755,-0.0527,-0.083710336,-0.056206205,-0.087719575,-0.065000166,-0.057471221,0.1391,-0.133333329,-0.0759,,-0.081858217,-0.031779921,-0.109375021,-0.090379258,-0.049787329
200002,-0.029411316,-0.046153638,-0.019138692,0.041198587,0.0381,0.116049713,0.106699689,0.024038825,0.149732905,-0.012195175,0.0678,0.079771848,0.0067,,0.093975793,0.216630584,0.013157962,-0.016025664,-0.015225955
200003,-0.042424671,0,0.004878223,0.061151161,0.0794,-0.017699356,-0.031390282,0.028168937,-0.069767507,0.086419725,-0.011,0.018469468,0.0108,,0.00881063,-0.016187248,0.073593049,0.065146733,0.096914296
200004,0.006328967,-0.024193839,-0.043689506,-0.020338984,-0.0934,-0.024774728,-0.087963,-0.082191828,-0.065000166,-0.075757431,-0.0764,-0.044041252,-0.0738,,-0.069869143,-0.031078624,-0.040322601,-0.039754993,-0.03512053
200005,-0.05031405,0.049586972,0.065989824,0.003460347,0.0628,0.039260845,0.005076207,-0.074626961,0.053475999,-0.057377136,0.0132,0.035230431,0.0389,,-0.018779222,-0.020754706,0.058823637,-0.035031869,-0.015722394
200006,0.145695335,0,0.028571407,0.099999541,0.0081,0.0244444,-0.020201792,0.069892769,0.055837506,0.056521698,-0.0974,0.044502682,0.101,,-0.004784804,-0.040462624,0.011904548,0.013200819,0.01968149
200007,-0.063584145,0.007874045,0.041666564,0.028213081,0.0296,-0.019522422,-0.002577316,0.060301046,-0.038461373,-0.111111146,-0.0411,-0.035087818,-0.0174,,-0.012019101,-0.040160494,0.003921679,0,-0.015702021
200008,0.003755415,-0.025770008,-0.032980588,0.082383538,0.0584,-0.017914483,-0.04566013,0.03942493,-0.015762657,0.066615017,-0.0051,-0.009017098,0.065,,-0.01721998,0.007159315,-0.002001751,0.008872345,0.065340915
200009,-0.044024879,-0.008064489,-0.028301826,-0.051470596,-0.0101,-0.066037054,-0.060789969,-0.101851901,-0.050279199,-0.049327439,-0.1115,-0.039682675,-0.0229,,0.002570751,-0.111675233,-0.051383458,-0.030508308,-0.054862316
200010,-0.052631592,-0.065040629,-0.00485421,-0.077519417,-0.0305,-0.017677043,0.009708863,-0.056700913,0.023528908,-0.04245283,0.0559,0.00275485,-0.0283,,-0.035897455,-0.048571168,0.020833351,0.027971916,-0.004677999
200011,0.006944246,-0.026087083,-0.078048743,-0.113445282,-0.0509,-0.059125968,-0.067308085,-0.081967347,0.040230415,-0.073891529,-0.0287,-0.038461295,-0.0356,,-0.093085203,-0.174174239,-0.008163254,-0.061224209,-0.074652873
200012,0.051890518,0.086403163,0.082579159,0.036962858,0.0556,0.167989676,0.0721654,0.101208933,0.116479522,-0.009476871,-0.0716,0.048292032,0.066,,0.124107121,0.087508915,0.118402841,0.022743189,-0.005226533
200101,0.044210428,0.043306107,0.003921388,0.054205694,0.1108,0.012253554,0.051281849,0.056521585,0.009502827,-0.005649992,0.0832,0.005840392,0.038,,0.111280696,0.093146714,-0.024535449,0.011630904,0.044458821
200102,-0.047379006,0.083649795,-0.003906071,-0.158156236,-0.0839,-0.113645674,-0.090243872,-0.017283815,-0.095446586,-0.042727115,-0.0286,-0.051270762,-0.0275,,-0.040800246,-0.132548355,-0.045731571,-0.063936639,-0.095387258
200103,-0.12169289,-0.070175149,-0.109803932,-0.085930706,-0.1047,-0.083521328,-0.104557576,-0.106365204,-0.063407745,-0.027540078,-0.0895,-0.106235549,-0.0808,,-0.065439591,-0.212389291,-0.102236493,-0.060515684,-0.056036955
200104,0.132530034,0.026414909,0.02643184,0.087557585,0.0195,0.093595887,0.057484976,0.006560845,0.047028462,0.095702499,-0.0884,0.070284205,0.0738,,0.048577651,0.134831322,0.010676124,0.061862338,0.085440081
200105,0.006382855,-0.041666381,-0.061802756,0.033898374,0.01,-0.064864985,-0.054360088,-0.010242413,-0.077492586,-0.029411565,-0.0136,-0.03911148,-0.0247,,-0.056761257,-0.049505222,-0.014084531,-0.022822686,-0.005605424
200106,0.024312595,0.003836091,0.010978904,-0.057377046,-0.0207,-0.036608852,-0.005988174,-0.051740514,-0.042268648,-0.060606188,0.0277,-0.032663687,-0.0344,,-0.059734315,-0.059027311,-0.039285731,-0.031960655,-0.023829724
200107,-0.035087628,0.042038321,0.063348603,-0.012174085,0.0376,0.003000135,-0.009638577,-0.027777502,0.025139777,-0.081133865,0.1147,0.005195157,0.0013,,-0.009882146,0.025829846,-0.026022402,-0.012698363,-0.010195939
200108,0.019895127,0.025155044,0.016411347,-0.05072226,-0.0494,-0.020354465,-0.061015555,-0.059689419,-0.015311825,-0.027659337,0.0437,-0.029094192,-0.0306,,0.02474085,-0.077330715,0.003405418,-0.007302907,-0.059332116
200109,-0.175401055,-0.127272764,-0.090520858,-0.098972677,-0.1046,-0.138775504,-0.184262473,-0.122787319,-0.149774885,-0.08096277,-0.1055,-0.135602609,-0.1385,,-0.126168202,-0.143192655,-0.076628376,-0.07773394,-0.081630996
200110,0.138780766,-0.06249996,-0.027229801,-0.003109113,0.0286,0.04857835,0.057073891,0.012609952,0.035761481,-0.001190373,-0.0196,0.003749809,0.0149,,0.029945911,0.046575245,0.015767545,0.019285923,0.013021973
200111,0.06036456,0.0918519,-0.002895869,0.10187133,0.0144,0.023163731,0.103422703,0.102117141,0.016624027,-0.001192168,,0.035492242,0.0597,,0.07528555,0.161431121,0.017156712,0.011212053,0.077977842
200112,0.019465493,-0.012211494,0.071992332,0.002802448,0.0029,0.035339604,0.040661265,0.042997872,0.012578703,-0.079952214,,0.022930445,0.0513,,-0.002413791,0.030052805,0.007636263,0.033734558,0.005638935
200201,0.014814659,0.013735855,-0.032727114,-0.001883161,-0.0414,-0.053866548,-0.045695458,-0.008724477,-0.027950529,-0.073930283,,-0.027695819,-0.0422,,-0.056147394,-0.07804521,-0.049441844,-0.035397829,-0.009798923
200202,-0.006256661,0.048780629,-0.008458691,0.009434101,0.038,0.00507321,-0.010409465,-0.046204429,0.001916999,0.046218795,,0.006060847,0.0559,,0.011282117,0.015822752,0.026845826,-0.016231464,-0.017935662
200203,0.038824805,0.068475663,0.044549785,0.033644641,0.0211,0.051598372,0.07573627,0.05997692,0.060586428,0.089692168,,0.073493907,0.0889,,0.033468449,0.033488797,0.071895316,0.051649832,0.033270666
200204,0,0.079806488,0.035389827,0.007233482,-0.0461,-0.005333232,-0.029335052,0.076169735,0.004209736,0.036854874,,0.015712679,0.0141,,0.024533449,-0.089676011,0.023628182,0.006139395,-0.058155675
200205,0.062626531,0.022396437,0.034181006,0.015260382,0.0326,-0.002680956,-0.01410318,-0.038422642,-0.008383466,0.061611217,,-0.013259666,0.0121,,0.001437286,0.00082788,0.045420817,-0.019661232,-0.005933976
200206,-0.0494299,0.002190382,0.004237066,-0.06100821,0.0308,-0.016129151,-0.009536787,-0.065194337,-0.005434694,-0.059151726,,-0.02575574,-0.0158,,-0.068866655,-0.029776503,-0.034900297,-0.038727494,-0.073807338
200207,-0.085999653,-0.103824999,-0.135020926,-0.128059855,-0.1151,-0.14754087,-0.162998643,-0.058492862,-0.089253257,-0.067615294,,-0.167816122,-0.0887,,-0.095531558,-0.159420153,-0.138745478,-0.057554161,-0.078819846
200208,0.033916726,-0.020731969,0.002926965,0.047515878,0.0375,-0.007692405,-0.009860509,-0.065710858,0.002000435,-0.006361415,,0.018646265,0.0017,,0.024417891,0.008113319,-0.013710522,-0.018320089,0.006801481
200209,-0.085714144,-0.05977557,-0.162451547,-0.113401983,-0.1348,-0.149870758,-0.239834129,-0.088235274,-0.125748825,-0.061459563,,-0.172881296,-0.1205,,-0.152438812,-0.173038161,-0.078192972,-0.090980231,-0.104852375
200210,0.061342499,0.031788028,0.108014008,0.058139563,0.0437,0.113981759,0.137554833,0.067321162,0.061643937,-0.057299104,,0.103278596,0.0443,,0.118377859,0.147201759,0.027332918,0.048759975,0.082284338
200211,0.050163447,0.01540434,0.016771425,0.058241414,0.028,0.058662905,0.063339777,0.052562406,0.100358651,0.036179526,,0.052005875,0.0631,,0.102339219,0.186638285,0.05779814,0.044861262,0.061681073
200212,-0.030086149,0.101788724,0.029741194,-0.016634649,0.044,-0.034856782,-0.101371756,-0.054795558,-0.024321404,-0.029329765,,-0.049755485,0.0284,,-0.052350564,-0.135975692,-0.033879811,-0.029167321,-0.056570538
200301,0.039647738,0.03716613,-0.045592765,0.042373042,-0.0381,-0.03581066,-0.002032444,0.006729982,0.002054759,-0.025899137,,-0.083270333,-0.0562,,0.030491374,-0.007330236,-0.036903436,-0.037859942,-0.024594368
200302,-0.015890033,-0.01455765,-0.108280067,0.016260735,-0.0446,-0.048353534,-0.072301512,-0.018717155,0.026657522,0.010339867,,-0.075970442,-0.073,,0.007671609,-0.003164461,-0.056074471,-0.047904141,-0.013479165
200303,0.032292961,0.005681744,0.015475836,-0.02400027,0.0599,-0.041236913,-0.046103252,-0.069482076,-0.07256993,-0.05555555,,-0.033065303,0.0054,,-0.014682268,-0.024338386,0.00396007,-0.000898376,0.002139668
200304,0.066736262,0.117514306,0.165299009,0.075819733,0.1253,0.172811218,0.247411063,0.014641137,0.133524658,-0.007740002,,0.153419803,0.1287,,0.137969388,0.206073848,0.110453535,0.107913755,0.084611375
200305,0.058651105,0.081900751,0.117706703,0.095237809,0.0762,0.060248393,0.058118023,0.098124036,0.117163007,0.059282468,,0.057692288,0.0495,,0.053345962,0.054856078,0.055061994,0.060876435,0.054836907
200306,0.024930056,0.004672696,-0.010801135,0.026086897,-0.0022,0.019147988,0.06364417,0.005256503,-0.014739463,0.070692354,,0.000757756,0.0391,,0.029005582,-0.009377779,-0.008417173,0.004590704,0.010651993
200307,-0.012612385,0.02511652,0.024567749,-0.01186423,-0.0209,0.019999789,0.040983779,0.065359245,-0.008054877,0.045391779,,0.055261319,0.0638,,0.017449774,0.049053535,0.026315643,-0.010662592,0.018026218
200308,0.035584075,-0.040834999,-0.012433457,0.05660347,0.0708,0.002377097,-0.011810873,0.111656376,-0.034802852,0.092105194,,0.029411593,0.008,,-0.008795231,0.025430385,0.011579792,0.001539403,0.020626289
200309,0.036123669,0.050141981,0.053057504,0.007305509,0.0404,0.010669425,-0.007171577,0.04525399,0.040865357,0.05542173,,-0.023693471,-0.002,,-0.005767268,0.033600253,0.044971463,0.030745792,-0.010905752
200310,0.079931772,0.044144118,0.066609933,0.065270023,0.0608,0.058651305,0.114767072,0.061245919,0.049653683,0.054794867,,0.062812079,0.1193,,0.057563522,0.088235193,0.025039036,0.079045654,0.053526274
200311,-0.0007874,0.078515861,0.030424203,0.041603545,-0.0008,0.055401388,0.065515151,-0.01094518,0.069856819,-0.030303579,,0.043653272,0.0536,,0.054852044,0.031294713,0.056488716,0.023496831,0.010921346
200312,0.110976352,0.082006553,0.09687475,0.052492719,0.0746,0.095801026,0.108014307,0.036039986,0.06454131,0.076128305,,0.095056172,0.094,,0.11505632,0.102386559,0.071191723,0.105885041,0.0503134
200401,-0.007484933,0.09962537,0.07490329,0.004210544,0.0611,0.015693844,0.015441691,0.088999986,0.029918793,0.002074187,,0.007334876,0.0096,,0.02101453,0.041025644,0.026458777,-0.005135069,0.019769355
200402,0.052036023,0.040872121,0.020114749,0.026554901,0.0547,0.024142998,-0.013381918,0.036731019,0.010339986,0.005175813,,0.02305836,0.0881,,0.044357615,0.04864562,0.000660654,0.047742159,0.013571005
200403,0.008602318,0.050392293,-0.050704101,-0.006807254,-0.0655,-0.038189397,-0.040690629,-0.061116128,-0.037036933,0.11946459,,-0.059312196,-0.0009,,-0.04111463,-0.022900863,-0.021135927,-0.024014904,-0.013246036
200404,-0.075337441,-0.002492013,-0.004451183,-0.08430451,-0.0324,-0.023529525,-0.009640159,-0.074528352,0.010627313,-0.067157197,,-0.001891505,-0.026,,-0.024450663,-0.003605698,0.006072688,-0.016403475,-0.018921166
200405,0.01460414,0.005621549,0.029061172,0.017215417,0.0131,0.036646857,0.009733996,0.025484465,0.011016416,-0.014793033,,0.024637023,0.036,,0.007991461,0.021109679,0.016767297,0.019884206,0.017123458
200406,0.016666577,0.065217128,0.042722957,0.057395492,0.0543,0.025181319,0.037917821,0.006958354,0.041604886,0.063063235,,0.022194834,0.0324,,0.020540523,0.038393454,0.003957998,0.015723262,0.018501331
200407,-0.013412994,-0.000582914,-0.018750137,-0.000696201,-0.0092,-0.034954815,-0.062538708,0.000987111,-0.03471265,-0.073446339,,-0.062123119,-0.0147,,-0.035310873,-0.062571296,-0.041392999,-0.023529017,-0.032218904
200408,0.022658642,0.003500738,0.0552017,-0.005570895,0.0081,0.002936646,-0.00924723,0.078895441,0.002463395,0.014227961,,0.00771695,0.0273,,0.014275205,0.025485563,0.000685391,0.011413963,0.002436574
200409,0.072378345,0.038371967,0.075787921,0.082632978,0.0773,0.031722558,0.051333731,0.016453214,0.05257993,-0.02805632,,0.02105922,0.1137,,0.035366477,0.088757371,0.019863092,0.023824341,0.010036644
200410,0.0654271,0.061590145,0.068578476,0.064036448,-0.0058,0.049668944,0.045021993,0.00089923,0.062091181,0.02371082,,0.053125092,0.0248,,0.092715267,0.009239057,0.037609118,0.02878137,0.012884899
200411,0.074983457,0.139767646,0.046674592,0.049847777,0.0905,0.053177211,0.078276635,0.083557889,0.075165273,0.038268665,,0.060534171,0.1262,,0.078149903,0.138933623,0.075080838,0.05714305,0.044517092
200412,0.039601636,0.069360902,0.0505969,0.013005222,0.0392,0.034879037,0.059500532,0.025348082,0.073378597,0.063508811,,0.045066453,0.002,,0.062816781,-0.001918982,0.040792254,0.038240206,0.030120779
200501,0.007784126,-0.029539655,-0.022629215,-0.045690954,-0.0225,-0.015494193,-0.047235425,-0.047146823,-0.018359035,-0.030220362,,-0.000543149,-0.0212,,-0.016147541,-0.050095324,-0.037209434,-0.024322833,-0.022420646
200502,0.054070114,0.090420895,0.049063082,0.066666678,0.0855,0.050191243,0.041126663,0.033854432,0.028252819,0.02077452,,0.060869571,0.1262,,0.029081656,0.057257697,0.062801996,0.052691329,0.020904161
200503,-0.043968249,-0.063218474,-0.012086391,0.01420452,-0.0055,-0.020655983,-0.021644977,-0.03358511,-0.001934765,-0.029602225,,-0.035348519,-0.0336,,-0.035534747,-0.033254442,-0.041477197,-0.024219641,-0.018292965
200504,-0.007075516,-0.036371565,-0.031382787,-0.061064334,-0.0343,-0.033498731,-0.043141614,0.046915598,-0.049631851,-0.022878892,,-0.043547509,-0.0352,,-0.029590823,-0.01375883,-0.007113121,-0.012134738,-0.018735018
200505,-0.005344514,0.028649508,-0.015925587,0.027446132,0.0258,0.019255302,0.021387415,0,-0.008568054,-0.012683256,,0,0.0115,,0.002092739,0.016940607,0.003581834,-0.007816501,0.032224469
200506,0.055522187,0.060565465,0.001116212,0.054007071,0.0375,0.00923615,0.003961188,0.03070514,0.013580283,0.001976654,,0.037201636,0.1071,,0.01730304,-0.010289204,-0.011302622,0.011254818,0.001514708
200507,0.018665341,0.034181125,0.045150639,0.058402184,0.0283,0.049500664,0.067644024,0.061191633,0.037758896,0.010848091,,0.020878236,0.0649,,0.043108448,0.058910683,0.04933834,0.007234331,0.038261671
200508,0.026651801,0.08424023,0.015466754,0.061947134,0.0587,0.0134759,0.019007182,-0.009104368,0.014866985,0.085853502,,0.011011763,0.0838,,0.010402114,0.020103219,0.019495181,0.039778642,-0.009374107
200509,0.06057364,0.002974046,0.004201513,0.057352699,-0.0117,0.015252123,0.007253962,0.039816158,0.014263562,0.095238105,,0.004668221,0.018,,0.050083541,0.032538868,0.021372307,0.007438946,0.008025091
200510,-0.056093999,-0.034469959,-0.019351385,-0.072786242,-0.0385,-0.038905902,-0.027777587,-0.069955895,-0.061193343,-0.006562694,,-0.033040719,-0.0715,,-0.03232646,-0.053706116,0.012665158,-0.024261412,-0.023650888
200511,0.018368304,0.022264684,0.019733251,0.052500299,0.0218,0.014028177,0.029629164,0.019794124,0.01133576,0.028901904,,0.049652483,-0.0004,,-0.008762623,0.007973727,0.027732442,0.001621571,0.043952455
200512,0.033484379,0.047049235,0.047345737,0.047483963,0.076,0.039484413,0.04964515,0.007192208,0.044061093,0.089692178,,0.057962135,0.0459,,0.019647362,0.076128704,0.028021833,0.033726309,-0.001913253
200601,0.084529429,0.109097629,0.06715226,0.090410697,0.0151,0.07967671,0.080748437,0.062599053,0.053557293,0.036982352,,0.049212776,0.1209,,0.063864632,0.05726839,0.058519022,0.060817494,0.024014147
200602,-0.026470666,-0.018300586,0.005853998,-0.022613067,-0.0094,-0.014973534,0.004556005,-0.013422323,0.01076074,-0.015691817,,0.017823276,-0.0081,,0.033783934,-0.008749886,-0.008317206,-0.005580546,0.005725281
200603,0.008056385,0.035619074,0.026673052,0.012425048,0.0379,0.057184703,0.045351199,0.019651809,0.024228777,0.043478172,,0.042857465,0.1177,,0.025138292,0.082808061,0.032560803,0.028571482,0.016503669
200604,0.095904388,0.058180722,0.056683894,0.05205244,0.0499,0.037315554,0.048590446,0.060785863,0.053405151,0.02777768,,0.040212307,0.0982,,0.048062914,0.057841559,0.063067274,0.063988013,0.012632088
200605,-0.05196031,-0.066524959,-0.033526807,-0.022525792,-0.0406,-0.020461986,-0.043856323,-0.063592243,-0.011568453,-0.054054101,,-0.044180321,-0.0752,,-0.029246452,-0.070458577,-0.041797826,-0.026573464,-0.030120914
200606,-0.0024035,0.005206688,-0.00416318,-0.022633918,-0.0107,0.009096957,-0.007355953,0.008955603,0.006884727,-0.025714436,,0.002222175,-0.029,,0.019763623,-0.001184673,-0.002345157,0.008141888,0.00260809
200607,0.010120221,0.002265871,0.021830283,0.001262968,-0.0039,0.008347721,-0.001307614,0.015532495,0.005811911,-0.005131895,,0.028381329,0.0406,,0.028125784,-0.011067093,0.034790403,0.026127857,0.004478593
200608,0.02767181,0.005814187,0.041363569,0.0407909,0.066,0.036092393,0.037101592,0.032774941,0.041128464,0.010317081,,0.047002693,-0.0398,,0.033333375,0.035171588,0.029078008,0.021759678,0.021822519
200609,-0.015784604,0.015414167,0.036665048,-0.030303607,0.0304,0.007350903,0.011363408,-0.004231267,-0.004897159,-0.012399658,,0.033772836,-0.0752,,0.047385819,0.048648995,0.017218331,-0.008156014,0.027001267
200610,0.085848785,0.056926002,0.01726323,0.047500319,0.0484,0.021255987,0.04702483,0.036118929,0.03510509,0.019940699,,-0.006772813,0.0884,,0.073279496,0.062224147,0.02343755,0.046139697,0.031516564
200611,0.043440952,0.049670766,0.032284702,0.025059506,0.0601,0.045355933,0.04848935,0.054682297,0.058636958,0,,0.033694369,0.089,,0.050860786,0.042633806,0.038167921,0.028384263,0.019885502
200612,0.025019899,0.054447023,0.044499564,-0.006374294,0.0403,0.031144678,0.039053792,0.057561666,0.014340456,0.036292653,,0.038790577,0.0539,,0.01660289,0.084666596,0.02508309,0.028493662,0.013371256
200701,0.017872405,-0.006488222,0.017570958,0.000790187,0.0338,0.00350557,0.024535509,0.024374855,0.011743516,0.007037509,,0.009502097,0.04,,0.027984803,0.015799406,0.023694956,0.006834983,0.015040337
200702,0.028428271,-0.026122298,-0.022256035,0.005919456,-0.0008,-0.007569161,0.001451471,-0.041488557,-0.016964239,0.03144638,,-0.007906628,-0.0352,,-0.017241109,-0.041475939,-0.025107878,-0.014849491,-0.019617308
200703,0.054877901,0.085778096,0.045133405,0.0258924,0.0443,0.03197424,0.044565117,0.022278804,0.022706566,-0.012872561,,0.077419359,0.0501,,0.041920744,0.067133273,0.025351923,0.036606178,0.011588641
200704,0.04393077,0.042202666,0.044310671,0.061185772,0.071,0.075895409,0.089143262,0.016189258,0.066015003,-0.01990424,,0.081014527,0.0548,,0.004430749,0.10554556,0.066719119,0.032405591,0.044295759
200705,0.029900323,0.016543263,0.009349316,0.084684531,0.0325,0.028269636,0.053184661,0.031249997,-0.005831326,0.022409314,,-0.002606768,0.0222,,0.055408904,-0.01267529,-0.000736069,0.021328105,0.033920377
200706,0.02043003,-0.027933015,-0.012468842,-0.007973538,-0.0192,-0.013360887,0.00181432,0.011289554,-0.02486043,-0.006164578,,-0.008493661,0.0689,,-0.027921857,-0.014750197,-0.027245772,0.006698186,-0.014621372
200707,-0.015103481,-0.052473666,-0.047258332,0,0.0457,-0.039843856,-0.037428339,0.054053791,-0.036952288,-0.005513283,,-0.009885085,-0.0181,,0.00447197,-0.008594581,-0.024224275,-0.033659584,-0.031309849
200708,-0.003566408,-0.017932523,-0.019310651,0.001339642,-0.0097,-0.007051943,0.011288857,0.027870992,0.005949031,-0.02494806,,-0.009650452,-0.0381,,-0.004623495,-0.032438333,-0.002715147,0.002025217,0.012832673
200709,0.137795358,0.009666978,0.027026933,0.094648714,0.0524,0.050532624,0.072248171,0.140455358,0.030159549,0.019189776,,0.076612979,0.147,,0.045931666,0.068786296,0.046285377,0.040015946,0.038714283
200710,0.091852706,0.084042628,0.034210375,0.102352426,0.0313,0.037181768,0.049161164,0.137897777,0.038461935,0.00139459,,0.021847632,0.0417,,0.112992961,-0.025689774,0.024163536,0.057909288,0.013566596
200711,-0.088447186,-0.071147873,-0.066521004,-0.11557608,-0.0664,-0.022060522,-0.018467557,-0.053071297,-0.022112101,-0.020194889,,-0.054367804,-0.0615,,0.002364666,-0.083264201,-0.006896381,-0.058780452,-0.038732485
200712,-0.047470654,-0.006374822,-0.020873525,0.018983174,-0.0211,-0.015981919,0.009937851,-0.015618988,-0.026086858,-0.045622957,,0.001916861,0.0153,,-0.044385082,-0.035470804,-0.039748716,-0.027351346,-0.01126068
200801,-0.067314415,-0.112798418,-0.076639156,-0.057285123,-0.1027,-0.105969044,-0.119638661,-0.088007318,-0.077110053,-0.042889571,,-0.099131977,-0.1862,,-0.100707049,-0.093749755,-0.03924589,-0.079734151,-0.060461002
200802,-0.0126486,0.011919411,0.003106852,0.05713327,0.071,-0.002058455,-0.007051343,-0.07700023,-0.019078836,-0.014937011,,0.004816532,0.1167,,0.002795212,0.040948125,0.018422283,-0.011732771,-0.025842347
200803,-0.029389706,0.015403139,0.048672431,-0.053108343,0.0327,0.029766847,0.017107735,-0.027627237,-0.009054191,-0.012769636,,0.045722542,-0.0123,,0.069860697,0.037957231,0.01769552,-0.015525438,-0.008942706
200804,0.078416158,0.105592133,0.043459903,0.070933865,0.0024,0.043503286,0.037131174,0.083565596,0.058544956,0.073565056,,0.036318944,0.1216,,0.021168962,0.043882904,-0.001932097,0.059369616,0.047662575
200805,0.053635472,0.043583539,-0.034775725,0.078557894,0.0498,0.028524342,0.026009804,-0.00205668,0.00895141,0.019578599,,0.012929343,0.0667,,-0.004464736,0.019108184,0.003097183,-0.002189136,0.015116247
200806,-0.095661151,-0.092622077,-0.164392847,-0.049532266,-0.0634,-0.10789229,-0.088195638,-0.114924935,-0.112563521,-0.074607903,,-0.139071676,-0.0579,,-0.115069315,-0.161445418,-0.06655401,-0.070076812,-0.083575685
200807,-0.060067891,-0.092448836,-0.074894378,-0.054583837,-0.0333,-0.020173977,-0.008831593,-0.014167829,-0.032330014,-0.0376908,,-0.034150316,-0.083,,-0.013303983,-0.010144094,-0.005464694,-0.041023275,-0.008985926
200808,-0.042604541,-0.065169606,-0.001710429,-0.030940858,-0.0538,-0.033576172,-0.061000579,-0.050299369,-0.046467173,-0.049166398,,0.006655469,-0.0558,,-0.062921149,-0.042175892,-0.032121536,-0.033719113,0.015454064
200809,-0.137699445,-0.260236734,-0.211307782,-0.132982255,-0.1986,-0.123238139,-0.127737378,-0.167086846,-0.132500657,-0.065731806,,-0.169008239,-0.2879,,-0.071342754,-0.159259299,-0.081659303,-0.132812603,-0.094173605
200810,-0.270204459,-0.358188544,-0.337436548,-0.271829628,-0.2569,-0.233644996,-0.226778126,-0.211203537,-0.23537628,-0.155722358,,-0.256588743,-0.3095,,-0.237142353,-0.255506535,-0.12648598,-0.19759763,-0.165186701
200811,-0.088725792,-0.128296594,-0.132240498,-0.107925314,-0.0871,-0.056097382,-0.102272595,-0.013436023,-0.057680565,-0.037777575,,-0.077592046,-0.1289,,-0.033286288,-0.062458899,-0.093086648,-0.064371144,-0.069606773
200812,0.097102948,0.10065439,0.119223797,0.039505333,0.0411,0.105824913,0.163270487,0.044968844,0.084692527,0.115408184,,0.108236842,0.0128,,0.150436146,0.092570435,0.117051948,0.008254842,0.009796361
200901,-0.171306534,-0.079877108,-0.064146472,-0.041881613,-0.0481,-0.166746253,-0.193548441,-0.033751528,-0.166564912,-0.120041816,,-0.102547191,0.0255,,-0.172085711,-0.156169725,-0.146170521,-0.093877669,-0.082114103
200902,-0.033591435,-0.15108499,-0.078335425,-0.096407254,-0.0906,-0.098050356,-0.129677383,-0.039920058,-0.139092455,-0.125741611,,-0.121732423,-0.0717,,-0.11526188,-0.039603919,-0.113076401,-0.097297368,-0.107449266
200903,0.193404547,0.208456059,0.065073305,0.090788287,0.0063,0.093451856,0.10971102,0.057172406,0.07483021,0.071913382,,0.059523918,0.082,,0.083724418,0.107851028,0.084757892,0.045908219,0.08331078
200904,0.097087226,0.120422874,0.134663207,0.13851772,0.181,0.113372012,0.154976656,0.167158602,0.188291041,0.077215113,,0.111556932,0.1289,,0.156177202,0.234072877,0.065003105,0.119274718,0.099345767
200905,0.121171066,0.217865051,0.151648373,0.232657798,0.1496,0.145692306,0.118565474,0.194608183,0.139813649,0.101057888,,0.148014365,0.1947,,0.148041423,0.10614839,0.117755926,0.170503126,0.058454004
200906,0.023084365,-0.01743539,-0.018208089,-0.068650493,-0.0193,-0.043306437,-0.041046099,-0.018080378,-0.038327217,0.011861075,,-0.017985782,-0.0457,,0.03147776,-0.003061142,-0.008333604,-0.020401744,-0.000654899
200907,0.126785911,0.084210431,0.087215045,0.129785233,0.0789,0.10454281,0.120133293,0.116448318,0.083744049,0.046659511,,0.139960656,0.0937,,0.125030943,0.187904924,0.105025476,0.084784198,0.074605302
200908,0.07078726,0.161050769,0.098450288,-0.01735533,0.0806,0.077399503,0.038232448,-0.059974058,0.085227187,0.035461042,,0.062535979,0.0244,,0.055236463,0.042272751,0.061829197,0.043265674,0.036939715
200909,0.114948331,0.079193566,0.078008259,0.071488223,0.0286,0.06609185,0.061214667,0.076283139,0.06858642,-0.027397267,,0.082073257,0.1003,,0.047529327,0.010466694,0.045235989,0.037458625,0.035457713
200910,-0.029646451,-0.063810422,-0.033102084,-0.063971211,-0.0274,-0.056603744,-0.053627688,0.000644291,-0.059774484,-0.03923543,,-0.031437379,0.0384,,-0.030981112,0.013379419,-0.015654125,-0.001289832,-0.019225467
200911,0.063839756,0.03407973,0.050158895,0.086373115,0.0357,0.055510364,0.071428501,0.021249118,0.028660622,0.001047271,,0.04018568,0.048,,0.055074068,0.031942056,0.033208837,0.050355142,0.061606644
200912,0.00680045,-0.05129566,-0.029271317,0.025772961,-0.0109,0.004323475,-0.002037634,0.000784875,-0.0003843,0.028021988,,0.019103979,0.0361,,-0.036790246,-0.027758616,0.009586978,0.007345214,0.019101057
201001,-0.076182209,-0.038854816,-0.01567383,-0.071781125,0.03,-0.078143013,-0.093583192,-0.06577245,-0.092773086,0.010267043,,-0.038123294,-0.0474,,-0.103039151,-0.03319166,-0.043576069,-0.047530807,-0.03634276
201002,0.049289059,-0.022872364,-0.00079639,0.060147406,-0.0194,-0.009232114,-0.014257436,0.054682118,-0.040678178,0.010162246,,-0.030995725,-0.0264,,-0.060106632,0.048415686,0.028182106,-0.008425281,0.031194952
201003,0.084462357,0.075122541,0.037450281,0.077190257,0.0615,0.061414723,0.090773078,0.055735487,0.07420488,0.050301965,,0.069743125,0.0597,,0.042963024,0.06591098,0.055276327,0.063398598,0.060879841
201004,-0.023740029,0.000506047,-0.04838716,0.011465243,0.0487,-0.059856599,-0.021947984,-0.038674135,-0.081140078,-0.00478912,,-0.013235537,0.029,,-0.06202665,0.04489969,-0.051082003,-0.021511876,0.015469798
201005,-0.142064757,-0.158906602,-0.091202489,-0.072972042,-0.1201,-0.127334529,-0.104721641,-0.056194266,-0.147971503,-0.084697056,,-0.123199201,-0.1637,,-0.152448133,-0.139464862,-0.106751923,-0.10992459,-0.07945441
201006,-0.047005127,-0.071992035,-0.024551487,-0.043316016,-0.0013,-0.026887992,-0.008902969,0.017404879,-0.01829469,-0.025622963,,-0.016468637,-0.0446,,-0.023584,0.022685092,0.037086685,-0.034821297,-0.05174104
201007,0.135405724,0.191224427,0.127306515,0.071974343,0.1016,0.145194166,0.108498449,0.079214962,0.181884308,0.046739134,,0.1326707,0.1419,,0.240025303,0.142356391,0.061530438,0.145089509,0.068300576
201008,-0.022737625,-0.057174166,-0.043372042,-0.021005256,-0.0604,-0.069196717,-0.068949034,0.003136639,-0.088902624,-0.025960362,,-0.083591289,-0.0552,,-0.067393183,-0.069784765,0.016494233,-0.027940493,-0.044980052
201009,0.127255204,0.149271059,0.136013992,0.073946442,0.1296,0.15059966,0.139306273,0.134458869,0.130551754,0.054371103,,0.14414414,0.1414,,0.104319909,0.19414611,0.057950783,0.093582963,0.089554166
201010,0.030749896,0.069000194,0.054969795,0.031751445,0.0449,0.055440007,0.083181675,0.032524848,0.066071683,0.013144606,,0.026082764,0.0564,,0.056334294,0.007939557,0.030674668,0.04217593,0.038202154
201011,-0.038822906,-0.090175356,-0.117059244,0.014177149,-0.0662,-0.111769435,-0.054553096,0.008542836,-0.15633737,0.024950069,,-0.094484731,-0.0764,,-0.19492311,-0.028424678,-0.034438608,-0.052199362,0
201012,0.109130591,0.169331998,0.06899858,0.068174796,0.099,0.09521262,0.062583289,0.010845702,0.090588435,0.06959434,,0.120073924,0.1798,,0.095219037,0.100810583,0.10435924,0.085714797,0.066852402
201101,-0.022405625,0.009852307,0.021324885,0.009354919,0.0307,0.063394837,0.051378272,0.014270937,0.106837549,0.001833316,,0.029397708,-0.001,,0.139629805,0.032020349,-0.012758996,0.010938138,0.02329993
201102,0.049859097,0.007095158,0.026100242,0.076062422,0.0257,0.032692405,0.032975793,-0.027097457,0.020959858,0.054894268,,0.034085728,0.0706,,0.004298628,-0.008066997,0.037964285,0.045557969,0.034737291
201103,0.019532892,0.030383182,0.025435758,-0.001782034,0.0094,0.00297921,-0.001922938,0.013926053,0.003781689,-0.104943606,,0.026725875,0.0173,,0.008799377,0.025649172,-0.015953389,-0.024509846,0.000120278
201104,0.061983664,0.02222247,0.105599055,0.002677879,0.0476,0.073524005,0.10905582,0.022715099,0.084499382,0.020348888,,0.041215038,0.0635,,0.079679222,0.089051335,0.101226114,0.067001893,0.028961458
201105,-0.054828414,-0.026756012,-0.041666594,-0.023738865,-0.037,-0.028709682,-0.056636512,0.004648794,-0.074938158,-0.024691255,,-0.053333547,-0.045,,-0.05611354,-0.023802578,0.018312072,-0.023548036,-0.011214467
201106,-0.008275856,-0.005624755,-0.039813826,-0.030956929,-0.0469,0.002415383,0.015713043,-0.035237921,-0.03394577,0.024434834,,-0.032580626,-0.0459,,-0.006311124,-0.057711291,-0.042818523,-0.029061343,-0.016869837
201107,-0.032245999,-0.072495737,-0.055279824,-0.023050138,-0.0368,-0.089725024,-0.043510637,0.014578668,-0.103350338,0.026845388,,-0.060296613,-0.0077,,-0.081395601,-0.056639569,-0.010898189,-0.003930241,-0.02000435
201108,-0.034509919,-0.115585109,-0.057764183,-0.033936818,-0.1322,-0.102543881,-0.186625236,-0.060670357,-0.138062209,-0.080298215,,-0.088845159,-0.0785,,-0.071816094,-0.107738473,-0.062690026,-0.07666276,-0.054975722
201109,-0.17584226,-0.196036165,-0.124203927,-0.147206336,-0.1001,-0.156333062,-0.126672909,-0.188101984,-0.127112329,-0.039594117,,-0.112134154,-0.1499,,-0.100194631,-0.140560848,-0.122010431,-0.098290685,-0.069420957
201110,0.183449703,0.064623207,0.055454341,0.107885553,0.0767,0.128609117,0.160372252,0.129797641,0.136363819,-0.006342748,,0.125686411,0.1585,,0.090009359,0.155285122,0.084949119,0.129316175,0.109147326
201111,-0.020218842,-0.077596819,-0.037898147,-0.027620612,0.0166,-0.044651016,-0.026886707,-0.012353399,-0.055555509,0.003191618,,-0.049864712,-0.0386,,-0.066685873,-0.03953308,-0.048510447,-0.016186898,-0.004063774
201112,-0.049224192,-0.019949009,-0.021678932,-0.017665875,-0.0296,-0.037539815,-0.068347157,-0.021173461,-0.046240484,-0.022315977,,-0.00888466,-0.0216,,-0.011736078,-0.014504152,0.012463922,-0.000491058,0.010448556
201201,0.092350804,0.10478191,0.05571277,0.056766833,0.0692,0.062819207,0.109781442,0.092437073,0.080066847,0.048298778,,0.046430662,0.0459,,0.022134139,0.068019037,0.030945862,0.032178271,0.046374152
201202,0.014090453,0.06174424,0.064400647,0.032372654,0.12523704,0.062469883,0.075949477,0.079881575,0.032432287,0.046073061,,0.039933425,0.133562872,,0.007756913,0.095344389,0.044168127,0.050959109,0.043405622
201203,-0.010105057,-0.015587509,0.036974981,-0.023432098,-0.007082485,-0.001809269,0.014378959,-0.043835814,-0.021690362,0.019018913,,0.012799908,-0.029034372,,-0.060295063,-0.013600754,0.027926096,-0.013120436,0.032163911
201204,0.01403638,-0.018879437,-0.022690608,0.000705937,0.01290752,-0.061168965,-0.031786854,0.005730609,-0.08256877,-0.043221994,,-0.042127455,-0.027121076,,-0.111262716,-0.023440114,-0.008389918,0.014450951,-0.006675727
201205,-0.129194805,-0.138423299,-0.092868954,-0.107193292,-0.091213911,-0.104247039,-0.135314945,-0.092877348,-0.156666681,-0.087268975,,-0.109400586,-0.150822006,,-0.179723827,-0.133780381,-0.103545568,-0.113960187,-0.060055691
201206,0.074587293,0.057119946,0.086886185,0.028975235,0.017649013,0.08330555,0.045792492,0.053685706,0.143964264,0.068692843,,0.079166335,0.078462957,,0.194264234,0.087027031,0.058392068,0.07241549,0.040580967
201207,0.060869544,-0.0229327,-0.006944716,0.017414826,0.022743776,-0.004085784,0.020707211,0.021341662,-0.068081448,-0.0446331,,0.0240048,0.023628536,,-0.076209798,0.057864253,0.016150118,0.008594008,0.011829313
201208,0.012511193,0.02916093,0.046328859,0.046025036,0.044476521,0.056923376,0.049975281,0.014328257,0.112903141,0.007786375,,0.040594647,0.055946566,,0.139677023,-0.001101348,0.021048105,0.032866924,0.025052505
201209,0.013634199,0.059433156,0.050960648,0.036000021,0.03949181,0.017952241,0.063619041,0.071218457,0.025575575,0.012140988,,0.01648343,0.045572812,,0.060513272,0.038588826,0.03449744,0.025338848,0.025351431
201210,0.033207164,0.058055978,0.009538829,0,0,0.029075292,0.016393708,0.016483616,0.036575272,-0.011995353,,0.032432458,-0.00070883,,0.024557433,-0.020523812,0.024399948,0.004597577,-0.018198501
201211,0.01586684,0.046855884,0.029921358,-0.013338083,0.014865956,0.038907159,0.025283369,0.032972854,0.022453789,0.029801217,,0.030890403,0.001418266,,0.019386636,0.033598382,0.038904416,0.01144185,0.005659777
201212,0.043120398,0.07550415,0.060513413,0.023802864,0.041015803,0.056848396,0.050169936,0.023205478,0.059914526,0.056269405,,0.043501186,0.030453323,,0.072536192,0.055574871,0.024073313,0.029138877,0.008934454
201301,0.038981805,0.027487671,0.036822919,0.016549327,0.088492609,0.031369195,0.040890657,0.044799304,0.055762036,0.022564059,,0.059482903,0.050859035,,0.037343098,0.061589436,0.070895719,0.029542727,0.051190516
201302,0.029096269,-0.039058485,-0.00974905,-0.022514845,-0.002297844,-0.035347281,-0.040451275,-0.0083788,-0.12394364,0.024072574,,-0.068108349,-0.02256374,,-0.047467314,0.008733663,0.002090349,-0.027070818,0.012758211
201303,0.005952416,-0.042316117,-0.002813153,0.010276378,-0.004895048,-0.011077887,-0.008106901,-0.013916255,-0.051447023,0.057786239,,0.016790193,-0.016058887,,-0.053511508,0.005256479,0.020862214,0.016694579,0.037971755
201304,0.039201325,0.045348887,0.033145322,-0.017186841,0.036747805,0.056872148,0.040866393,0.031249814,0.114406697,0.083333484,,0.033997069,0.001020032,,0.102119977,0.019686388,0.038828476,0.028461794,0.019212129
201305,-0.131316698,-0.008898838,-0.007508403,-0.010349813,0.002232398,0.019160228,0.026697923,-0.037145544,0.012167599,-0.073504255,,0.026303549,0.007133205,,-0.031420202,-0.012066325,-0.025245896,-0.001064422,0.023609722
201306,-0.052919578,-0.073588693,-0.037558264,-0.04595007,-0.044834248,-0.044821624,-0.038817582,-0.047740892,-0.094528501,0.03953371,,-0.033923041,-0.09038782,,-0.06649691,-0.05846864,-0.015785704,-0.045192669,-0.013344334
201307,0.030115099,0.076354958,0.069016284,0.056596664,0.091253993,0.092234864,0.065586761,0.0441901,0.100762055,0,,0.100480553,0.089729325,,0.129649408,0.110365627,0.041884949,0.063986542,0.051677267
201308,0.009458156,0.02459921,-0.013049647,-0.008686403,0.006945783,-0.020816823,-0.025075811,-0.017241378,0.003076954,-0.031194576,,-0.016164131,-0.039468977,,-0.025575452,-0.03474319,-0.016750542,-0.007450893,-0.029992812
201309,0.076235332,0.078726964,0.070981554,0.033588809,0.073229359,0.078218957,0.083787853,0.064858957,0.082822013,0.096596175,,0.056838393,0.032589217,,0.14009204,0.071987455,0.065758222,0.052010921,0.031646574
201310,0.055401492,0.035714439,0.045483982,0.037089432,0.031149421,0.03794649,0.055016255,0.016475415,0.109773493,-0.000839016,,0.051260584,0.069982827,,0.085179993,-0.001751742,0.029731375,0.037206649,0.046306676
201311,-0.049118755,0.011994131,0.000621387,-0.009196144,0.03644244,0.001075238,0.041922264,0.019154967,-0.02169753,0.012594691,,0.009991988,-0.015068984,,-0.001591155,0.0061422,0.002173216,0.00786265,0.029637713
201312,-0.014159463,-0.014931426,0.043239428,0.016231483,0.041337046,0.023234646,0.038927237,0.001713984,0.023645071,0.014242411,,0.029620337,0.010735943,0.001899904,0.040938642,0.048555865,0.021995093,0.030279242,0.025926487
201401,-0.054575352,-0.015648704,-0.037217867,-0.042180987,0.015111269,-0.055184548,-0.060768478,-0.071844879,-0.003207043,-0.066721464,,-0.062090429,-0.052410129,0.000632184,-0.01788947,-0.047725325,-0.030009163,-0.046455947,-0.035248343
201402,0.082899467,0.045128279,0.087452371,0.044754821,0.1162433,0.080729213,0.063023805,0.055439712,0.068211159,0.024712854,,0.056743507,0.071013917,0.102337419,0.047782561,0.069460584,0.069375044,0.067805015,0.04551582
201403,0.036873578,-0.0191363,0.011655305,0.012679861,-0.027652391,0.00516361,-0.011352839,-0.019821705,0.066867416,-0.024116857,,0.01634254,0.002550311,0.041260567,0.027966894,0.003562675,0.003506656,-0.031514282,0.008295411
201404,0.022419614,0.014006891,0.013248728,0.033502607,0.026623479,0.028767183,0.010526297,0.025278268,0.01863352,-0.022065477,,-0.016079756,0.047058958,0.00275167,0.028676432,0.006826806,0.020093418,0.045167307,0.006951637
201405,0.004158887,-0.009866838,0.003979606,0.005238994,0.034381187,0.005326214,0.014520084,0.046843846,-0.019955801,0.045126342,,0.00856021,0.029760077,-0.030186389,0.019775807,0.003254914,0.006565626,0.009758143,0.023206221
201406,-0.001300165,0.001930755,-0.013260709,0.056999253,0.017224099,-0.014606523,-0.007136773,0.009487171,-0.003152944,0.046823795,,0.00583331,-0.003859999,-0.029994425,0.014009307,-0.019120928,-0.00433816,0.008069015,0.020644967
201407,0.01760417,-0.087844509,-0.026744316,-0.001552319,-0.034054498,-0.065866099,-0.068094718,0.05363987,-0.059838683,-0.003322153,,-0.058203388,-0.053175334,-0.104434143,-0.044605499,-0.033163229,-0.044289007,-0.023946423,-0.013437562
201408,0.021436698,-0.018476998,0.016129281,0.021766213,-0.014803241,0.012486098,-0.007890155,-0.007272539,-0.022643971,-0.016666919,,0.020323778,0.026957661,-0.029967349,-0.009533129,-0.001759195,0.025304842,0.007850932,0.039463477
201409,-0.118556626,-0.080433752,-0.040564532,-0.066037786,-0.032028609,-0.036996777,-0.042185429,-0.069139428,-0.017532702,-0.002542103,,-0.018699388,-0.057812504,-0.069174006,-0.039980122,-0.02819367,-0.033303593,-0.056474948,-0.013796077
201410,0.062238748,-0.001860802,-0.015318592,-0.025089608,0.006536207,-0.037664691,-0.016967492,0.062961326,-0.050350724,0.024638711,,-0.015741488,-0.091210672,-0.086580048,-0.027763497,-0.00513764,-0.004306407,-0.01909202,0.023550677
201411,-0.070782476,0.014294478,0.037336666,0.000668553,-0.005073249,0.029745479,0.057289767,0.003239512,-0.001342078,-0.036484256,,0.04840058,-0.087226323,-0.039494529,0.020888341,0.018529903,0.025332219,0.001051867,0.027472055
201412,-0.03122,-0.0653,-0.02375,-0.02241,-0.04148,-0.05461,-0.04793,-0.04386,-0.07959,-0.02694,,-0.03684,-0.06109,-0.13349,-0.076,-0.04847,-0.04519,-0.03361,-0.00254
201501,-0.01128,-0.04414,0.02037,-0.08385,0.00702,0.01217,0.02335,0.05501,0.00809,0.02224,,0.00335,-0.00343,0.00194,-0.05775,0.02431,0.00189,0.00055,-0.02963
201502,0.08029,0.12267,0.04961,0.05976,0.0784,0.06212,0.05882,0.00185,0.08534,0.07485,,0.06669,0.0379,0.11509,0.07171,0.07028,0.04945,0.05876,0.0562
201503,-0.03463,-0.03192,-0.02651,-0.02998,0.02881,-0.01962,0.00471,0.01013,-0.00538,0.01457,,-0.01211,-0.05892,0,-0.00543,-0.03571,-0.0033,-0.05707,-0.01571
201504,0.02012,0.06975,0.03316,0.07138,0.05048,0.04542,-0.00737,0.08482,0.03176,0.02634,,0.03283,0.12875,0.06331,0.03278,0.01613,0.04005,0.06663,0.00983
201505,-0.03345,-0.00593,0.0212,-0.04602,0.00762,-0.00847,-0.01722,-0.00462,0.01899,0.01477,,0.01762,-0.03945,-0.03018,-0.03062,-0.00176,0.0249,0.00625,0.01286
201506,-0.04448,-0.04327,-0.00955,-0.03257,-0.01754,-0.02837,-0.02557,-0.03481,-0.02603,-0.01341,,-0.0217,-0.03533,-0.05046,-0.02092,-0.03168,-0.05294,-0.03866,-0.02031
201507,-0.00523,0.03151,0.03569,-0.04199,0.04888,0.04081,0.01614,-0.01463,0.03962,0.00937,,0.03153,-0.02659,-0.00886,0.02116,0.0085,0.04122,0.01589,0.02259
201508,-0.10851,-0.05009,-0.05781,-0.0501,-0.04342,-0.06572,-0.07024,-0.1327,-0.04393,-0.06265,,-0.0766,-0.08062,-0.06077,-0.06509,-0.05306,-0.06686,-0.07983,-0.06095
201509,-0.03914,-0.03666,-0.02832,-0.05233,-0.01741,-0.03797,-0.06074,-0.0083,-0.03243,-0.05693,,-0.04373,-0.0666,-0.03996,-0.07399,-0.04318,-0.03865,-0.03927,-0.02552
201510,0.0558,0.06676,0.06315,0.03478,-0.00113,0.07146,0.0958,0.0727,0.03422,0.07787,,0.06838,0.05596,0.06938,0.06035,0.03858,0.03857,0.06589,0.08506
201511,0.00899,-0.01564,0.01485,-0.02227,0.04058,-0.02326,0.00516,-0.02048,-0.02836,0.00487,,-0.0108,0.00146,-0.05561,-0.0318,0.00398,-0.0277,-0.0166,0.00366
201512,0.02124,-0.00147,0.02108,-0.06351,0.01325,-0.03539,-0.0389,-0.00269,-0.04224,-0.01383,,-0.03006,-0.07222,0.03652,-0.05471,-0.03513,0.00486,-0.04166,-0.01728
201601,-0.06962,-0.08754,-0.04983,-0.02744,-0.03098,-0.038,-0.07102,-0.09334,-0.12154,-0.05115,,-0.01971,-0.04389,-0.05143,-0.06756,-0.06203,-0.06057,-0.04833,-0.04979
201602,-0.02041,-0.0098,-0.04604,0.03443,-0.02254,-0.02533,-0.03987,0.00668,-0.06545,-0.05304,,-0.02696,0.01383,-0.06674,-0.05008,0.00256,-0.02846,-0.03125,-0.00083
201603,0.11806,0.11174,0.0788,0.09616,0.06843,0.0652,0.10146,0.09287,0.08156,0.04775,,0.08179,0.07038,0.13296,0.08546,0.07325,0.04942,0.05376,0.06727
201604,0.03157,0.03308,0.01472,0.07128,0.01292,0.02357,0.01943,0.00051,0.0418,0.00088,,0.00488,0.08614,0.01479,0.06107,0.02649,0.0296,0.04018,0.00394
201605,-0.02408,-0.05049,0.01953,-0.03622,0.02323,-0.00202,-0.01144,-0.00152,-0.04406,0.0324,,0.00769,-0.02722,-0.01846,-0.03121,-0.02249,-0.00229,-0.01165,0.01701
201606,0.01419,-0.06429,-0.02278,0.00916,-0.04432,-0.05024,-0.04988,0.01145,-0.08174,-0.01691,,-0.0572,-0.00254,-0.06832,-0.08744,-0.0378,-0.00332,-0.0228,0.00348
201607,0.07404,0.06987,0.02541,0.02978,0.03396,0.04722,0.06653,0.06742,0.03134,0.0487,,0.04017,-0.00592,0.06695,0.05124,0.02486,0.01889,0.01496,0.03647
201608,-0.03207,0.02968,0.00055,0.00277,-0.01537,-0.00334,0.02183,0.00622,0.00894,0.01824,,0.03156,0.00794,0.00398,0.00914,0.01891,-0.00099,0.0109,0.0012
201609,0.03363,0.04548,0.03797,0.01501,-0.01473,0.01215,0.00229,0.0466,-0.02391,0.02117,,0.00886,0.06059,-0.01885,0.01208,0.01786,0.01226,0.00444,0.00006
201610,-0.02967,0.00735,-0.0509,-0.01323,-0.0479,-0.00455,-0.0137,-0.01999,0.02359,0.00718,,-0.02314,-0.00836,-0.00404,0.02349,-0.05263,-0.05041,-0.05303,-0.01734
201611,0.00789,-0.02129,-0.04302,0.02604,-0.07528,-0.02495,-0.04168,-0.01854,-0.0359,-0.01247,,-0.03881,-0.00094,-0.06396,-0.08306,-0.00182,-0.02275,0.002,0.03684
201612,0.0162,0.03086,0.03169,0.01543,0.04362,0.0558,0.06682,-0.06996,0.12343,-0.00923,,0.03962,0.03054,0.05317,0.08042,0.04529,0.03979,0.03509,0.02027
201701,0.04993,0.05566,0.01713,0.03939,0.05668,0.01378,0.0389,0.07957,-0.01941,0.035,,0.02443,0.05517,-0.00967,0.03659,0.06161,0.04311,0.02476,0.01789
201702,0.03343,-0.00287,0.00337,-0.01803,-0.00668,-0.004,0.00036,0.02758,-0.00379,0.01305,,0.0287,-0.02091,0.02603,-0.00655,-0.00623,0.01009,0.01463,0.03929
201703,0.03007,0.04425,0.0498,0.00712,0.03513,0.06423,0.04469,0.02962,0.08837,0.00527,,0.05344,-0.02314,0.08457,0.11392,0.04157,0.03028,0.02006,0.00125
201704,-0.00663,0.07815,0.03625,-0.02307,0.07383,0.05696,0.03235,0.02921,0.02758,0.00699,,0.04737,0.00592,0.01267,0.04965,0.04878,0.0394,0.0169,0.00993
201705,-0.04319,0.08014,0.0427,-0.00381,0.05194,0.04889,0.04515,0.03275,0.05369,0.02757,,0.04879,0.02627,0.11261,0.04543,0.02839,0.05084,0.04562,0.01411
201706,0.03062,0.01872,-0.01666,0.03126,0.01413,-0.00468,-0.00536,0.00739,0.01543,0.01324,,-0.00577,-0.00459,-0.02682,-0.00664,0.01857,0.00313,-0.01574,0.00637
201707,0.04705,0.0758,0.06126,0.0426,0.05074,0.02364,0.01454,0.03628,0.0705,0.02069,,0.06256,0.11357,0.04533,0.03928,0.00678,0.00466,0.0237,0.02055
201708,-0.0022,0.0035,-0.00866,-0.00108,0.02825,0.00883,0.00163,0.01689,0.01781,-0.00091,,-0.00325,0.01991,0.0119,-0.01231,0.01669,-0.00464,-0.00821,0.00292
201709,-0.00927,0.02137,0.02766,0.03839,0.00295,0.0404,0.05429,0,0.03533,0.01828,,0.02448,0.03785,0.05294,0.00089,0.03341,0.02099,0.02985,0.02015
201710,0.01159,0.01836,0.0085,-0.00518,0.00751,0.01586,0.01973,-0.00041,-0.01276,0.05277,,0.00988,0.00115,-0.00399,0.00296,-0.00836,-0.01427,0.00603,0.02356
201711,0.00308,0.00755,-0.01311,0.00521,-0.02967,-0.00096,0.00514,0.03971,0.00162,0.02148,,-0.00536,-0.03834,-0.02564,-0.00591,-0.03654,0.01303,-0.00114,0.03057
201712,0.04258,0.03343,0.00986,0.0373,0.02685,-0.00144,-0.00412,0.01881,-0.01297,0.00696,,0.01205,0.03638,0.00765,-0.00866,-0.00117,0.01715,0.04213,0.01213
201801,0.0259,0.08563,0.08421,0.0081,0.03151,0.06758,0.06027,0.04642,0.10972,0.05023,,0.05799,0.0593,0.0656,0.08666,0.06254,0.04469,0.03741,0.05636
201802,-0.03997,-0.05794,-0.04212,-0.06995,-0.02123,-0.05101,-0.07369,-0.03835,-0.06128,-0.02971,,-0.05243,-0.01939,-0.04893,-0.07751,-0.0583,-0.06053,-0.06701,-0.03636
201803,-0.03506,0.00635,-0.02199,-0.00828,0.00659,-0.00727,-0.01203,-0.01056,0.01388,-0.00639,,0.00503,0.01157,0.01743,-0.01035,-0.01297,-0.01575,0.00231,-0.02741
201804,0.00772,-0.00592,-0.02529,0.02068,-0.02577,0.04076,0.01311,0.0158,0.04417,-0.00066,,0.005,0.03357,0.02121,0.02307,-0.01882,-0.0096,0.04317,0.00517
201805,0.01713,-0.05831,-0.03075,0.02169,-0.01345,-0.02632,-0.02526,0.01089,-0.09771,-0.01484,,-0.02428,-0.00393,0.0008,-0.08268,-0.01339,-0.02262,-0.00607,0.02431
201806,0.02122,-0.02542,-0.00669,-0.00023,-0.01857,-0.02104,-0.02987,-0.05391,-0.01946,-0.02313,,-0.01116,0.00542,0.01277,0.01002,-0.01501,0.00362,-0.01188,0.00575
201807,0.01371,0.05077,0.03608,0.02455,0.06229,0.03932,0.04436,0.02272,0.03392,0.01071,,0.03966,0.01922,0.02049,0.0402,0.05965,0.06507,0.00949,0.03705
201808,-0.01876,-0.04202,-0.04071,-0.01404,-0.00398,-0.02207,-0.03449,-0.02464,-0.09274,-0.0053,,-0.02144,-0.01851,-0.0417,-0.0586,-0.01423,0.00202,-0.04386,0.03192
201809,-0.01645,0.00351,-0.01994,-0.00069,-0.04482,0.01193,-0.01621,-0.00952,0.02066,0.03452,,-0.02738,0.05946,-0.02014,-0.0037,0.02981,-0.0023,0.01638,0.00595
201810,-0.06872,-0.0743,-0.09129,-0.07887,-0.10252,-0.09493,-0.08373,-0.10661,-0.09436,-0.08949,,-0.07983,-0.09001,-0.08635,-0.06484,-0.10542,-0.04583,-0.0677,-0.0691
201811,0.00971,-0.02455,0.01607,0.0049,0.00811,-0.01162,-0.01505,0.08002,0.01357,0.00912,,0.0234,-0.05228,-0.0189,0.02925,-0.00681,0.00332,-0.01195,0.01855
201812,-0.03879,-0.09957,-0.07148,-0.08556,-0.02379,-0.0512,-0.05551,-0.01052,-0.03416,-0.07691,,-0.07046,-0.07937,-0.03196,-0.04109,-0.03096,-0.05089,-0.04582,-0.08805
201901,0.06961,0.08715,0.08201,0.12896,0.04154,0.06146,0.0568,0.0957,0.08096,0.07082,,0.07719,0.07979,0.07044,0.06861,0.05595,0.05711,0.07291,0.08007
201902,0.03351,0.00752,0.01753,0.02957,0.04918,0.04263,0.01904,0.04569,0.03745,0.00147,,0.04624,0.01566,0.00185,0.01465,0.0114,0.03751,0.0343,0.03242
201903,0.01128,-0.01094,0.02279,-0.00754,0.01562,0.00409,-0.01392,0.01353,0.02357,0.00662,,0.00843,-0.0083,0.00093,-0.01616,0.00199,0.02314,0.01351,0.0181
201904,0.01162,0.06787,0.03859,0.03292,0.01967,0.04818,0.06984,0.0103,0.01799,0.01279,,0.06189,0.02313,0.02403,0.04789,0.06585,0.02347,0.02272,0.04085
201905,0.00138,-0.08192,-0.06489,-0.04273,-0.04853,-0.06118,-0.06528,-0.06873,-0.08307,-0.04872,,-0.06585,-0.05768,-0.05235,-0.06137,-0.09407,-0.00663,-0.06132,-0.06377
201906,0.05499,0.04586,0.04584,0.05674,0.04491,0.08321,0.07051,0.0688,0.09909,0.0447,,0.06566,0.03621,0.03079,0.04168,0.09063,0.06593,0.04596,0.06959
201907,-0.00577,-0.0262,0.03273,-0.00804,-0.03671,-0.02806,-0.04385,-0.0398,-0.01887,-0.00421,,-0.00032,-0.04471,-0.02854,-0.05085,-0.05285,-0.01038,-0.02413,0.01512
201908,-0.03257,-0.02535,-0.02219,-0.00704,0.01182,-0.01007,-0.02125,-0.08089,-0.00444,-0.00791,,-0.00746,-0.03306,-0.03232,-0.02624,-0.03047,0.00807,-0.03805,-0.01674
201909,0.02629,0.02229,0.01999,0.02519,0.00049,0.02204,0.02514,-0.00613,0.02453,0.0523,,0.02484,0.03375,0.02429,0.04192,0.0399,0.00614,0.03593,0.01946
201910,0.01258,0.06438,0.01271,-0.00415,0.03123,0.03616,0.06094,0.04758,0.04715,0.03419,,0.01977,0.00086,0.05435,0.0273,0.07029,0.02334,0.035,0.0221
201911,0.01332,-0.00976,0.01935,0.02953,0.04033,0.01377,0.01366,-0.01009,0.00069,0.01278,,0.01939,0.00343,0.00937,-0.00804,0.00635,0.00829,0.0123,0.0362
201912,0.01185,0.03041,0.03541,0.02235,0.05664,0.03539,0.01589,0.04251,0.02829,0.0087,,0.04297,0.08206,0.03957,0.0436,0.05035,0.04473,0.05405,0.02906
202001,-0.01678,-0.03894,-0.03455,-0.00736,0.00566,-0.04005,-0.02959,-0.05836,-0.02441,-0.02515,,-0.03455,-0.07194,-0.00809,-0.03147,-0.02705,0.00246,-0.04282,-0.0004
202002,-0.09614,-0.09355,-0.10373,-0.0701,-0.05373,-0.07866,-0.08097,0.00262,-0.05351,-0.08294,,-0.06883,-0.09979,-0.08522,-0.06141,-0.05092,-0.0702,-0.10233,-0.07917
202003,-0.22763,-0.27649,-0.16204,-0.20805,-0.08333,-0.18977,-0.18078,-0.13191,-0.23752,-0.06741,,-0.14619,-0.25262,-0.18434,-0.22708,-0.15767,-0.06653,-0.18498,-0.12487
202004,0.09653,0.0984,0.07044,0.11121,0.09341,0.04437,0.09777,0.06068,0.0183,0.04799,,0.09504,0.11967,0.06683,0.02215,0.07229,0.04299,0.05737,0.12698
202005,0.05986,0.01944,0.04065,0.03542,0.09761,0.05923,0.09372,-0.06194,0.06194,0.07052,,0.07941,0.0813,0.06492,0.04574,0.10022,0.03877,0.01901,0.04765
202006,0.08302,0.01771,0.03407,0.03988,0.02733,0.06444,0.06227,0.09789,0.08352,-0.00098,,0.07123,0.01294,0.01316,0.04395,0.03239,0.03367,0.01647,0.01773
202007,0.03321,-0.00602,0.04053,0.05526,0.08238,0.01933,0.04205,-0.01217,0.02699,-0.01074,,0.03821,0.08008,0.02481,0.00801,0.0898,0.0403,0.0066,0.05889
202008,0.0442,0.04916,0.025,0.05126,0.05292,0.04687,0.06549,0.07532,0.04084,0.06792,,0.04064,0.08439,0.02421,0.02253,0.05405,0.02961,0.02738,0.0698
202009,-0.05147,-0.06098,-0.0329,-0.04528,0.00822,-0.04511,-0.03223,-0.03436,-0.05284,0.0181,,-0.01443,-0.07152,-0.07708,-0.06004,-0.01065,-0.01582,-0.04317,-0.03744
202010,0.00254,-0.02666,-0.07331,-0.03429,-0.02516,-0.04545,-0.09784,-0.01916,-0.0644,-0.01405,,-0.02498,-0.07219,-0.05791,-0.03447,-0.04333,-0.05211,-0.04512,-0.02493
202011,0.14922,0.26896,0.21519,0.14394,0.10384,0.21822,0.16286,0.10651,0.25208,0.1056,,0.14576,0.22298,0.20213,0.27416,0.15187,0.09247,0.16105,0.10878
202012,0.06309,0.10878,0.03101,0.03112,0.072,0.02876,0.05278,0.04518,0.0393,0.05335,,0.06591,0.08525,0.08799,0.02797,0.03057,0.05111,0.0483,0.03705
202101,-0.00835,0.04589,-0.01274,-0.00778,-0.03995,-0.02616,-0.00976,0.01705,-0.03702,-0.00844,,0.02371,-0.00239,-0.03182,-0.03772,0.02236,-0.01455,-0.00239,-0.01019
202102,0.032,0.02459,-0.00155,0.05131,0.00651,0.04569,0.01748,0.04988,0.05538,0.01836,,0.04017,0.04075,0.01408,0.03882,0.03269,-0.01817,0.03936,0.02781
202103,0.01142,0.03247,0.05274,0.05844,0.02704,0.02834,0.04467,0.01026,0.05314,0.0044,,0.04839,0.06411,0.02593,0.01332,0.06045,0.02267,0.03095,0.0454
202104,0.04397,0.05561,0.0609,0.04582,0.07009,0.06173,0.03529,0.02596,0.00317,-0.01605,,0.0416,0.03499,0.02076,0.05586,0.04174,0.04705,0.03897,0.05291
202105,0.03323,0.08938,0.05093,0.06347,0.04235,0.05408,0.03351,0.03044,0.06011,0.01721,,0.02975,0.02963,0.0893,0.06293,0.04416,0.05271,0.03873,0.00657
202106,-0.01476,-0.04116,-0.01796,-0.00977,0.00796,-0.01817,-0.01655,-0.03564,-0.02171,-0.0079,,-0.01469,-0.02649,-0.07646,-0.0623,-0.02037,0.01642,-0.01585,0.02243
202107,-0.00808,0.01585,-0.00363,0.00161,0.03718,0.01295,-0.00231,-0.02395,0.00309,-0.00637,,0.03117,-0.01234,-0.02708,-0.02252,0.04332,0.03311,0.00275,0.02441
202108,0.00582,0.03901,0.01366,0.00027,0.02541,0.00861,0.01246,-0.01189,0.01416,0.01922,,0.05985,0.02712,0.05844,0.01188,-0.01033,0.01194,0.00671,0.02976
